id,tag,section,category,aliases,sources
tag_d93f6a51f3,100% Completion Bonus,SFW,Format,100% Completion Reward,VNDB
tag_8227ad9754,1001 Nights,SFW,Theme,,VNDB
tag_5b54e10472,19th Century,SFW,Theme,1800s|Nineteenth Century|Victorian Era,VNDB
tag_9dd2802487,20's,SFW,Theme,,VNDB
tag_fcccb46de7,2000s,SFW,Theme,00s,VNDB
tag_a96568dc60,2010s,SFW,Theme,The '10s|Twenty-tens,VNDB
tag_6c895fd976,2020s,SFW,Theme,The '20s,VNDB
tag_b741849b90,2030s,SFW,Theme,'30s|The '30s,VNDB
tag_3c25ec54cc,20th Century,SFW,Theme,,VNDB
tag_d8044de18d,21st Century,SFW,Theme,,VNDB
tag_2c0b6e563f,30's,SFW,Theme,,VNDB
tag_55fac25c11,3d,NSFW,Sexual,3D,E-Hentai
tag_a6cc8ae86a,3D Graphics,SFW,Format,,VNDB
tag_8673a6e6ef,3d Imageset,NSFW,Sexual,3D图片集|3d imageset,E-Hentai
tag_12c5ccd4da,4-Koma,SFW,Format,4 koma,MangaDex
tag_b8ed128093,40's,SFW,Theme,,VNDB
tag_29e37a9afb,50's,SFW,Theme,,VNDB
tag_4e19547664,60's,SFW,Theme,,VNDB
tag_491e806874,70's,SFW,Theme,,VNDB
tag_d0e4986e7d,80's,SFW,Theme,,VNDB
tag_6b987fc9f2,90's,SFW,Theme,Nineties,VNDB
tag_4808d65f51,Abortion,NSFW,Character,abortion|堕胎,E-Hentai|NHentai
tag_c2214b2b09,Absorption,NSFW,Character,absorption|吸收,E-Hentai|NHentai
tag_2b109dff61,Absurdist Comedy,SFW,Genre,Bizarre Comedy|Comedic Nonsense|Nonsensical Humor|Surreal Comedy,VNDB
tag_69a7cda85c,Absurdist Humour,SFW,Theme,absurdist humour,Kitsu
tag_6e373659f3,Achievements,SFW,Format,Trophies,VNDB
tag_70966c0342,Achromatic,SFW,Theme,,AniList
tag_54d2953387,Achronological Order,SFW,Theme,,AniList
tag_17c6eb9052,Acrobatics,SFW,Theme,,AniList
tag_d9fc177907,Acting,SFW,Theme,,AniList
tag_418c5509e2,Action,SFW,Genre,,CinemaTaxonomy|Kitsu|MangaDex|MangaUpdates|VNDB
tag_8fed31895e,Action Game,SFW,Format,,VNDB
tag_430d8a8469,Actor Hero,SFW,Character,,VNDB
tag_e9e58a9d52,Actor/Actress Protagonist,SFW,Character,,VNDB
tag_0904f6f178,Actress Heroine,SFW,Character,,VNDB
tag_7278ff6867,Adaptation,SFW,Format,Based on Another Work,MangaDex|VNDB
tag_b6077cff5d,Addict Hero,SFW,Character,Addicted Hero|Junkie Hero,VNDB
tag_4b7458c874,Addict Heroine,SFW,Character,Junkie Heroine,VNDB
tag_4af785d540,Addict Protagonist,SFW,Character,Junkie Protagonist,VNDB
tag_81e82b79df,Additional Eyes,NSFW,Character,additional eyes|多眼,E-Hentai
tag_319495d3f4,Adoption,SFW,Theme,,AniList
tag_2e85a22d0f,Adult,NSFW,Genre,,MangaUpdates
tag_60985e32bb,Adult Breast Sucking,NSFW,Body,Adult Breast Feeding|Adult Breastfeeding|Adult Nursing|Adult Suckling|Erotic Lactation,VNDB
tag_ef88d508db,Adult Hero,SFW,Character,Seinen Hero,VNDB
tag_f39ac33d4c,Adult Heroine,SFW,Character,Josei Heroine|Jousei Heroine,VNDB
tag_cc8883b008,Adult Protagonist,SFW,Character,,VNDB
tag_4acedbc1e8,Adv,SFW,Format,ADV|AVG|Part-screen Textbox,VNDB
tag_7d934addc0,Adventitious Mouth,NSFW,Character,adventitious mouth|畸位口,E-Hentai|NHentai
tag_1cc6c5421a,Adventitious Penis,NSFW,Body,adventitious penis|畸位阴茎,E-Hentai|NHentai
tag_a111bb3498,Adventitious Vagina,NSFW,Body,adventitious vagina|畸位阴道,E-Hentai|NHentai
tag_7cb4872d41,Adventure,SFW,Genre,,CinemaTaxonomy|Kitsu|MangaDex|MangaUpdates
tag_f4f52c274b,Africa,SFW,Theme,,Kitsu
tag_91ad2d462b,Afro,NSFW,Character,afro|爆炸头,E-Hentai|NHentai
tag_c15634e44c,Afterlife,SFW,Theme,Spiritual Realm,AniList|VNDB
tag_31d2697676,Age Gap,SFW,Theme,,AniList
tag_a34e9e3734,Age Progression,NSFW,Character,age progression|年龄增长,E-Hentai|NHentai
tag_33f0146260,Age Regression,NSFW,Character,age regression|返老还童,AniList|E-Hentai|NHentai
tag_d456ff2a51,Agender,SFW,Theme,,AniList
tag_f8ea9e07f5,Agriculture,SFW,Theme,,AniList
tag_95f7711cfd,Ahegao,NSFW,Fetish,Ahe Gao|Ahe-gao|Ahegaokin|Fucked silly|Sloppy face sex|ahegao|アヘ顔|阿黑颜,E-Hentai|Kitsu|NHentai|VNDB
tag_989adf8f94,Ai Generated,NSFW,Sexual,AI生成|ai generated,E-Hentai
tag_d9db8bca97,AI-generated Assets,SFW,Format,ai generated assets,VNDB
tag_25cb61fe0a,AI-generated Graphics,SFW,Format,AI-generated Art|Artificial Intelligence Art|ai generated graphics,VNDB
tag_dc435242e8,AI-generated Music,SFW,Format,ai generated music,VNDB
tag_bfd8b47a67,AI-generated Story,SFW,Format,ai generated story,VNDB
tag_5443e6aa61,AI Hero,SFW,Character,Artificial Intelligence Hero,VNDB
tag_82db053aa2,AI Heroine,SFW,Character,Artificial Intelligence Heroine,VNDB
tag_7ca885c6b4,AI Protagonist,SFW,Character,Artificial Intelligence Protagonist,VNDB
tag_76b3e8f8f7,Air Force,SFW,Theme,air force,Kitsu
tag_6681c4945a,Airhead Hero,SFW,Character,Ditz Hero|Idiot Hero|Stupid Hero,VNDB
tag_a266d55429,Airhead Heroine,SFW,Character,Ditz Heroine|Idiot Heroine|Stupid Heroine,VNDB
tag_d7445e8fa4,Airhead Protagonist,SFW,Character,,VNDB
tag_45ea37a8b0,Airplane,SFW,Theme,Aeroplane|Fixed-wing aircraft,VNDB
tag_2bb5d126d7,Airplane Combat,SFW,Theme,Dog Fight|Dogfight,VNDB
tag_e5f9063e1e,Airsoft,SFW,Theme,,AniList
tag_cbe7855c7a,Albino,NSFW,Character,albino|白化,E-Hentai|NHentai
tag_a756b5e434,Albino Hero,SFW,Character,,VNDB
tag_4d88800de1,Albino Heroine,SFW,Character,,VNDB
tag_7b0624e092,Albino Protagonist,SFW,Character,,VNDB
tag_a6c674204c,Alchemy,SFW,Theme,,AniList|VNDB
tag_200835bcb8,Alcoholism,SFW,Theme,alcohol abuse,VNDB
tag_273910799e,Alien,NSFW,Character,alien|外星人👽,E-Hentai|Kitsu|NHentai
tag_60a9304ada,Alien Girl,NSFW,Character,alien girl|外星女👽,E-Hentai|NHentai
tag_ecbc043e2f,Alien Hero,SFW,Character,Extraterrestrial Hero,VNDB
tag_bbdae826eb,Alien Heroine,SFW,Character,Extraterrestrial Heroine,VNDB
tag_4f017c438c,Alien Protagonist,SFW,Character,Extraterrestrial Protagonist,VNDB
tag_32d0f9f324,Aliens,SFW,Theme,,AniList|MangaDex
tag_96bd97206f,All-boys School,SFW,Setting,all boys school,VNDB
tag_1d9ef0c2ff,All-girls School,SFW,Setting,All Girls School|all girls school,Kitsu|VNDB
tag_07c2611c1a,All Just a Dream,SFW,Theme,All Just a Hallucination|Dream Reveal|Dream Twist Ending|Dying Dream|Only A Dream,VNDB
tag_05f888c9b8,All the Way Through,NSFW,Sexual,All-the-Way Through|all the way through|消化道贯穿,E-Hentai|NHentai|VNDB
tag_2be3d042b5,Already Uploaded,NSFW,Sexual,already uploaded|已上传,E-Hentai
tag_9827a4b670,Alternate Dimensions,SFW,Theme,Alternative Reality|Parallel Universe,VNDB
tag_bc991d1016,Alternate Starting Point,SFW,Format,,VNDB
tag_25b29b7467,Alternate Universe,SFW,Theme,,AniList
tag_3c4ede888f,Alternative Past,SFW,Theme,alternative past,Kitsu
tag_31911560d6,Alternative Present,SFW,Theme,alternative present,Kitsu
tag_b440d314c7,Ambient Sounds,SFW,Format,Ambient Effects|Atmospheric Sounds|Environmental Sounds,VNDB
tag_41b56f1679,Americas,SFW,Theme,,Kitsu
tag_d4c72e84ff,Amnesia,SFW,Story,Memory Loss,AniList|VNDB
tag_5da3a053ae,Amnesiac Hero,SFW,Character,Hero with Memory Loss,VNDB
tag_6afb20ff5e,Amnesiac Heroine,SFW,Character,Heroine with Memory Loss,VNDB
tag_c66b04ad11,Amnesiac Protagonist,SFW,Character,,VNDB
tag_c4a317a734,Amphibians,SFW,Theme,,VNDB
tag_9566f7087c,Amputation,SFW,Theme,,AniList
tag_d62232c8d4,Amputee,NSFW,Character,amputee|截肢,E-Hentai|NHentai
tag_749b2e3ab5,Amusement Park,SFW,Theme,Theme Park,VNDB
tag_75f5782e6b,Anachronism,SFW,Theme,,AniList
tag_f9c62d5a98,Anaglyph,NSFW,Sexual,anaglyph|红蓝3D,E-Hentai
tag_347341c085,Anal,NSFW,Acts,anal|爆肛,E-Hentai|NHentai
tag_cdb867fc37,Anal Birth,NSFW,Acts,anal birth|肛门出产,E-Hentai|NHentai
tag_caf076132c,Anal Egg Laying,NSFW,Acts,Anal Oviparity,VNDB
tag_1eae7445f2,Anal Fingering,NSFW,Acts,,VNDB
tag_80bee69005,Anal Fisting,NSFW,Acts,,VNDB
tag_0c7e77ef4a,Anal Gaping,NSFW,Acts,,VNDB
tag_11049cd19f,Anal Intercourse,NSFW,Acts,anal intercourse|肛交,E-Hentai|NHentai
tag_db010236be,Anal Liquid Expulsion,NSFW,Acts,Enema Expulsion,VNDB
tag_5491409248,Anal Masturbation,NSFW,Acts,Self Prostate Massage,VNDB
tag_a1a82f5ee0,Anal Monster Birth,NSFW,Fetish,Anal Birthing Monsters|Anal Birthing Non-Human Creatures|Anal Viviparous Monster Birth,VNDB
tag_659298f0c9,Anal Multiple Fisting,NSFW,Acts,,VNDB
tag_9e1cfc4dec,Anal Multiple Objects Insertion,NSFW,Acts,,VNDB
tag_1668d58d8a,Anal Multiple Penetration,NSFW,Acts,,VNDB
tag_82a113d89f,Anal Multiple Tentacle Penetration,NSFW,Fetish,,VNDB
tag_d3de36c9b1,Anal Object Expulsion,NSFW,Acts,Anal Grapeshot|Anal Object Explosion|Object Expulsion (anal),VNDB
tag_767dff1a7d,Anal Object Insertion,NSFW,Acts,,VNDB
tag_b9e5a23d5e,Anal Penetration,NSFW,Acts,,VNDB
tag_73b9c00342,Anal Plug Tail,NSFW,Body,Anal Tail|Butt Plug Tail,VNDB
tag_1302dc1bf8,Anal Prolapse,NSFW,Acts,anal prolapse|脱肛,E-Hentai|NHentai
tag_bf5b983e2c,Anal Rape,NSFW,Acts,,VNDB
tag_1893596d37,Anal Sex,NSFW,Acts,Anal Intercourse|Ass Fucking|Buttsex|Fudge Packing,VNDB
tag_89a416ebbc,Anal Toys,NSFW,Acts,anal beads|anal probe|anal vibrator|butt plug,VNDB
tag_2815935952,Anal Vore,NSFW,Paraphilic/Fetish,Anal Unbirthing,VNDB
tag_fdcef94fde,Analphagia,NSFW,Acts,analphagia|肛门吞食,E-Hentai|NHentai
tag_e512623d1a,Ancient China,SFW,Theme,,AniList
tag_01db2f8750,Ancient Rome,SFW,Theme,Ancient Roman Empire|Ancient Roman Kingdom|Ancient Roman Republic,VNDB
tag_123243158c,Androgynous Hero,SFW,Character,Bishonen Hero|Bishounen Hero,VNDB
tag_d07b124495,Androgynous Heroine,SFW,Character,Bifauxnen Heroine,VNDB
tag_f2e322cc0c,Androgynous Protagonist,SFW,Character,,VNDB
tag_c31b32364c,Android,SFW,Theme,,Kitsu
tag_2e17223c10,Androphobic Heroine,SFW,Character,Heroine with Androphobia,VNDB
tag_f4f068e71e,Angel,SFW,Character,angel|天使,E-Hentai|Kitsu|NHentai
tag_ee275e2f6a,Angel Hero,SFW,Character,,VNDB
tag_e0217c0e3e,Angel Heroine,SFW,Character,,VNDB
tag_88da741cea,Angel Protagonist,SFW,Character,Tenshi Protagonist,VNDB
tag_82a7c395a8,Angels,SFW,Character,,AniList|VNDB
tag_270fc93ebe,Angst,SFW,Theme,,Kitsu
tag_38fefd6b24,Anilingus,NSFW,Sexual,Anal–oral sex|Rim job|Rimming,VNDB
tag_60f04b9d1a,Animal Cosplay,SFW,Theme,Animalistic Cosplay,VNDB
tag_0331f62843,Animal Cruelty,SFW,Theme,Animal Abuse|Animal Neglect,VNDB
tag_04dedd4f58,Animal on Animal,NSFW,Character,animal on animal|兽兽,E-Hentai|NHentai
tag_660097ed81,Animal on Furry,NSFW,Character,animal on furry|兽毛,E-Hentai|NHentai
tag_44c75d375e,Animal Protagonist,SFW,Character,Protagonist Trapped in the Body of an Animal,VNDB
tag_a723e3dfb4,Animals,SFW,Theme,,AniList|MangaDex|VNDB
tag_1182af033a,Animated,NSFW,Sexual,animated|动图,E-Hentai|NHentai
tag_76a36d39ba,Animated Ending,SFW,Format,Animated ED|Ending Animation|Ending Video,VNDB
tag_6f1c25ed15,Animation,SFW,Genre,,CinemaTaxonomy
tag_11a5da8346,Animation Toggle,SFW,Format,Animation On/Off,VNDB
tag_f17e387dfc,Anime Influenced,SFW,Theme,anime influenced,Kitsu
tag_da64e5cd73,Anime-looking 3D,SFW,Format,Anime-style 3D|Cartoon-looking 3D|Cartoon-style 3D|Koikatsu Graphics|anime looking 3d,VNDB
tag_117c084177,Animegao,NSFW,Character,animegao|头壳,E-Hentai|NHentai
tag_280cf0358f,Announcer Hero,SFW,Character,News Presenter Hero|Sports presenter Hero|Television Presenter Hero|Weather Presenter Hero,VNDB
tag_a081c7be8a,Announcer Heroine,SFW,Character,News presenter|Sports presenter|Television presenter|Weather presenter,VNDB
tag_9c8c0dd7a0,Anorexic,NSFW,Character,anorexic|瘦骨嶙峋,E-Hentai|NHentai
tag_c1a6990f42,Anthology,NSFW,Format,Compilation of Stories|Multiple Stories|Omnibus|Story Collection|anthology|选集,CinemaTaxonomy|E-Hentai|MangaDex|NHentai|VNDB
tag_6409b4ea86,Anthropomorphism,SFW,Theme,,AniList|Kitsu
tag_4fafe4d20f,Anthropomorphized Inanimate Object,SFW,Theme,Gijinka|Humanization|擬人化,VNDB
tag_080cf078ee,Anti-Hero,SFW,Character,Dark Hero|Pragmatic MC|anti hero,AniList|ManhwaTaxonomy
tag_1afa3ccd84,Anti War,SFW,Theme,anti war,Kitsu
tag_9f804100b2,Antihero Protagonist,SFW,Character,antiheroine protagonist,VNDB
tag_649d02fc08,Apartment Building,SFW,Theme,,VNDB
tag_c076339d65,Apocalypse,SFW,Setting,Armageddon|Cataclysm|Doomsday|End of the World|Post-Apocalyptic|Ragnarok|World End,ManhwaTaxonomy|VNDB
tag_315b2fc7e4,Apparel Bukkake,NSFW,Character,apparel bukkake|穿衣颜射,E-Hentai|NHentai
tag_cc5540f3b4,April Fool's,SFW,Format,April Fools,VNDB
tag_c700b30405,Apron,NSFW,Appearance,apron|围裙,E-Hentai|NHentai
tag_362e115fe5,Aquarium,SFW,Theme,Water Zoo,VNDB
tag_abd192a8f8,Arabian-Style Palace,SFW,Theme,Middle Eastern Style Palace|arabian style palace,VNDB
tag_2ececd0e63,Arcade,SFW,Theme,Amusement Arcade|Game Center|Gaming Center|Video Arcade,VNDB
tag_56c79c07ff,Archaeology,SFW,Theme,Anthropology|Archeology,VNDB
tag_c5d99ca145,Archer Hero,SFW,Character,Bowman Hero,VNDB
tag_5d9dfcd381,Archer Heroine,SFW,Character,Bowman Heroine,VNDB
tag_519c965f02,Archery,SFW,Theme,,AniList
tag_43153c89ed,Archery Club,SFW,Theme,,VNDB
tag_2ffb0a8987,Arcology,SFW,Theme,,VNDB
tag_f2f645b7cf,Arena,SFW,Theme,Amphitheatre,VNDB
tag_b50f10bbbc,Arkanoid Game,SFW,Format,Breakout,VNDB
tag_8fd32f3d34,Armbinder,NSFW,Sexual,Monoglove,VNDB
tag_c4859930b4,Armpit Licking,NSFW,Sexual,armpit licking|腋下舔,E-Hentai|NHentai|VNDB
tag_d8ad8f5094,Armpit Sex,NSFW,Acts,Axillary Intercourse|Bag-piping|Pit-job|armpit sex|腋交,E-Hentai|NHentai|VNDB
tag_7279b727fc,Aromantic,SFW,Theme,,AniList
tag_3132317f9f,Arranged Marriage,SFW,Relationship,Political Marriage|Pre-Arranged Marriage,AniList|ManhwaTaxonomy|VNDB
tag_4f342a9dbd,Arrogant Hero,SFW,Character,Aloof Hero|Class-conscious Hero|Elitist Hero|Immodest Hero|Snob Hero|Stuck-up Hero|Takabi Hero,VNDB
tag_f1a3abbcc0,Arrogant Heroine,SFW,Character,Class-conscious Heroine|Elitist Heroine|Immodest Heroine|Snob Heroine|Takabi Heroine,VNDB
tag_d6ff9479ef,Arrogant Protagonist,SFW,Character,Class-conscious Protagonist|Elitist Protagonist|Immodest Protagonist|Snob Protagonist|Takabi Protagonist,VNDB
tag_5c0225e12c,Artbook,NSFW,Sexual,artbook|画集,E-Hentai|NHentai
tag_2dd0692ccb,Artificial Intelligence,SFW,Theme,AI,AniList|VNDB
tag_97434460fe,Artist Hero,SFW,Character,,VNDB
tag_e63b8b787c,Artist Heroine,SFW,Character,,VNDB
tag_a230ab8389,Artist Protagonist,SFW,Character,,VNDB
tag_7f9bd2eb24,Asexual,SFW,Theme,,AniList
tag_9e9d5668fd,Asexual Characters,SFW,Theme,,VNDB
tag_cffe819d44,Asia,SFW,Theme,,Kitsu|VNDB
tag_a55ca10e2f,Asian-style Castle,SFW,Theme,asian style castle,VNDB
tag_6bb9958554,Asian-style Manor,SFW,Theme,Asian-style Mansion|asian style manor,VNDB
tag_e1549ad482,Asian-style Palace,SFW,Theme,asian style palace,VNDB
tag_df310853a9,Asphyxiation,NSFW,Character,asphyxiation|窒息,E-Hentai|NHentai
tag_4586bf68de,Ass Expansion,NSFW,Character,ass expansion|臀部膨胀,E-Hentai|NHentai
tag_6b357488d1,Ass To Mouth,NSFW,Sexual,A2M|ATM,VNDB
tag_adafff23fe,Assassin,SFW,Theme,,Kitsu
tag_4d930eb0bf,Assassin Hero,SFW,Character,Hitman Hero|Killer-for-hire Hero|Trained Killer Hero,VNDB
tag_a93fc317d5,Assassin Heroine,SFW,Character,Hitman Heroine|Killer-for-hire Heroine|Trained Killer Heroine,VNDB
tag_0ae1bfa2f1,Assassin Protagonist,SFW,Character,Contract Killer Protagonist|Hired Killer Protagonist|Hitman Protagonist|Killer-for-hire Protagonist|Professional Killer Protagonist|Trained Killer Protagonist,VNDB
tag_83fd8d4d64,Assassins,SFW,Theme,,AniList
tag_8b9c6cab49,Assjob,NSFW,Character,assjob|尻交,E-Hentai|NHentai
tag_27e15e728c,Astronomy,SFW,Theme,,AniList|VNDB
tag_77e26c57a6,Astronomy Club,SFW,Theme,Cosmology Club,VNDB
tag_05bafba4bd,Athlete Hero,SFW,Character,Athletic Hero|Sporty Hero,VNDB
tag_dc6678a88d,Athlete Heroine,SFW,Character,Athletic Heroine,VNDB
tag_54a04a0684,Athlete Protagonist,SFW,Character,Sportsman Protagonist|Sportswoman Protagonist|Sporty Protagonist,VNDB
tag_cd66f33d0b,Athletics,SFW,Theme,,AniList
tag_e3103f3125,Athletics Festival,SFW,Theme,School Sports Festival,VNDB
tag_6fbc1cf35b,Attempted Rape,NSFW,Situation,,VNDB
tag_c0af8aa18f,Attempted Suicide,SFW,Theme,Failed Suicide Attempt,VNDB
tag_3f07c0296b,Augmented Reality,SFW,Theme,,AniList
tag_3824bbe9ba,Aunt,NSFW,Character,aunt|阿姨,E-Hentai|NHentai
tag_51fdf2110b,Aunt/Nephew Incest,NSFW,Relationship,,VNDB
tag_261c655558,Aunt/Niece Incest,NSFW,Relationship,,VNDB
tag_fb2a54d637,Australia,SFW,Theme,,VNDB
tag_1478dcd5d6,Author Commentary Mode,SFW,Format,Commentary Track|Staff Commentary Mode,VNDB
tag_f3b97e8026,Autistic Hero,SFW,Character,Hero with Autism,VNDB
tag_d8b5efc3bd,Autistic Heroine,SFW,Character,Heroine with Autism,VNDB
tag_6380093f38,Autistic Protagonist,SFW,Character,Protagonist with Autism,VNDB
tag_86e7725991,Auto Battler,SFW,Format,Auto Chess,VNDB
tag_f6adfdf6de,Auto-Boobjob,NSFW,Sexual,Auto-Titfuck|Self Boobjob|Self Titfuck|auto boobjob,VNDB
tag_be22fce4a4,Autobiographical,SFW,Theme,,AniList
tag_aab36344bb,Autobukkake,NSFW,Sexual,Autofacial|Self Bukkake|Self Facial,VNDB
tag_4c831e217f,Autocunnilingus,NSFW,Acts,Auto Pussy Licking|Auto-cunnilingus,VNDB
tag_25937f894b,Autofellatio,NSFW,Acts,Auto-fellatio|Self Blowjob|Sellfsuck|autofellatio|自吹,E-Hentai|NHentai|VNDB
tag_1f3c93d510,Autopaizuri,NSFW,Acts,autopaizuri|自乳交,E-Hentai|NHentai
tag_9a88b23b4b,Autopenetration,NSFW,Acts,Auto-Penetration|Self Penetration,VNDB
tag_096fbfddbd,Autosave Only,SFW,Format,No Save Slots,VNDB
tag_3a4b5f2f80,Autumn,SFW,Theme,Fall Season,VNDB
tag_ad43d263c6,Aviation,SFW,Theme,,AniList
tag_d7de7fd5f5,Avoidable Death of Hero (obsolete),SFW,Character,,VNDB
tag_8a18937b07,Avoidable Death of Heroine (obsolete),SFW,Character,,VNDB
tag_db709cfcd6,Avoidable Death of Protagonist (obsolete),SFW,Character,,VNDB
tag_e6ac8b4252,Avoidable Netorare (obsolete),NSFW,Fetish,Avoidable NTR|Avoidable stealing of heroine from protagonist,VNDB
tag_a596b5dcbf,Avoidable Rape,NSFW,Situation,,VNDB
tag_de71059d0b,Awakened,SFW,Theme,Awakening|Esper,ManhwaTaxonomy
tag_c76c3e3251,Award Winning,SFW,Format,,MangaDex
tag_4307cf1c53,Axe Combat,SFW,Theme,Combat with Axes,VNDB
tag_aa627cd0b0,Axis Powers Hetalia,SFW,Theme,APH,VNDB
tag_fd2469812a,Babysitting,SFW,Theme,childminding,VNDB
tag_030a50ae0d,Back Skip Function,SFW,Format,Skip Backward,VNDB
tag_1a4e9656d4,Background Moans,NSFW,Sexual,Background Groaning|Background Voices|Erotic Voices,VNDB
tag_f3b806e037,Backlog Jump,SFW,Format,Jump Back Function|Quick Rewind,VNDB
tag_12737793a7,Bad Ending(s),SFW,Format,Bad Endings,VNDB
tag_9d55f2848c,Bad Endings with Story,SFW,Format,,VNDB
tag_8ebda118a2,Bad True End,SFW,Format,Bad One True End,VNDB
tag_019b0b2711,Badminton,SFW,Theme,,AniList|VNDB
tag_7f7f1fb3f4,Baker Hero,SFW,Character,Pastry Chef Hero|Patissier Hero|Pâtissier Hero,VNDB
tag_40c490213f,Baker Heroine,SFW,Character,Patissiere Heroine|Pâtissière Heroine,VNDB
tag_0f9135f39e,Baker Protagonist,SFW,Character,Pastry chef|Patissier Protagonist,VNDB
tag_e0fbb3ae1b,Bakumatsu Era,SFW,Theme,Late Tokugawa Shogunate,VNDB
tag_3676700f93,Bakumatsu   Meiji Period,SFW,Theme,bakumatsu meiji period,Kitsu
tag_ff9bb8d91e,Bald,NSFW,Character,bald|秃顶,E-Hentai|NHentai
tag_7b14d5a0a7,Bald Hero,SFW,Character,,VNDB
tag_d78d70f50c,Bald Heroine,SFW,Character,,VNDB
tag_e20b981a81,Bald Protagonist,SFW,Character,,VNDB
tag_721b4700fc,Ball Caressing,NSFW,Character,ball caressing|揉蛋,E-Hentai
tag_38a35b5eb1,Ball-cupping,NSFW,Sexual,Ball-cradling|Ball-fondling|ball cupping,VNDB
tag_77c9c024a9,Ball Less Shemale,NSFW,Character,ball-less shemale|无蛋人妖,E-Hentai
tag_450d37e236,Ball Sucking,NSFW,Character,ball sucking|吸球,E-Hentai|NHentai
tag_a0106227d1,Ballbusting,NSFW,Sexual,Ball-Busting,VNDB
tag_8f24ad116b,Balljob,NSFW,Sexual,balljob|球交,E-Hentai|NHentai|VNDB
tag_b0250a77c6,Balls Expansion,NSFW,Character,balls expansion|睾丸生长,E-Hentai|NHentai
tag_963e1bbcf6,Balls Sucking,NSFW,Sexual,Balls Licking|Tea Bag,VNDB
tag_574ff46990,Band,SFW,Theme,,AniList
tag_b4f13dc730,Bandages,NSFW,Character,bandages|绷带,E-Hentai|NHentai
tag_b2b8b2d59f,Bandaid,NSFW,Character,bandaid|创可贴,E-Hentai|NHentai
tag_37b51d194a,Bar,SFW,Theme,Pub|Tavern,AniList|VNDB
tag_4a9ebbf550,Bara,NSFW,Sexual,Mens' Love|薔薇,VNDB
tag_b2b86d6660,Barmaid Heroine,SFW,Character,alewife heroine|barkeep heroine|bartender heroine,VNDB
tag_a1aaca044c,Bartender Hero,SFW,Character,Barkeep Hero,VNDB
tag_b06176fa9d,Bartender Protagonist,SFW,Character,,VNDB
tag_276f8db0b8,Baseball,SFW,Theme,,AniList|Kitsu|VNDB
tag_2ade7509a9,Baseball Club,SFW,Theme,,VNDB
tag_679f269de9,Based on a Light Novel,SFW,Format,Based on an LN,VNDB
tag_bc0e5aca9d,Based on a Manga,SFW,Format,Manga Adaptation,VNDB
tag_a52be46371,Based on a Movie,SFW,Format,Based on a Feature Film,VNDB
tag_2034e32d6a,Based on a TV Show,SFW,Format,Based on a Television Program|Based on a Television Show,VNDB
tag_cc33e92c8f,Based on a Video Game,SFW,Format,,VNDB
tag_5948852248,Based on a Web Novel,SFW,Format,Based on a Web Serial,VNDB
tag_1bd7fdd77e,Based on Actual Events,SFW,Theme,Based on a True Story,VNDB
tag_5f369b1791,Based on an Anime,SFW,Format,,VNDB
tag_5b386ca176,Based on Audio Drama,SFW,Format,Based on Radio Drama|Based on Voice Drama,VNDB
tag_98fb02868e,Based on Theatre,SFW,Format,Based on a Ballet|Based on a Opera|Based on a Play|Based on a Stage Production,VNDB
tag_d0199f51d2,Basketball,SFW,Theme,,AniList|Kitsu|VNDB
tag_f8debcb3e5,Bat Boy,NSFW,Character,bat boy|蝙蝠男,E-Hentai
tag_7661ac7ef9,Bat Girl,NSFW,Character,bat girl|蝙蝠娘,E-Hentai|NHentai
tag_418fc89505,Bathroom Sex,NSFW,Acts,,VNDB
tag_2365c7537a,Battle of Wits,SFW,Theme,,VNDB
tag_2b1914f4af,Battle Royale,SFW,Theme,Game of Murder|battle royale,AniList|Kitsu|VNDB
tag_14e56e9228,Bbm,NSFW,Character,bbm|胖男人,E-Hentai|NHentai
tag_823ef2e603,Bbw,NSFW,Character,bbw|胖女人,E-Hentai|NHentai
tag_2047a58fb1,Bdsm,NSFW,Fetish,BDSM|bdsm|调教,E-Hentai|NHentai|VNDB
tag_7193529abb,Beach,SFW,Theme,,VNDB
tag_893b56e3cf,Bear,NSFW,Character,bear|熊🐻,E-Hentai|NHentai
tag_e8d416c161,Bear Boy,NSFW,Character,bear boy|狗熊男,E-Hentai
tag_e701ae746e,Bear Girl,NSFW,Character,bear girl|狗熊娘,E-Hentai|NHentai
tag_b6f5ff35f8,Beast Tamer,SFW,Character,Familiar Master|Monster Tamer,ManhwaTaxonomy
tag_12d8332e97,Beat 'em Up,SFW,Format,Brawler,VNDB
tag_51861ff45b,Beautician Hero,SFW,Character,Cosmetician Hero|Hair Stylist Hero|Makeup Artist Hero,VNDB
tag_6c86b2599f,Beauty Mark,NSFW,Character,beauty mark|美人痣,E-Hentai|NHentai
tag_df961bdf29,Beauty Pageant,SFW,Theme,Beauty Contest,VNDB
tag_d1c646a6a1,Bee Boy,NSFW,Character,bee boy|蜂男,E-Hentai
tag_43a2d29812,Bee Girl,NSFW,Character,bee girl|蜂女,E-Hentai|NHentai
tag_4e0d5d8cd9,Being in Heat,NSFW,Sexual,Estrus cycle,VNDB
tag_865f95d2de,Bellyjob,NSFW,Sexual,,VNDB
tag_c4ee0396be,Bestiality,NSFW,Sexual,Zoophilia|bestiality|兽交,E-Hentai|NHentai|VNDB
tag_c5d3d16553,Betrayal,SFW,Story,Backstabbing|Betrayed by Comrades,ManhwaTaxonomy|VNDB
tag_306f9790ff,Big Areolae,NSFW,Character,big areolae|大乳晕,E-Hentai|NHentai
tag_1f34ae320b,Big Ass,NSFW,Character,big ass|大屁股,E-Hentai|NHentai
tag_947fb2496e,Big Ass Hero,SFW,Character,Fat Ass Hero,VNDB
tag_1a9aa1a567,Big Ass Heroine,SFW,Character,Fat Ass Heroine,VNDB
tag_7d6c9e0f1c,Big Ass Protagonist,SFW,Character,Fat Ass Protagonist,VNDB
tag_be00b7cfad,Big Balls,NSFW,Character,big balls|大睾丸,E-Hentai|NHentai
tag_99f7fd8f14,Big Breast Sizes Heroine,SFW,Character,,VNDB
tag_e82dc1ba79,Big Breast Sizes Protagonist,SFW,Character,,VNDB
tag_e25acf0d40,Big Breasts,NSFW,Body,big breasts|巨乳,E-Hentai|NHentai
tag_9c949a3b91,Big Clit,NSFW,Character,big clit|大阴蒂,E-Hentai|NHentai
tag_b3d851bb5d,Big Lips,NSFW,Character,big lips|大嘴唇💋,E-Hentai|NHentai
tag_4d198bd066,Big Muscles,NSFW,Character,big muscles|大肌肉,E-Hentai|NHentai
tag_d77a3b5f92,Big Nipples,NSFW,Body,big nipples|大乳头,E-Hentai|NHentai
tag_9bcf14cdfd,Big Penis,NSFW,Body,big penis|大根,E-Hentai|NHentai
tag_5a6e7f743e,Big Vagina,NSFW,Body,big vagina|大阴道,E-Hentai|NHentai
tag_fa26aa08d6,Bike Shorts,NSFW,Body,bike shorts|自行车短裤,E-Hentai|NHentai
tag_e5d4ad9a64,Bikini,NSFW,Character,bikini|比基尼👙,E-Hentai|NHentai
tag_2d9c95ce90,Bimbofication,NSFW,Sexual,Bimboification|Gangurofication|Gyarufication|Gyaruka|ギャル化,VNDB
tag_0a1860d3e6,Binaural Audio,SFW,Format,Binaural Voice Acting|Dummy Head Recording,VNDB
tag_d3c4496e10,Biological Weapon,SFW,Theme,Bacterial Weapon|Biological Warfare|Bioterrorism|Bioweapon|Virus Creation,VNDB
tag_59cf4de74f,Biopic,SFW,Genre,,CinemaTaxonomy
tag_c889597efe,Bird Boy,NSFW,Character,bird boy|鸟男,E-Hentai
tag_5c8c41c1e9,Bird Girl,NSFW,Character,bird girl|鸟娘,E-Hentai
tag_75c73f175a,Birds,SFW,Theme,,VNDB
tag_a3e2a6cbf4,Birth,NSFW,Sexual,Birthing|Calving|Whelping|birth,NHentai|VNDB
tag_cf673f7ee8,Birthday,SFW,Theme,,VNDB
tag_0ea8238608,Birthrate Decline,SFW,Theme,,VNDB
tag_242fb4d858,Bisexual,NSFW,Acts,bisexual|双性恋,AniList|E-Hentai|NHentai
tag_d9aadfe2b4,Bisexual Hero,SFW,Character,,VNDB
tag_d5477ae055,Bisexual Heroine,SFW,Character,,VNDB
tag_1c834dfc14,Bisexual Protagonist,SFW,Character,,VNDB
tag_fd3e14bcda,Bishoujo Senshi Sailor Moon,SFW,Theme,Pretty Soldier Sailor Moon|美少女戦士セーラームーン,VNDB
tag_892159c489,Bishounen,SFW,Demographic,,Kitsu
tag_39e581a674,Bite Mark,NSFW,Character,bite mark|咬痕,E-Hentai
tag_cbe370e60f,Black and White,SFW,Format,B&W|B/W|Black-and-white|Greyscale|Monochrome,VNDB
tag_4ae6ddb65c,Black Comedy,SFW,Genre,Black Humour|Dark Comedy|Dark Humour|Gallows Humour,VNDB
tag_0afa75ab74,Blackjack,SFW,Format,,VNDB
tag_c6178eeda6,Blackmail,NSFW,Character,Coercion|Extortion|blackmail|要挟,AniList|E-Hentai|Kitsu|NHentai|VNDB
tag_60feaa82f9,Bleep Censor,SFW,Format,Bleeping,VNDB
tag_6013221752,Blind,NSFW,Character,blind|失明,E-Hentai|NHentai
tag_83395a8ef1,Blind Choices,SFW,Format,,VNDB
tag_269b7f1ab6,Blind Date,SFW,Theme,,VNDB
tag_157703001a,Blind Hero,SFW,Character,,VNDB
tag_e35d4d7add,Blind Heroine,SFW,Character,,VNDB
tag_e7a7680dcc,Blind Protagonist,SFW,Character,,VNDB
tag_f3180f1818,Blindfold,NSFW,Character,blindfold|遮眼布,E-Hentai|NHentai
tag_6b157916b4,Blood,NSFW,Character,blood|血液,E-Hentai|NHentai
tag_907e963c30,Blood-related Aunt/Nephew Incest,NSFW,Relationship,blood related aunt/nephew incest,VNDB
tag_64bb63c4f6,Blood-related Brother/Brother Incest,NSFW,Relationship,blood related brother/brother incest,VNDB
tag_318eb59019,Blood-related Brother/Sister Incest,NSFW,Relationship,blood related brother/sister incest,VNDB
tag_e3227f5522,Blood-related Cousin Incest,NSFW,Relationship,blood related cousin incest,VNDB
tag_ebb3fccf03,Blood-related Father/Daughter Incest,NSFW,Relationship,blood related father/daughter incest,VNDB
tag_0ffd9104ba,Blood-related Father/Son Incest,NSFW,Relationship,blood related father/son incest,VNDB
tag_4ad2aa80f5,Blood-related Grandmother/Grandson Incest,NSFW,Relationship,blood related grandmother/grandson incest,VNDB
tag_b43c0cc9d2,Blood-related Incest,NSFW,Relationship,blood related incest,VNDB
tag_8801c7923e,Blood-related Mother/Daughter Incest,NSFW,Relationship,blood related mother/daughter incest,VNDB
tag_1cb3337e3a,Blood-related Mother/Son Incest,NSFW,Relationship,blood related mother/son incest,VNDB
tag_f99208d41c,Blood-related Sister/Sister Incest,NSFW,Relationship,blood related sister/sister incest,VNDB
tag_854340f0b0,Blood-related Uncle/Niece Incest,NSFW,Relationship,blood related uncle/niece incest|niece/uncle incest,VNDB
tag_d472014a6d,Bloodplay,NSFW,Sexual,Blood Fetish|Blood Play,VNDB
tag_2c1b894c38,Bloody Scenes,SFW,Theme,,VNDB
tag_a9169d265b,Bloomers,NSFW,Character,bloomers|布鲁马,E-Hentai|NHentai
tag_ed29074c66,Blowbang,NSFW,Sexual,gangsuck|lineup,VNDB
tag_353cb78f7a,Blowbang (One Mouth Multiple Penises),NSFW,Body,,VNDB
tag_cf9a879316,Blowjob,NSFW,Sexual,BJ|Blow job|Fellatio|Fellation|Giving head|Sucking off|blowjob|口交,E-Hentai|NHentai|VNDB
tag_a261a045b5,Blowjob Duck Face,NSFW,Sexual,Blowjob Face|Fellagao|Hyottoko,VNDB
tag_09973a5b63,Blowjob Face,NSFW,Character,blowjob face|口交颜,E-Hentai|NHentai
tag_a5adfa8e6a,Board Game,SFW,Format,,AniList|VNDB
tag_c8efff0251,Boarding House,SFW,Theme,Bed & Breakfast|Guest House|Pension,VNDB
tag_1b3a34bfe4,Boarding School,SFW,Setting,,AniList|VNDB
tag_c063dbd806,Body Aesthetics,SFW,Theme,,VNDB
tag_6c1fa10be5,Body Fluid Tube,NSFW,Body,Fluid Tube|Scat Tube,VNDB
tag_bf8eb08b1e,Body Food,NSFW,Body,Nyotaimori|女体盛り,VNDB
tag_8379e14a6c,Body Hair Option,SFW,Format,,VNDB
tag_4c26d749e2,Body Horror,SFW,Genre,Biological Horror,AniList|CinemaTaxonomy|VNDB
tag_67bd91fec3,Body Image,SFW,Theme,,AniList
tag_a716296a34,Body Modification,NSFW,Body,body modification|身体改造,E-Hentai|NHentai
tag_3b2230c644,Body of Water,SFW,Theme,Lake|Ocean|Sea|Waterbody,VNDB
tag_a3eae16bfb,Body Painting,NSFW,Body,body painting|身体绘画,E-Hentai|NHentai
tag_7e6564c84f,Body Piercing,SFW,Theme,,VNDB
tag_94762a1ce5,Body Smell Fetish,NSFW,Fetish,Body Odour Fetish|Olfactophilia|Osmolagnia|Osphresiolagnia,VNDB
tag_3542f93165,Body Swap,NSFW,Body,body swap|换身,E-Hentai|NHentai
tag_c3ba4b17f1,Body Swapped Sex,NSFW,Body,,VNDB
tag_7a176ff6f5,Body Swapping,SFW,Theme,Body Switch|Body Switching|Exchanging Spirits|Soul Swapping,AniList|VNDB
tag_996d8c9fe1,Body Writing,NSFW,Body,body writing|writing on body|身体写作,E-Hentai|NHentai|VNDB
tag_123b4fea3b,Bodyguard Hero,SFW,Character,,VNDB
tag_5b9bb77fef,Bodyguard Heroine,SFW,Character,Guardian Heroine|Protector Heroine|Security Guard Heroine,VNDB
tag_07edbc6b2b,Bodyguard Protagonist,SFW,Character,Guardian Protagonist|Protector Protagonist|Security Guard Protagonist,VNDB
tag_6ba463a9de,Bodyjob,NSFW,Body,,VNDB
tag_ad7a6456bd,Bodystocking,NSFW,Body,bodystocking|连身袜,E-Hentai|NHentai
tag_56e8f786ce,Bodysuit,NSFW,Body,bodysuit|紧身衣裤,E-Hentai|NHentai
tag_d44ada9b19,Boke Hero,SFW,Character,,VNDB
tag_835fc6f485,Boke Heroine,SFW,Character,,VNDB
tag_65ec24ce7e,Boke Protagonist,SFW,Character,,VNDB
tag_957f9b1c8b,Boku no Hero Academia,SFW,Character,My Hero Academia,VNDB
tag_69b348121d,Bondage,NSFW,Fetish,bondage|束缚,AniList|E-Hentai|NHentai|VNDB
tag_b1ee99b5c0,Bondage Weights,NSFW,Fetish,BDSM Weights,VNDB
tag_cf44a1143c,Bonus Side Stories,SFW,Format,Bonus Episodes|Extra Scenes|Omake,VNDB
tag_c73307e4ea,Boobjob,NSFW,Sexual,Breast fucking|French Fuck|Mammary Intercourse|Muscle Fuck|Paizuri|Spagnola|Tit Wank|Titfuck|Titty Fuck|Titty-fucking,VNDB
tag_21b678fdac,Boobs on Glass,NSFW,Sexual,Boobs pressed on a glass,VNDB
tag_6e1063eb6d,Book Heroine,SFW,Character,,VNDB
tag_f243cd52bc,Bookworm Hero,SFW,Character,Bibliophile Hero|Book Lover Hero,VNDB
tag_1e3ff65e49,Bookworm Heroine,SFW,Character,Bibliophile Heroine|Book Lover Heroine,VNDB
tag_ba37c2e750,Bookworm Protagonist,SFW,Character,Bibliophile Protagonist|Book Lover Protagonist,VNDB
tag_cb0c07fbb7,Both Male and Female Love Interests,SFW,Theme,Both Heroes and Heroines|Male and Female Love Interests,VNDB
tag_56674a35a9,Bounty Hunter,SFW,Theme,bounty hunter,Kitsu
tag_20be817311,Bounty Hunter Protagonist,SFW,Character,Bail Enforcement Agent Protagonist|Bail Fugitive Investigator Protagonist|Fugitive Recovery Agent Protagonist,VNDB
tag_d064ce3b9a,Bowling,SFW,Theme,,AniList
tag_4684c60ddc,Boxing,SFW,Theme,Pugilism,AniList|Kitsu|VNDB
tag_eab348dd71,Boy x Boy Romance,SFW,Relationship,Boys Love|BxB Romance|Shounen Ai|Yaoi Romance,VNDB
tag_9cc7cb902b,Boy x Boy Romance Only,SFW,Relationship,BL Only|Boys Love Only|BxB Romance Only,VNDB
tag_6a69d33eff,Boys' Love,SFW,Genre,,AniList|MangaDex
tag_ca4b7fc327,Braces,NSFW,Character,braces|牙套,E-Hentai
tag_47ab56fac0,Brain Fuck,NSFW,Character,brain fuck|脑交🧠,E-Hentai|NHentai
tag_8a96086475,Braless Heroine,SFW,Character,Heroine without Bra,VNDB
tag_166d62a98e,Branching Plot,SFW,Format,,VNDB
tag_943e419319,Breaking the Fourth Wall,SFW,Theme,Breaking The Fourth Wall|Breaking the 4th Wall|breaking the fourth wall,Kitsu|VNDB
tag_3c1014b549,Breast Expansion,NSFW,Body,Boobs Enlargement|Breast Enlargement|Breast Implants|breast expansion|乳房膨胀,E-Hentai|NHentai|VNDB
tag_532672b3cc,Breast Feeding,NSFW,Body,breast feeding|哺乳,E-Hentai|NHentai
tag_65d1f6606e,Breast Press,NSFW,Body,Improvised Breast Press,VNDB
tag_a4412c0e52,Breast Reduction,NSFW,Body,breast reduction|乳房缩小,E-Hentai|NHentai
tag_24f4a0060e,Breast Smothering,NSFW,Body,,VNDB
tag_a810c37f52,Breast Torture,NSFW,Paraphilic/Fetish,Boob Torture|Nipple Torture|Tit Torture,VNDB
tag_f364964b80,Bred by Monsters,NSFW,Fetish,Monster Breeding|Nae Doko|Naedoko|Nai Doko|Naidoko|Tentacle Breeding Nursery,VNDB
tag_85eb107ec2,Bride,NSFW,Character,bride|婚纱,E-Hentai|NHentai
tag_8b2931559a,Brief Branches Only,SFW,Format,,VNDB
tag_17a91990b3,Brief NVL Scenes,SFW,Format,,VNDB
tag_f6724072f5,Brief Third-person Narrative Sections,SFW,Format,brief third person narrative sections,VNDB
tag_80f8a6e0bb,British Mythology,SFW,Theme,Arthurian Myth|Matter of Britain,VNDB
tag_3de71382cb,Broadcasting Club,SFW,Theme,,VNDB
tag_1f15c02969,Brocon Heroine,SFW,Character,Brother Complex Heroine,VNDB
tag_64b611df6a,Brocon Protagonist,SFW,Character,,VNDB
tag_8aed4ab9bc,Brocon Support Character,SFW,Theme,Brother Complex,VNDB
tag_6667d71e43,Brothel,SFW,Theme,Bawdy House|Bordel|Bordello|Cathouse|House of Prostitution|Whorehouse,VNDB
tag_e511e2a4a4,Brother,NSFW,Character,brother|兄弟,E-Hentai|NHentai
tag_f4c3f620dd,Brother & Sister Siblings as Love Interests,SFW,Theme,Brother and Sister Siblings as Love Interests,VNDB
tag_f31db7c99a,Brother/Brother Incest,NSFW,Relationship,,VNDB
tag_78ee8b8a09,Brother/Brother Romance,SFW,Relationship,,VNDB
tag_a6f2bdc38f,Brother/Sister Incest,NSFW,Relationship,,VNDB
tag_8ab471abb5,Brother/Sister Romance,SFW,Relationship,,VNDB
tag_1fd8f3c8a8,Buddhism,SFW,Theme,,Kitsu
tag_bd9732b3bc,Buddhist Mythology,SFW,Theme,,VNDB
tag_b724d5a7ff,Built-in Encyclopedia,SFW,Format,Built-in Glossary|Built-in Tips|Dictionary|In-game Dictionary|built in encyclopedia,VNDB
tag_776667c28b,Built-in Walkthrough,SFW,Format,Built-in Flowchart|Built-in Guide|built in walkthrough,VNDB
tag_3341593fad,Bukkake,NSFW,Sexual,Semen Shower|bukkake|颜射,E-Hentai|NHentai|VNDB
tag_c4ceb152db,Bull,NSFW,Character,bull|牛🐂,E-Hentai|NHentai
tag_f23dd48b95,Bullying,SFW,Theme,,AniList|VNDB
tag_6f8b14a263,Bunny Boy,NSFW,Character,bunny boy|兔子男孩,E-Hentai|NHentai
tag_e477b179f2,Bunny Girl,NSFW,Character,bunny girl|兔女郎,E-Hentai|NHentai
tag_e770cacb93,Bunnyboy Hero,SFW,Character,Bunny Boy Hero|Bunny-boy Hero|Rabbit Boy Hero,VNDB
tag_5802a333db,Bunnygirl Cosplay,SFW,Theme,Bunny Cosplay|Bunny-Girl Cosplay|Rabbit Cosplay,VNDB
tag_e1185ca19a,Burping,NSFW,Character,burping|打嗝,E-Hentai|NHentai
tag_9205425038,Business Suit,NSFW,Appearance,business suit|西装,E-Hentai|NHentai
tag_e9dc2f9604,Businesswoman Heroine,SFW,Character,,VNDB
tag_e5750f647c,Bust Size Selection,SFW,Format,Boob Size Customization|Boob Size Selection|Cup Size Selection,VNDB
tag_026d7c798b,Butler,SFW,Character,butler|管家,AniList|E-Hentai|NHentai
tag_1aaa3605e5,Butler Hero,SFW,Character,Attendant Hero|Majordomo Hero|Servant Hero|Staff Hero,VNDB
tag_cd89c6d043,Butler Heroine,SFW,Character,,VNDB
tag_42eedc897e,Butler Protagonist,SFW,Character,estate manager protagonist|head of household staff protagonist|house manager protagonist|majordomo protagonist|manservant protagonist|staff manager protagonist,VNDB
tag_ee40b3e927,Butler Support Character,SFW,Character,estate manager|head of household staff|house manager|majordomo|manservant|staff manager,VNDB
tag_601c31ae27,Butt Plug,NSFW,Character,butt plug|肛塞,E-Hentai
tag_9a0c6ed59c,Butterflies,SFW,Theme,Moths,VNDB
tag_9fd8301ac2,Butterfly,NSFW,Sexual,Leg Glider|Seventh Posture|Tominagi,VNDB
tag_7f5b264678,Buttjob,NSFW,Sexual,Assjob,VNDB
tag_d2626f412d,Cafe,SFW,Theme,Café|Fastfood Joint|Restaurant,VNDB
tag_af1a9be1c2,Calligraphy,SFW,Theme,,AniList
tag_a4995d016a,Camel,NSFW,Character,camel|骆驼🐫,E-Hentai
tag_38df36a418,Camping,SFW,Theme,,AniList
tag_ee115c8985,Cannibalism,NSFW,Paraphilic/Fetish,Anthropophagy|cannibalism|食人,AniList|E-Hentai|NHentai|VNDB
tag_9f8001041e,Captain Protagonist,SFW,Character,,VNDB
tag_7a7dc1cda8,Caption,NSFW,Sexual,caption|说明文字,E-Hentai|NHentai
tag_d3feca0619,Capturable Characters,SFW,Format,Recruitable Characters,VNDB
tag_f4aeb13305,Capturable Units,SFW,Format,Recruitable Units,VNDB
tag_e6d9650259,Car,SFW,Theme,,VNDB
tag_ed97f1b2b2,Card Battle,SFW,Theme,,AniList
tag_0eea49850c,Card Games,SFW,Theme,card games,Kitsu
tag_5582f16d45,Carryover Save,SFW,Format,,VNDB
tag_e66a124f9c,Cars,SFW,Theme,,AniList
tag_6ac2470ed8,Cashier,NSFW,Character,cashier|收银员,E-Hentai|NHentai
tag_5d26386b04,Casino,SFW,Theme,,VNDB
tag_8a7ddc4283,Casting Couch,NSFW,Sexual,Makura Eigyou|Sex Involving Business Deals|Sex for Promotion|枕営業,VNDB
tag_9355a9f994,Castle,SFW,Theme,,VNDB
tag_1672a8717f,Castration,SFW,Theme,,VNDB
tag_d077f244de,Cat,NSFW,Character,cat|猫🐈,E-Hentai|NHentai
tag_ed9709fc2f,Cat Cosplay,SFW,Theme,Cat Costume Roleplay,VNDB
tag_fd73438421,Catboy,NSFW,Character,catboy|猫男,E-Hentai|NHentai
tag_a5574faa50,Catboy Hero,SFW,Character,Cat Boy Hero|Cat Hero,VNDB
tag_ee12d53c61,Catfight,NSFW,Character,catfight|猫斗,E-Hentai|NHentai
tag_472f3aeba4,Catgirl,NSFW,Character,catgirl|猫女,E-Hentai|NHentai
tag_602560f24b,Catgirl Heroine,SFW,Character,Cat-girl Heroine|Nekokko Heroine,VNDB
tag_7a36d29019,Catheter,NSFW,Sexual,,VNDB
tag_0832c1202d,Cats,SFW,Theme,Kitten|Neko,VNDB
tag_7638e20f13,Cbt,NSFW,Character,cbt|虐屌,E-Hentai|NHentai
tag_76c834fe9e,Celestial Body Hero,SFW,Character,Astronomical Object Hero|Comet Hero|Constellation Hero|Planet Hero|Star Hero,VNDB
tag_326227d79a,Celestial Body Heroine,SFW,Character,Astronomical Object heroine|Comet Heroine|Planet Heroine|Star Heroine,VNDB
tag_1420bfa8cb,Celestial Body Protagonist,SFW,Character,Astronomical Object Protagonist|Comet Protagonist|Planet Protagonist|Star Protagonist,VNDB
tag_488c3f5552,Celtic Mythology,SFW,Theme,,VNDB
tag_dccbebc23a,Cemetery,SFW,Theme,Burial ground|Gravesite|Graveyard,VNDB
tag_2df9ac5611,Censored Text,SFW,Format,,VNDB
tag_47aeba35bb,Centaur,NSFW,Character,centaur|半人马,AniList|E-Hentai|NHentai
tag_211c6b1316,Centaur Heroine,SFW,Character,Satyr Heroine|Taur Heroine,VNDB
tag_d1029812dd,Central America,SFW,Theme,,VNDB
tag_9a7d49b9de,Central Hero,SFW,Character,Main Hero,VNDB
tag_fe3c5e4fa1,Central Heroine,SFW,Character,Main Heroine,VNDB
tag_be7d04d75f,Cervix Penetration,NSFW,Character,cervix penetration|宫颈穿透,E-Hentai|NHentai
tag_ff9074c32d,Cervix Prolapse,NSFW,Character,cervix prolapse|宫颈脱垂,E-Hentai|NHentai
tag_8ddeb2027a,Cgi,SFW,Theme,CGI,AniList
tag_0a9bee2fd1,Changeable Clothes,SFW,Format,Alternative Costumes|Alternative Outfits|Dress Up Game,VNDB
tag_1df609fd57,Changeable Font,SFW,Format,,VNDB
tag_275eda3328,Changeable Voice Actors,SFW,Format,Changeable Voices|Voice Selection,VNDB
tag_82891f83ae,Changing Perspective,SFW,Format,Changing point of view,VNDB
tag_dc06eb32d0,Channeling,SFW,Theme,Mediumship,VNDB
tag_a956161a69,Character,SFW,Theme,,VNDB
tag_98f3ffca53,Character Movement,SFW,Format,Control of Characters|Environmental Narrative Game|First Person Experience|Player Having Control of a Character|Walking Characters|Walking Simulator,VNDB
tag_f4b0259cd1,Character Profiles,SFW,Format,,VNDB
tag_186718ba13,Character Skin Colors,SFW,Theme,,VNDB
tag_52015ff316,Charming Protagonist,SFW,Character,Beautiful Protagonist|Handsome protagonist|Ikemen Protagonist|Pretty Protagonist,VNDB
tag_e2517d5630,Chastity Belt,NSFW,Character,chastity belt|贞操带,E-Hentai|NHentai
tag_ea66f177c6,Cheat Codes,SFW,Format,Cheats,VNDB
tag_2465f084fe,Cheating,NSFW,Relationship,cheating|出轨,E-Hentai|NHentai
tag_e023c33fb6,Checkpoints,SFW,Format,Save only at certain points|Savepoints,VNDB
tag_7e3159adb5,Cheerful Hero,SFW,Character,Carefree Hero|Friendly Hero|Lighthearted Hero|Positive Hero|Upbeat Hero,VNDB
tag_6bd70990c3,Cheerleader,NSFW,Character,cheerleader|啦啦队员,E-Hentai|NHentai
tag_a9f307ac56,Cheerleader Heroine,SFW,Character,Ouendan Heroine,VNDB
tag_29042ae8f6,Cheerleading,SFW,Theme,,AniList
tag_a1cb7b3001,Cherry Blossom,SFW,Theme,Sakura,VNDB
tag_551e155074,Chest Bounciness Slider,SFW,Format,Boob Jiggle Slider,VNDB
tag_64ec02b70a,Chibi,SFW,Theme,,AniList
tag_8f95c1bbc4,Chikan,NSFW,Situation,Frotteurism|chikan|痴汉,E-Hentai|NHentai|VNDB
tag_79dbf9fd1e,Chikan Heroine,NSFW,Situation,Molester Heroine,VNDB
tag_3ae5402162,Chikan Protagonist,NSFW,Situation,Molester Protagonist,VNDB
tag_f8fcbfd927,Child Abuse,SFW,Theme,,VNDB
tag_e24709f768,Child Protagonist,SFW,Character,Younger Protagonist,VNDB
tag_c3eaaceabc,Child Support Character,SFW,Theme,,VNDB
tag_2a0567a83b,Childcare,SFW,Theme,Adoptive Daughter|Parenting|Raising a Child,ManhwaTaxonomy
tag_cac4b8d33e,Childhood Promise,SFW,Theme,,VNDB
tag_d898838b90,Childishly Violent Hero,SFW,Character,,VNDB
tag_c7cb190c1d,Childishly Violent Heroine,SFW,Character,heroine that smacks the protagonist around|rough heroine,VNDB
tag_c8c998de66,Childishly Violent Protagonist,SFW,Character,,VNDB
tag_ec1923c10c,Children Ending,SFW,Format,,VNDB
tag_f0542eda41,Chimera,SFW,Theme,,AniList
tag_8a7d7ba288,China,SFW,Theme,,Kitsu
tag_14cd41a060,Chinese Dress,NSFW,Appearance,chinese dress|旗袍,E-Hentai|NHentai
tag_2dd1099afc,Chinese Mythology,SFW,Theme,,VNDB
tag_3d1d990b60,Chloroform,NSFW,Character,chloroform|迷药,E-Hentai|NHentai
tag_0bc693aeef,Choices,SFW,Format,,VNDB
tag_d358b228b8,Choices from Other Perspectives,SFW,Format,Choices from Non-protagonists,VNDB
tag_d65469a3d4,Choices with 4 or More Options,SFW,Format,Choices with Lots of Options|Choices with Many Options|Choices with a Lot of Options,VNDB
tag_432cff0339,Choosing Factions,SFW,Format,Choosing Side,VNDB
tag_3671657009,Chosen Choices Marking,SFW,Format,Chosen Choice Coloring|Colored Chosen Choice|Marked Chosen Options|Selected Choices Marking,VNDB
tag_d9b41898f9,Christian Church,SFW,Theme,,VNDB
tag_d17a0260ce,Christian Mythology,SFW,Theme,Biblical Setting,VNDB
tag_3d4fe7a00b,Christmas,NSFW,Character,christmas|圣诞装🎅|圣诞装🤶,E-Hentai|NHentai
tag_eca9b01561,Chubby Hero,SFW,Character,Fat Hero|Overweight Hero,VNDB
tag_03ed6ca8b9,Chubby Heroine,SFW,Character,BBW Heroine|Fat Heroine|Overweight Heroine,VNDB
tag_335a998796,Chubby Protagonist,SFW,Character,Fat Protagonist|Overweight Protagonist,VNDB
tag_916586c8ac,Church,SFW,Theme,,VNDB
tag_942939904b,Church Sex,NSFW,Acts,Sex in Church|Sex in Temple|Sex in a Church|Sex in a Temple|Sex in the Church|Sex in the Temple|Temple Sex,VNDB
tag_82f1eaaab2,Chuunibyou,SFW,Theme,,AniList
tag_67f204b445,Chuunibyou Hero,SFW,Character,,VNDB
tag_774105857d,Chuunibyou Heroine,SFW,Character,,VNDB
tag_81406948b3,Chuunibyou Protagonist,SFW,Character,,VNDB
tag_c5191509f4,Circus,SFW,Theme,,AniList|VNDB
tag_4c81f09f94,City Building Game,SFW,Format,CMS|Construction and Management Simulation,VNDB
tag_41213b6ec9,Civil War,SFW,Theme,,VNDB
tag_a597a055c0,Clamp,NSFW,Character,clamp|夹具,E-Hentai|NHentai
tag_0319b4a131,Clamps (BDSM),NSFW,Fetish,Clothes-peg|Clothespin|nipple clamps,VNDB
tag_45a7873c07,Class President Hero,SFW,Character,Class Chairman Hero|Iinchou Hero,VNDB
tag_946a1947c0,Class President Heroine,SFW,Character,Class Chairman Heroine|Iinchou Heroine,VNDB
tag_254fbbe19d,Class President Protagonist,SFW,Character,Class Chairman Protagonist|Iinchou Protagonist,VNDB
tag_ddab13ce3d,Class Struggle,SFW,Theme,,AniList
tag_b07a8dd1b2,Classic Literature,SFW,Theme,,AniList
tag_3136e72e45,Classic Tsundere Heroine,SFW,Character,The Good Kind of Tsundere,VNDB
tag_83f5d09aa5,Classical Music,SFW,Theme,,AniList
tag_3b68852f59,Clever Protagonist,SFW,Character,Brainy|Smart MC|Strategist,ManhwaTaxonomy
tag_9380352d0d,Clicker Game,SFW,Format,Clicking Game|Idle Game|Incremental Game,VNDB
tag_6445779049,Cliffhanger Ending,SFW,Format,,VNDB
tag_68d6897d2f,Clinical Depression,SFW,Theme,MDD|Major Depression|Major Depressive Disorder|Recurrent Depressive Disorder|Unipolar Depression|Unipolar Disorder,VNDB
tag_3dda0c89db,Clit Growth,NSFW,Character,clit growth|阴蒂生长,E-Hentai|NHentai
tag_9896cbc851,Clit Insertion,NSFW,Character,clit insertion|阴蒂插入,E-Hentai|NHentai
tag_557541ac3b,Clit Stimulation,NSFW,Character,clit stimulation|阴蒂刺激,E-Hentai|NHentai
tag_0340b5e697,Clitoris Growth,NSFW,Sexual,Clitoris Enlargement,VNDB
tag_0678168827,Cloaca Insertion,NSFW,Character,cloaca insertion|泄殖腔插入,E-Hentai
tag_9133ab2b2b,Clock Tower,SFW,Theme,,VNDB
tag_d329fd7777,Clone,NSFW,Character,clone|克隆,AniList|E-Hentai|NHentai
tag_018d8e1a20,Clone Hero,SFW,Character,,VNDB
tag_c5635115eb,Clone Heroine,SFW,Character,,VNDB
tag_6784c9f3d9,Clone Protagonist,SFW,Character,,VNDB
tag_67173f5e47,Cloning,SFW,Theme,,VNDB
tag_70c788ddc5,Close-up CGs,SFW,Format,Closer view|Enlargeable CGs|Expandable CGs|Zoom-able CGs|close up cgs,VNDB
tag_1c53c7a336,Closed Eyes,NSFW,Character,closed eyes|闭眼,E-Hentai|NHentai
tag_f3757dec5b,Clothed Boobjob,NSFW,Sexual,Clothed Paizuri,VNDB
tag_c83e2792d2,Clothed Female Naked Female,NSFW,Sexual,CFNF,VNDB
tag_859de91e65,Clothed Female Naked Male,NSFW,Sexual,CFNM,VNDB
tag_5fa55e5297,Clothed Female Nude Male,NSFW,Character,clothed female nude male|裸男,E-Hentai|NHentai
tag_2704674073,Clothed Male Naked Female,NSFW,Sexual,CMNF,VNDB
tag_abb58444c6,Clothed Male Naked Male,NSFW,Sexual,CMNM,VNDB
tag_3ce2e88048,Clothed Male Nude Female,NSFW,Character,clothed male nude female|裸女,E-Hentai|NHentai
tag_703872d4cb,Clothed Paizuri,NSFW,Acts,clothed paizuri|穿衣乳交,E-Hentai|NHentai
tag_d0cc64c2c7,Clothing Damage,SFW,Theme,,VNDB
tag_5ea546ab40,Clothing ON/OFF,NSFW,Sexual,,VNDB
tag_8b61c11eb8,Clown,NSFW,Character,clown|小丑🤡,E-Hentai|NHentai
tag_87e8c6c420,Clumsy Hero,SFW,Character,Dojikko Hero,VNDB
tag_e91db841e1,Clumsy Heroine,SFW,Character,Dojikko Heroine,VNDB
tag_8084bf716e,Co-worker Hero,SFW,Character,Colleague Hero|Coworker Hero|co worker hero,VNDB
tag_4c8185285f,Co-worker Heroine,SFW,Character,Colleague Heroine|Coworker Heroine|co worker heroine,VNDB
tag_c63242dd9b,Co-worker Support Character,SFW,Theme,Colleague Support Character|Coworker Support Character|co worker support character,VNDB
tag_f931b13aea,Coach,NSFW,Character,coach|教练,E-Hentai|NHentai
tag_1dd6cce2dd,Coach Hero,SFW,Character,Instructor Hero|Trainer Hero,VNDB
tag_f4d7999d49,Coach Heroine,SFW,Character,Instructor Heroine|Trainer Heroine,VNDB
tag_848599b7ea,Coach Protagonist,SFW,Character,Instructor Protagonist|Trainer Protagonist,VNDB
tag_68b8e81bda,Coastal,SFW,Theme,,AniList
tag_35f953af0a,Cock and Ball Torture,NSFW,Paraphilic/Fetish,CBT,VNDB
tag_2fc4641d37,Cock and Ball Torture Devices,NSFW,Paraphilic/Fetish,CBT Devices,VNDB
tag_2f006524d3,Cock Ring,NSFW,Body,cock ring|锁精环,E-Hentai|NHentai
tag_a766f7c621,Cockphagia,NSFW,Body,cockphagia|阴茎吞食,E-Hentai|NHentai
tag_5cf7bbe8d6,Cockslapping,NSFW,Body,cockslapping|屌掴,E-Hentai|NHentai
tag_14fcb4b11d,Cohabitation,SFW,Theme,,AniList
tag_74e04ddb55,Collar,NSFW,Appearance,collar|项圈,E-Hentai|NHentai
tag_b0edd88cd4,College,SFW,Theme,,AniList
tag_059c65542b,Colored Name-tags,SFW,Format,colored name tags,VNDB
tag_e93368a49b,Colored Texts,SFW,Format,Coloured Texts|Specific Text Colors For Characters,VNDB
tag_eaf7abafa6,Colposcopy Camera (Sexual),NSFW,Acts,Colposcopy Dildocam|Digital Vaginal Camera,VNDB
tag_c222ae0d4e,Combat,SFW,Theme,,Kitsu|VNDB
tag_5377d512d0,Combat Archery,SFW,Theme,Combat with Bow and Arrow,VNDB
tag_9b2a69cf91,Combat Capable Friends,SFW,Theme,Fighting Best Friend|Friends That Can Fight,VNDB
tag_0b0bad5610,Combat Sport,SFW,Theme,Fighting Sport,VNDB
tag_650203235b,Combat with Arquebus,SFW,Theme,,VNDB
tag_26e8f1bd85,Combat with Automatic Firearms,SFW,Theme,,VNDB
tag_2640309c54,Combat with Bladed Weapons,SFW,Theme,,VNDB
tag_21d9264aae,Combat with Blunt Weapons,SFW,Theme,,VNDB
tag_1f0f9ecf99,Combat with Claws,SFW,Theme,,VNDB
tag_058f48f991,Combat with Clubs,SFW,Theme,,VNDB
tag_82db0a23ff,Combat with Exotic Weapons,SFW,Theme,Chain|Combat with Rare Weapons|Combat with Weird Weapons|Dart|Fan,VNDB
tag_35bd4f05c3,Combat with Firearms,SFW,Theme,,VNDB
tag_ff6af11f3c,Combat with Laser and Beam Firearms,SFW,Theme,Beam Gun|Combat with Laser and Beam Weapons|Laser Weapon|Ray Gun|Raygun|Zap Gun,VNDB
tag_d2f98c8659,Combat with Lasers and Beams,SFW,Theme,,VNDB
tag_bb51db4f4d,Combat with Spears,SFW,Theme,,VNDB
tag_2cdf327346,Comedic Love Triangle,SFW,Relationship,,VNDB
tag_f24edd676b,Comedic Sex Scenes,NSFW,Acts,Comedy Sex|Funny Sex Scenes|Ridiculous Sex Scenes,VNDB
tag_12f0a8c7b1,Comedy,SFW,Genre,,CinemaTaxonomy|Kitsu|MangaDex|MangaUpdates|VNDB
tag_933b4869df,Comedy Rape,NSFW,Situation,,VNDB
tag_1d51cd4fc6,Comic,NSFW,Sexual,comic|西方漫画,E-Hentai|NHentai
tag_1c75fe46e0,Comic Convention,SFW,Theme,Comiket,VNDB
tag_5f9444932a,Comical Hero,SFW,Character,Amusing Hero|Funny Hero,VNDB
tag_31f233dc10,Coming of Age,SFW,Theme,Coming Of Age|Coming-of-Age|coming of age,AniList|CinemaTaxonomy|Kitsu
tag_beba0f5313,Coming-of-Age Drama,SFW,Genre,coming of age drama,VNDB
tag_dff6dd6f90,Command-based Adventure Game,SFW,Format,Eastern-style Adventure Game|Japanese-style Adventure Game|command based adventure game|コマンド選択式ADV,VNDB
tag_3190dbf13b,Competition,SFW,Theme,Contest|Match,VNDB
tag_19abb2703b,Compilation,NSFW,Sexual,compilation|汇编,E-Hentai|NHentai
tag_15b13086a4,Completely Avoidable Hero Death,SFW,Character,Completely Avoidable Death of a Hero|Only Avoidable Death of Hero|Only Bad End Death of the Hero,VNDB
tag_fc6c67dde3,Completely Avoidable Hero Rape,NSFW,Situation,Only Avoidable Hero Rape,VNDB
tag_b44b794f8f,Completely Avoidable Heroine Death,SFW,Character,Completely Avoidable Death of a Heroine|Only Avoidable Death of Heroine|Only Bad End Death of the Heroine,VNDB
tag_63b5415db1,Completely Avoidable Heroine Rape,NSFW,Situation,Only Avoidable Heroine Rape,VNDB
tag_db46e041d2,Completely Avoidable Heroine Rape by Others,NSFW,Situation,Only Avoidable Heroine Rape by Others|Only Avoidable Heroine Raped by Non-Protagonist,VNDB
tag_0798f70c9c,Completely Avoidable Netorare,NSFW,Fetish,Only Avoidable NTR|Only Avoidable Netorare,VNDB
tag_dbc20b7acc,Completely Avoidable Protagonist Death,SFW,Character,Completely Avoidable Death of the Protagonist|Only Avoidable Death of the Protagonist|Only Bad End Death of the Protagonist,VNDB
tag_42a3b83e03,Completely Avoidable Protagonist Rape,NSFW,Situation,Only Avoidable Protagonist Rape,VNDB
tag_c3465c7587,Completely Avoidable Rape,NSFW,Situation,Only Avoidable Rape,VNDB
tag_25a491e352,Completely Avoidable Rape by Others,NSFW,Situation,Only Avoidable Rape by Non-Protagonist|Only Avoidable Rape by Others,VNDB
tag_4019e8b549,Completely Avoidable Rape by the Protagonist,NSFW,Situation,Only Avoidable Rape by the Protagonist,VNDB
tag_a334756799,Completely Unavoidable Hero Death,SFW,Character,Completely Unavoidable Death of a Hero|Only Unavoidable Death of a Hero,VNDB
tag_d4eda398c5,Completely Unavoidable Hero Rape,NSFW,Situation,Only Unavoidable Hero Rape,VNDB
tag_03599a0451,Completely Unavoidable Heroine Death,SFW,Character,Completely Unavoidable Death of a Heroine|Only Unavoidable Death of a Heroine,VNDB
tag_98f8683152,Completely Unavoidable Heroine Rape,NSFW,Situation,Only Unavoidable Heroine Rape,VNDB
tag_8aeccfc66b,Completely Unavoidable Netorare,NSFW,Fetish,Only Unavoidable Netorare,VNDB
tag_63b8e5177e,Completely Unavoidable Protagonist Death,SFW,Character,Completely Unavoidable Death of the Protagonist|Only Unavoidable Death of the Protagonist,VNDB
tag_976fe3b625,Completely Unavoidable Protagonist Rape,NSFW,Situation,Only Unavoidable Protagonist Rape,VNDB
tag_869f4e03e5,Completion Status Indicator,SFW,Format,Game Completion Percentage,VNDB
tag_e2a8d6ac26,Con Artist Heroine,SFW,Character,Conwoman Heroine|Fraud Heroine|Fraudster Heroine|Grifter Heroine|Hustler Heroine|Scammer Heroine|Swindler Heroine,VNDB
tag_caba1b4399,Con Artist Protagonist,SFW,Character,Conman Protagonist|Conwoman Protagonist|Fraud Protagonist|Fraudster Protagonist|Grifter Protagonist|Hustler Protagonist|Scammer Protagonist|Swindler Protagonist,VNDB
tag_43de239e4c,Concentration (Game),SFW,Format,Memory|Shinkei-suijaku|神経衰弱,VNDB
tag_89e5e7292f,Condom,NSFW,Character,condom|避孕套,E-Hentai|NHentai
tag_ad84ca8012,Condoms,NSFW,Sexual,Condom,VNDB
tag_05c43dd927,Confinement,NSFW,Character,Can't Get Out|Detention|Imprisonment|Incarceration|Kankin|Trapped|confinement|监禁,E-Hentai|VNDB
tag_717d2f799f,Confinement in a Simulated Reality,SFW,Theme,Lotus-Eater Machine|Trapped in VR|Trapped in Virtual Reality|Trapped in a Game|Trapped in a Simulated Reality,VNDB
tag_8d8e94558c,Conjoined,NSFW,Character,conjoined|连体,E-Hentai|NHentai
tag_7a9af42fd3,Consensual Chikan,NSFW,Situation,Consensual Frotteurism|Consensual Train Molestation|Molestation Play,VNDB
tag_eb3f1df33b,Consensual Defloration by Others,NSFW,Situation,,VNDB
tag_184fcf39ef,Consensual Erotic Humiliation,NSFW,Situation,,VNDB
tag_6e03b597d3,Consensual Group Sex of One Female and Several Males,NSFW,Acts,,VNDB
tag_5a26f723bf,Consensual Phone Sex,NSFW,Acts,,VNDB
tag_ac1500081a,Consensual Sex Involving Drugs,NSFW,Acts,Consensual Drugged Sex,VNDB
tag_51de83aa42,Consensual Sex Involving Slime Monsters,NSFW,Fetish,,VNDB
tag_bb7dbd326c,Consensual Sex Involving Tentacles,NSFW,Fetish,,VNDB
tag_23d686e1ab,Consensual Sex with Animals,NSFW,Acts,,VNDB
tag_582de10b99,Consensual Sex With Monsters,NSFW,Fetish,Consensual Sex With Creatures,VNDB
tag_62690a95c6,Conspiracy,SFW,Theme,,AniList|Kitsu|VNDB
tag_b0544917b6,Constellation,SFW,Theme,Outer Gods|Sponsor|Star Relic,ManhwaTaxonomy
tag_72983ddeda,Constructs,SFW,Theme,,VNDB
tag_7cf20dbecc,Consumption of Pornography,NSFW,Sexual,,VNDB
tag_72e31d25a8,Contemporary Fantasy,SFW,Genre,Indigenous Fantasy|Modern Fantasy|contemporary fantasy,Kitsu|VNDB
tag_8d660e550d,Content Indicators,SFW,Theme,content indicators,Kitsu
tag_47936db64c,Contract Marriage,SFW,Relationship,Fake Marriage|Marriage of Convenience,ManhwaTaxonomy
tag_3de887773a,Convention,SFW,Theme,,VNDB
tag_180db093f4,Cook Hero,SFW,Character,Chef Hero,VNDB
tag_e657f6823c,Cook Heroine,SFW,Character,chef heroine,VNDB
tag_8ad63024c9,Cook Protagonist,SFW,Character,,VNDB
tag_49662ebde2,Cook Support Character,SFW,Theme,Chef Support Character,VNDB
tag_739b1f3a9b,Cooking,SFW,Theme,,Kitsu|MangaDex
tag_db983babb7,Coprophagia,NSFW,Sexual,Coprophagy|Shit Eating|coprophagia|食粪,E-Hentai|NHentai|VNDB
tag_2a0b059e51,Cops,SFW,Theme,,Kitsu
tag_d00c0c331c,Coronation,SFW,Theme,Accession Ceremony|Crowning|Induction Ceremony,VNDB
tag_b9750157ff,Corporations,SFW,Theme,Large Companies|Large Company,VNDB
tag_e89196f1cb,Corpse,NSFW,Character,corpse|尸体,E-Hentai
tag_bbb53754e7,Correct Choice Indicator,SFW,Format,Choice Feedback|Right Choice Indicator,VNDB
tag_f4158066c9,Corruption,NSFW,Fetish,corruption|堕落,E-Hentai|NHentai
tag_ed8a093f1e,Corruption of Characters,SFW,Theme,,VNDB
tag_ffbf276153,Corset,NSFW,Character,corset|紧身胸衣,E-Hentai|NHentai
tag_c3706c9fb0,Cosmetic Surgery,SFW,Theme,Aesthetic Plastic Surgery|Breast Enhancement|Cosmetic Operation|Facelift|Lip Enhancement,VNDB
tag_25d51fc39e,Cosmic Horror,SFW,Genre,,AniList
tag_ce1ee2b4ef,Cosplay,SFW,Theme,costume play,AniList|VNDB
tag_fe7919158c,Cosplaying,NSFW,Character,Cosplay|cosplaying,E-Hentai|NHentai
tag_9cff47d18c,Countryside,SFW,Theme,Country|Rural Area|Village,Kitsu|VNDB
tag_1b8c7e2346,Courtroom,SFW,Theme,,VNDB
tag_d6fc108a34,Courtroom Drama,SFW,Genre,,CinemaTaxonomy
tag_73d0622855,Cousin,NSFW,Character,cousin|表兄弟|表姐妹,E-Hentai|NHentai
tag_2bcf442e1d,Cousin Incest,NSFW,Relationship,,VNDB
tag_0e7bc00bca,Cousin Romance,SFW,Relationship,Cousin Couple|Kissing Cousins,VNDB
tag_81566e986c,Cow,NSFW,Character,cow|牛🐄,E-Hentai|NHentai
tag_2b3cc39254,Cow Cosplay,SFW,Theme,Cow Costume Roleplay,VNDB
tag_72a97fb793,Cowboys,SFW,Theme,,AniList
tag_5223948fbe,Cowgirl,NSFW,Sexual,Riding Position|cowgirl|牛女孩,E-Hentai|NHentai|VNDB
tag_810263c3f2,Cowgirl Heroine,SFW,Character,,VNDB
tag_4762c9ae9d,Cowman,NSFW,Character,cowman|牛男,E-Hentai|NHentai
tag_bd589331b9,Crab,NSFW,Character,crab|螃蟹🦀,E-Hentai
tag_c33776ba7a,Creature Taming,SFW,Theme,,AniList
tag_bc8fba5b68,Crime,SFW,Genre,,AniList|CinemaTaxonomy|Kitsu|MangaDex|VNDB
tag_ac9288a248,Crime Family,SFW,Theme,,VNDB
tag_0e8006793f,Criminal Hero,SFW,Character,,VNDB
tag_cecfd815a5,Criminal Heroine,SFW,Character,,VNDB
tag_3ff8fe4315,Criminal Organization,SFW,Theme,,AniList
tag_7ba8e88053,Criminal Protagonist,SFW,Character,,VNDB
tag_7f8e146077,Crippled Hero,SFW,Character,Amputee Hero|Hero with Missing Limbs|Hero with no Arms|Hero with no Legs,VNDB
tag_c4866b4a1a,Crippled Heroine,SFW,Character,Amputee Heroine|Heroine with Missing Limbs|Heroine with no Arms|Heroine with no Legs,VNDB
tag_a5f771f40c,Crippled Protagonist,SFW,Character,Amputee Protagonist|Protagonist with Missing Limbs|Protagonist with no Arms|Protagonist with no Legs,VNDB
tag_c6b15380a8,Cross-dressing,SFW,Appearance,Cross Dressing|Crossdressing|cross dressing,Kitsu|VNDB
tag_045a02037a,Crossdressing,SFW,Theme,crossdressing|异性装,AniList|E-Hentai|MangaDex|NHentai
tag_48980f6958,Crossdressing Protagonist as a Secret,SFW,Character,,VNDB
tag_c7fb67368c,Crossover,SFW,Theme,Cross-over,AniList|VNDB
tag_bdc189fcc0,Crotch Rope Walk,NSFW,Sexual,,VNDB
tag_34890bc08c,Crotch Tattoo,NSFW,Character,crotch tattoo|淫纹,E-Hentai|NHentai
tag_408e69f65e,Crown,NSFW,Character,crown|王冠👑,E-Hentai|NHentai
tag_cfe8d5a72e,Crown Prince,SFW,Character,Royal Heir,ManhwaTaxonomy
tag_300aeae29a,Crying,NSFW,Character,crying|流泪,E-Hentai|NHentai
tag_84f0e226ae,Cthulhu Mythos,SFW,Theme,,VNDB
tag_4ea8a06316,Cult,SFW,Theme,,AniList|VNDB
tag_9221274073,Cult Film,SFW,Format,,CinemaTaxonomy
tag_96549bd5c5,Cultivation,SFW,Theme,Internal Alchemy|Qi Cultivation,AniList|ManhwaTaxonomy
tag_7a978c8b10,Cum Bath,NSFW,Situation,Semen Bath|Semen Pool|Submerged in Cum|cum bath|精液浴,E-Hentai|NHentai|VNDB
tag_a07edfd41a,Cum in Eye,NSFW,Character,cum in eye|眼射,E-Hentai|NHentai
tag_6a02c7f5a8,Cum on Food,NSFW,Sexual,Ejaculation on Food|Food Soaked in Cum,VNDB
tag_e01bfba3dd,Cum Swap,NSFW,Character,cum swap|交换精液,E-Hentai|NHentai
tag_d4f8d982fe,Cumflation,NSFW,Character,cumflation|精液膨胀,E-Hentai|NHentai
tag_1edce1fd34,Cunnilingus,NSFW,Acts,Pussy Licking|cunnilingus|舔阴,E-Hentai|NHentai|VNDB
tag_37a7c4565c,Cuntboy,NSFW,Character,cuntboy|人妖♀,E-Hentai|NHentai
tag_ff1456746f,Cuntbusting,NSFW,Situation,cuntbusting|阴道破坏,E-Hentai|NHentai
tag_c3a52630be,Cupid Hero,SFW,Character,,VNDB
tag_deda19838f,Cupid Heroine,SFW,Character,,VNDB
tag_482ea66263,Curling,SFW,Theme,,VNDB
tag_aa06acf097,Curse,SFW,Theme,Execration|Hex|Jinx,VNDB
tag_6c3388f1ef,Curses,SFW,Theme,,AniList
tag_d768103295,Customizable Character Ages,SFW,Format,Changeable Age of Characters,VNDB
tag_38b31c834e,Customizable Character Relations,SFW,Format,Changeable Character Relations|Character Relationship Choice,VNDB
tag_50a04ed522,Customization,SFW,Format,character building|character customization|tweaking|vehicle customisation,VNDB
tag_1eded6569b,Cute Boys Doing Cute Things,SFW,Theme,,AniList
tag_5cf56a81b6,Cute Girls Doing Cute Things,SFW,Theme,,AniList
tag_274564d8ed,Cutesy Hero,SFW,Character,Kawaii-kei Hero,VNDB
tag_d52d301307,Cyberpunk,SFW,Setting,,AniList|CinemaTaxonomy|Kitsu|VNDB
tag_6b7206d5b7,Cyborg,SFW,Theme,,AniList|Kitsu
tag_d1d743086a,Cyborg Hero,SFW,Character,,VNDB
tag_171afcea27,Cyborg Heroine,SFW,Character,,VNDB
tag_3631bd7f26,Cyborg Protagonist,SFW,Character,,VNDB
tag_190e678e13,Cycling,SFW,Theme,,AniList|Kitsu
tag_7a73b2f79a,D.Gray-man,SFW,Theme,d.gray man|ディー・グレイマン,VNDB
tag_eb5e19a394,Dakimakura,NSFW,Sexual,dakimakura|抱枕,E-Hentai|NHentai
tag_9caebb6f72,Dancer Hero,SFW,Character,,VNDB
tag_f8b2d060a1,Dancer Heroine,SFW,Character,,VNDB
tag_79a0764abe,Dancer Protagonist,SFW,Character,,VNDB
tag_611f1f7a0b,Dancing,SFW,Theme,,AniList
tag_bd5bd31513,Dandere Hero,SFW,Character,,VNDB
tag_a783c66235,Dark Fantasy,SFW,Genre,dark fantasy,CinemaTaxonomy|Kitsu|VNDB
tag_805347df76,Dark Nipples,NSFW,Body,dark nipples|暗色乳头,E-Hentai|NHentai
tag_2443757567,Dark Sclera,NSFW,Character,dark sclera|深色巩膜,E-Hentai|NHentai
tag_cf36f0e475,Dark Skin,NSFW,Character,dark skin|黑皮,E-Hentai|NHentai
tag_cef386b8dc,Dark Skinned Characters,SFW,Theme,,VNDB
tag_ae5f01c8ac,Dark Skinned Girl,SFW,Theme,dark skinned girl,Kitsu
tag_b55430f08b,Dark Skinned Hero,SFW,Character,,VNDB
tag_b753fce0f7,Dark Skinned Heroine,SFW,Character,,VNDB
tag_eca36d773f,Dark Skinned Protagonist,SFW,Character,,VNDB
tag_52b08f1962,Darker Sexual Contents,NSFW,Acts,,VNDB
tag_eedbb7151c,Date Display,SFW,Format,Calendar,VNDB
tag_e7085003e9,Dating Simulation,SFW,Format,,VNDB
tag_2b0cf95205,Daughter,NSFW,Character,daughter|女儿,E-Hentai|NHentai
tag_6b57d1c03c,Daydreams,SFW,Theme,Daydreaming,VNDB
tag_928227b8af,DC Comics,SFW,Theme,,VNDB
tag_e05b2eb312,Deaf Heroine,SFW,Character,Hard-of-Hearing Heroine|Heroine with a Hearing Disability,VNDB
tag_87137c066f,Deaf Protagonist,SFW,Character,Hard-of-Hearing Protagonist|Protagonist with a Hearing Disability,VNDB
tag_de4d6c60db,Death Game,SFW,Theme,,AniList|VNDB
tag_1dd9bf1ce8,Death Note,SFW,Theme,,VNDB
tag_8fedbceef9,Death of Hero,SFW,Character,Hero Dies|Hero's Demise,VNDB
tag_0f5a2e85f4,Death of Heroine,SFW,Character,Heroine Dies|Heroine's Demise,VNDB
tag_da1bda4093,Death of Protagonist,SFW,Character,Protagonist Dies|Protagonist's Demise,VNDB
tag_762f8817ab,Debt,SFW,Theme,Loan,VNDB
tag_6458a786fe,Deepthroat,NSFW,Sexual,Deep-throating|Gag fuck|Throat Fucking|deepthroat|深喉,E-Hentai|NHentai|VNDB
tag_cd6c416546,Deer,NSFW,Character,deer|鹿🦌,E-Hentai|NHentai
tag_3388b7d4cb,Deer Boy,NSFW,Character,deer boy|鹿男孩,E-Hentai
tag_abd16c873a,Deer Girl,NSFW,Character,deer girl|鹿女孩,E-Hentai|NHentai
tag_16fe483d06,Defaced,NSFW,Sexual,defaced|污损,E-Hentai|NHentai
tag_a88db99103,Defloration,NSFW,Sexual,Deflowering|Losing one's virginity|defloration|破处,E-Hentai|NHentai|VNDB
tag_47397381fb,Defloration by an Object,NSFW,Sexual,Virginity Loss to an Object,VNDB
tag_8cb5461fd9,Defloration by Others,NSFW,Sexual,Virginity Stealing,VNDB
tag_3babddb10c,Defloration During Common Route,NSFW,Sexual,Loss of virginity during common route,VNDB
tag_f904c46436,Deities,SFW,Theme,deity|gods,VNDB
tag_aa5a7c1631,Deity,SFW,Theme,,Kitsu
tag_a96ee7caf9,Deity Protagonist,SFW,Character,God Protagonist|Goddess Protagonist,VNDB
tag_3d71457715,Delinquent,SFW,Theme,,Kitsu
tag_389f6a4e9b,Delinquent Hero,SFW,Character,Furyou Hero|Yankee Hero,VNDB
tag_845c2612ef,Delinquent Heroine,SFW,Character,Furyou Heroine|Yankee Heroine,VNDB
tag_ec08605cb3,Delinquent Protagonist,SFW,Character,Furyou Protagonist|Yankee Protagonist,VNDB
tag_03c7fc31eb,Delinquents,SFW,Theme,,AniList|MangaDex
tag_88f315c839,Delusion,SFW,Theme,,VNDB
tag_76f8bdd4b5,Delusional Hero,SFW,Character,Deluded Hero,VNDB
tag_f8f2d7f390,Delusional Heroine,SFW,Character,,VNDB
tag_2836686ae0,Delusional Protagonist,SFW,Character,Deluded Protagonist,VNDB
tag_8b174e2c4b,Dementia,SFW,Theme,,Kitsu
tag_74186adf7f,Demon,SFW,Character,demon|恶魔,E-Hentai|Kitsu|NHentai
tag_2b06f7dce6,Demon Girl,NSFW,Character,demon girl|恶魔女孩,E-Hentai|NHentai
tag_7e34298ed9,Demon Hero,SFW,Character,,VNDB
tag_e469cb5f4d,Demon Heroine,SFW,Character,,VNDB
tag_6756a0d4ce,Demon Protagonist,SFW,Character,Akuma Protagonist,VNDB
tag_12c2158c9f,Demonic Contract (Non Sexual),SFW,Character,Deal with the Devil (Non Sexual)|Demon Contract (Non Sexual)|Demon Pact (Non Sexual)|Demonic Pact (Non Sexual),VNDB
tag_5016aaf80a,Demonic Sect,SFW,Setting,Dark Murim|Demon Cult,ManhwaTaxonomy
tag_8f23f80251,Demons,SFW,Character,,AniList|MangaDex|VNDB
tag_7dd2e25a89,Denki Anma,NSFW,Character,denki anma|电气按摩,E-Hentai|NHentai
tag_695cdf736c,Denpa,SFW,Theme,,AniList|VNDB
tag_f8a03ef1a7,Depression (obsolete),SFW,Theme,,VNDB
tag_47ddc42121,Depth Grading,NSFW,Character,depth grading|深度分级,E-Hentai
tag_9602a0d8fb,Deredere Hero,SFW,Character,,VNDB
tag_04cca62fda,Deredere Heroine,SFW,Character,,VNDB
tag_1b80f5ac7e,Descriptions of Violence,SFW,Theme,,VNDB
tag_3fd6b6210e,Desert,SFW,Theme,,AniList|Kitsu|VNDB
tag_31c13f47ad,Design,SFW,Format,,VNDB
tag_8b071ad152,Design Story,SFW,Theme,Creating Story,VNDB
tag_3a62e5c549,Designer Hero,SFW,Character,,VNDB
tag_95fc9b4e96,Desperation,SFW,Theme,Desparate Situation|Hopeless Situation|Hopelessness,VNDB
tag_b6b08d6bcc,Destiny,SFW,Theme,Fate,VNDB
tag_499c585212,Destructive Event,SFW,Theme,,VNDB
tag_438ce7064e,Detached Sexual Content,NSFW,Acts,Only Extra Menu Sexual Scenes|Only Menu-Accessible H-Scenes,VNDB
tag_782169c908,Detached Sleeves,NSFW,Character,detached sleeves|分离袖子,E-Hentai|NHentai
tag_4af05d61b7,Detective,SFW,Theme,,AniList|Kitsu
tag_539d5cecb1,Detective Work,SFW,Theme,,VNDB
tag_70229c5a55,Determinant Antagonist,SFW,Theme,Choice Determined Antagonist,VNDB
tag_51fb09f52e,Dialogue Based,SFW,Format,,VNDB
tag_39f7e91b3f,Diaper,NSFW,Character,diaper|尿布,E-Hentai|NHentai
tag_22f0dcec93,Dice Game,SFW,Format,,VNDB
tag_23799679c0,Dick Growth,NSFW,Body,dick growth,NHentai
tag_fb180d4020,Dickgirl Heroine,SFW,Character,Newhalf (Not Born Male) Heroine|Newhalf Not Born Male Heroine|Shemale (Not Born Male) Heroine|Shemale Not Born Male Heroine,VNDB
tag_49bfaa079a,Dickgirl on Dickgirl,NSFW,Sexual,dickgirl on dickgirl|扶上扶,E-Hentai|NHentai|VNDB
tag_62f9e02cbb,Dickgirl on Female,NSFW,Sexual,dickgirl on female|扶上女,E-Hentai|VNDB
tag_970eea8544,Dickgirl on Male,NSFW,Sexual,dickgirl on male|扶上男,E-Hentai|NHentai|VNDB
tag_f1ece9eb87,Dickgirl Protagonist,SFW,Character,Newhalf (Not Born Male) Protagonist|Newhalf Not Born Male Protagonist|Shemale (Not Born Male) Protagonist|Shemale Not Born Male Protagonist,VNDB
tag_6021c1b91a,Dickgirls Only,NSFW,Character,dickgirls only|纯扶她,E-Hentai|NHentai
tag_cfebf2fa84,Dicknipples,NSFW,Body,dicknipples|阴茎乳头,E-Hentai|NHentai
tag_46a0035779,Different Love Interest(s) Per Protagonist,SFW,Format,,VNDB
tag_3e97d98385,Difficulty Settings,SFW,Format,Difficulty choice|Difficulty selection,VNDB
tag_0f84d01be2,Dildos,NSFW,Sexual,,VNDB
tag_5144187ce4,Dilf,NSFW,Relationship,dilf|熟男,E-Hentai|NHentai
tag_03318769a5,Dinosaur,NSFW,Character,dinosaur|恐龙🦕|恐龙🦖,E-Hentai|NHentai
tag_87f9c39b9e,Dinosaurs,SFW,Theme,,AniList|VNDB
tag_fb3fe350fc,Dirty Talk,NSFW,Sexual,Sex Talk|Talking Dirty,VNDB
tag_b143bd7bf7,Disability,SFW,Theme,,AniList
tag_c76d77401c,Disabled Hero,SFW,Character,Hero with Disability,VNDB
tag_7ce72b27af,Disabled Heroine,SFW,Character,Heroine with Disability,VNDB
tag_2031c2e3b1,Disabled Protagonist,SFW,Character,,VNDB
tag_dc7d52b729,Disappearance,SFW,Theme,,VNDB
tag_9dfb1965da,Disaster,SFW,Theme,,CinemaTaxonomy|Kitsu
tag_78360a7951,Discipline Committee Leader Heroine,SFW,Character,Disciplinary Committee Leader Heroine|Disciplinary Committee President Heroine|Discipline Committee President Heroine,VNDB
tag_5e129a6d5b,Discipline Committee Leader Protagonist,SFW,Character,Disciplinary Committee Leader Protagonist|Disciplinary Committee President Protagonist|Discipline Committee President Protagonist,VNDB
tag_9fd51c9ff6,Discipline Committee Member Hero,SFW,Character,Disciplinary Committe Member Hero|Fuukiiin|Morals Committee Member Hero|風紀委員,VNDB
tag_6b0d44bc15,Discipline Committee Member Heroine,SFW,Character,,VNDB
tag_232e21de4c,Discipline Committee Member Protagonist,SFW,Character,,VNDB
tag_7b266da47a,Disco Elysium,SFW,Theme,,VNDB
tag_a3ba1ea6ff,Discreet Masturbation,NSFW,Acts,,VNDB
tag_44df000176,Discreet Phone Sex,NSFW,Acts,Discreet Cellphone Sex,VNDB
tag_d198aa8635,Discreet Sex,NSFW,Acts,Blindspot Sex,VNDB
tag_974418acf6,Discrimination,SFW,Theme,Bigotry|Homophobia|Prejudice|Racism|Sexism|Stereotyping,VNDB
tag_3d7840646b,Dismantling,NSFW,Character,dismantling|拆解,E-Hentai|NHentai
tag_f07072d80d,Displays,SFW,Format,,VNDB
tag_cbad2f1577,Dissociative Identities,SFW,Theme,,AniList
tag_c0158cecef,Divine Beings,SFW,Theme,divinity,VNDB
tag_9bf0cb0d13,Divine Hero,SFW,Character,,VNDB
tag_040c17d714,Divine Heroine,SFW,Character,,VNDB
tag_7f76cd5ae4,Divine Protagonist,SFW,Character,,VNDB
tag_f1e18bc851,Divorcee Hero,SFW,Character,Divorced Hero|Ex-Husband Hero,VNDB
tag_303987b9ca,Divorcee Heroine,SFW,Character,Divorced Heroine|Ex-wife Heroine,VNDB
tag_d34956bf35,Divorcee Protagonist,SFW,Character,Divorced Protagonist,VNDB
tag_176b42fded,Documentary,SFW,Genre,,CinemaTaxonomy
tag_06d80eb0c5,Dog,NSFW,Character,dog|狗🐕|狗🐩,E-Hentai|NHentai
tag_e8b17ba071,Dog Boy,NSFW,Character,dog boy|狗男孩,E-Hentai|NHentai
tag_1cbe41d721,Dog Cosplay,SFW,Theme,Dog Costume Roleplay,VNDB
tag_52fb07e7c6,Dog Girl,NSFW,Character,dog girl|狗女孩,E-Hentai|NHentai
tag_58cdfd0aaa,Dogboy Hero,SFW,Character,Dog Boy Hero|Dog Hero,VNDB
tag_39dd102864,Doggirl Heroine,SFW,Character,Dog-girl Heroine|Inukko Heroine,VNDB
tag_a993fe3269,Doggy Style,NSFW,Sexual,Doggie Style,VNDB
tag_d28d2d3560,Dogs,SFW,Theme,Inu|Wanko,VNDB
tag_eb2470682f,Doll Joints,NSFW,Character,doll joints|关节娃娃,E-Hentai|NHentai
tag_36cdf8b887,Dolphin,NSFW,Character,dolphin|海豚🐬,E-Hentai|NHentai
tag_4fae30b911,Domestic Violence,SFW,Theme,domestic abuse|family violence,VNDB
tag_b94e0e7b5a,Domicile,SFW,Theme,Home,VNDB
tag_8070bc7e39,Domination Loss,NSFW,Character,domination loss|统治丢失,E-Hentai|NHentai
tag_7959dbd47b,Dominatrix Heroine,SFW,Character,Joou-sama Heroine,VNDB
tag_3273d58cd2,Donkan Protagonist,SFW,Character,Dense about Love Protagonist|Romantically Insensitive Protagonist,VNDB
tag_9443b0fceb,Donkey,NSFW,Character,donkey|驴,E-Hentai|NHentai
tag_3087cc9fec,Dormitory Manager Heroine,SFW,Character,,VNDB
tag_63e6b6c03a,Dormitory Manager Protagonist,SFW,Character,,VNDB
tag_5223cbd000,Double Anal,NSFW,Acts,double anal|双插肛门,E-Hentai|NHentai
tag_8e2dceb93a,Double Blowjob,NSFW,Character,double blowjob|一口二鸟,E-Hentai|NHentai
tag_ed276b88bc,Double Dildos,NSFW,Sexual,Double Headed Dildo|Double Penetration Dildo|Double-Ended Dildos|Lily Connector|Two Headed Dildo,VNDB
tag_0a6f605eca,Double Handjob,NSFW,Acts,,VNDB
tag_c233bce615,Double Penetration,NSFW,Character,double penetration|双重插入,E-Hentai|NHentai
tag_24646c6884,Double Penetration (Group Sex),NSFW,Acts,Anal + Vaginal Penis Insertion|Anal + Vaginal Penis Penetration|DP (Group Sex)|Vaginal + Anal Penis Insertion|Vaginal + Anal Penis Penetration,VNDB
tag_ea7a154c6a,Double Vaginal,NSFW,Body,double vaginal|双插阴道,E-Hentai|NHentai
tag_8f5bcff282,Dougi,NSFW,Character,dougi|练功服🥋,E-Hentai|NHentai
tag_4f80079ace,Doujinshi,SFW,Format,,MangaDex|MangaUpdates
tag_63d8d0ad48,Draenei,NSFW,Character,draenei|德莱尼,E-Hentai
tag_8621ffdbc5,Dragon,NSFW,Character,dragon|龙🐉,E-Hentai|Kitsu|NHentai|VNDB
tag_6d9c452318,Dragon Ball,SFW,Theme,Dragon Ball Daima|Dragon Ball GT|Dragon Ball Super|Dragon Ball Z|Dragon Ball Z Kai|Super Dragon Ball Heroes,VNDB
tag_e20e20c779,Dragon Hero,SFW,Character,,VNDB
tag_2b0e1f16fe,Dragon Heroine,SFW,Character,,VNDB
tag_8da69e0db1,Dragon Protagonist,SFW,Character,,VNDB
tag_809a2eb7eb,Dragon Quest,SFW,Theme,DQ|Dragon Warrior|ドラゴンクエスト,VNDB
tag_58b3221f4b,Dragons,SFW,Theme,,AniList
tag_cd672af231,Drama,SFW,Genre,,CinemaTaxonomy|Kitsu|MangaDex|MangaUpdates|VNDB
tag_2755c322d8,Drama Club,SFW,Genre,Acting Club|Theatre Club,VNDB
tag_01829bff3e,Dramatic Love Triangle,SFW,Relationship,,VNDB
tag_dfa4536e72,Drastic Character Development (positive),SFW,Theme,Changes for the better|From zero to hero|Radical Character Development,VNDB
tag_d8eb876294,Drawing,SFW,Theme,,AniList
tag_8812662dcf,Dream,SFW,Theme,,VNDB
tag_b4a92d9460,Drifting,SFW,Theme,,Kitsu
tag_c76b025612,Drill Dildo,NSFW,Sexual,Drilldo,VNDB
tag_939176ec54,Drill Hair,NSFW,Character,drill hair|螺旋辫,E-Hentai|NHentai
tag_eaa370388e,Driver Hero,SFW,Character,,VNDB
tag_2c83e7363f,Driver Heroine,SFW,Character,,VNDB
tag_001da549a7,Driver Protagonist,SFW,Character,,VNDB
tag_5ce7d32c51,Drop-Out Protagonist,SFW,Character,Drop Out Protagonist|drop out protagonist,VNDB
tag_2295d73a84,Drug Use,SFW,Theme,Drug abuse|Drug addiction|Recreational drug use,VNDB
tag_8266cbec22,Drugs,NSFW,Character,drugs|药物,AniList|E-Hentai|NHentai
tag_4bfda39fbe,Drunk,NSFW,Situation,drunk|醉酒,E-Hentai|NHentai
tag_1ed153ed42,Drunk Sex,NSFW,Acts,Alcohol-induced Sex|Sex Involving Alcohol,VNDB
tag_d73dabbfa3,Dual Wielding Daggers,SFW,Theme,,VNDB
tag_09d70d844b,Dual Wielding Pistols,SFW,Theme,pistols akimbo,VNDB
tag_fe7643dbbe,Dual Wielding Swords,SFW,Theme,,VNDB
tag_b8032374c4,Duct Tape Bondage,NSFW,Fetish,Tape Bondage,VNDB
tag_c5bf62a08a,Duel,SFW,Theme,one-on-one fight,VNDB
tag_2dd881e1e0,Duke of the North,SFW,Character,Cold Duke|Northern Duke,ManhwaTaxonomy
tag_dcf439af4a,Dullahan,SFW,Theme,,AniList
tag_e0dc3209a1,Dungeon,SFW,Setting,Dungeon Crawl|Labyrinth,AniList|ManhwaTaxonomy
tag_e2321b27d1,Dungeon Crawling Game,SFW,Format,Dungeon Crawler|Maze,VNDB
tag_5061f0614e,Dying Hero,SFW,Character,Terminal Patient Hero|Terminally Ill Hero,VNDB
tag_1d8777eb2b,Dying Heroine,SFW,Character,Terminal Patient Heroine|Terminally Ill Heroine,VNDB
tag_050dc4cfc5,Dying Protagonist,SFW,Character,Terminal Patient Protagonist|Terminally Ill Protagonist,VNDB
tag_53542b1eea,Dying Sex,NSFW,Acts,Snuff porn,VNDB
tag_b72f3bd391,Dynamic,SFW,Theme,,Kitsu
tag_bef62a6828,Dystopia,SFW,Theme,anti-utopia|cackotopia|cacotopia|dystopic|kakotopia,Kitsu|VNDB
tag_eea88cc7e0,Dystopian,SFW,Theme,,AniList|CinemaTaxonomy
tag_94f7850ad7,E-Sports,SFW,Genre,e sports,AniList
tag_2b782f625d,Ear-Cleaning,SFW,Theme,Mimikaki|ear cleaning,VNDB
tag_173fbcb98e,Ear Fuck,NSFW,Character,ear fuck|耳交👂,E-Hentai|NHentai
tag_6559fb7261,Early Branching Plot,SFW,Format,,VNDB
tag_023015d06e,Early Modern Period Earth,SFW,Setting,Age of Enlightenment|Renaissance,VNDB
tag_edda5772de,Early Sexual Content,NSFW,Acts,Instant Sex Scenes,VNDB
tag_852488ddd9,Earth,SFW,Theme,,Kitsu|VNDB
tag_5fc5aa0195,Eating Disorder,SFW,Theme,,VNDB
tag_2f4473b958,Ecchi,SFW,Genre,,Kitsu|MangaUpdates
tag_efb3778c30,Eco-Horror,SFW,Genre,eco horror,AniList
tag_6b9ed75dae,Economics,SFW,Theme,,AniList
tag_2d52f7725a,Edo Era,SFW,Theme,Edo Jidai|Edo Period|Tokugawa Era|Tokugawa Jidai|Tokugawa Period|徳川時代|江戸時代,VNDB
tag_8abfa863f7,Educational,SFW,Theme,Educational Entertainment|Edutainment,AniList|VNDB
tag_874009492f,Eel,NSFW,Character,eel|鳗鱼,E-Hentai|NHentai
tag_ab92d9fae5,Eggs,NSFW,Character,eggs|产卵,E-Hentai|NHentai
tag_41fc636747,Egyptian Mythology,SFW,Theme,,VNDB
tag_f8b35bc193,Ejaculation Choice,NSFW,Acts,Chose where to Cum|Cum inside/cum outside,VNDB
tag_2d7f171c1e,Ejaculation Forewarner,SFW,Format,Cum Forewarner|Cum Meter|Cum Warner|Ejaculation Meter|Ejaculation Warner|Orgasm Forewarner|Orgasm Meter|Orgasm Warner,VNDB
tag_ff10a3ba25,Elderly Protagonist,SFW,Theme,,AniList
tag_aa3f34a36c,Elderly Sex,NSFW,Acts,Geriatric Sex|Oldies but Goldies,VNDB
tag_ad6ce93125,Electric Shocks,NSFW,Character,electric shocks|电击,E-Hentai|NHentai
tag_69e766ccea,Elemental Beings,SFW,Theme,Air elemental|Dryad|Earth elemental|Fire elemental|Salamander|Sylph|Undine|Water Elemental,VNDB
tag_0ebeb18839,Elementary School,SFW,Setting,Primary School|elementary school,Kitsu|VNDB
tag_b6ebd82574,Elementary School Student,SFW,Setting,,VNDB
tag_0e0f2524f9,Elementary School Student Hero,SFW,Character,Primary School Student Hero,VNDB
tag_b7f210d1c7,Elementary School Student Heroine,SFW,Character,Primary School Student Heroine,VNDB
tag_35d80fda88,Elementary School Student Protagonist,SFW,Character,Primary School Student Protagonist,VNDB
tag_6a7f245843,Elements,SFW,Theme,,Kitsu
tag_e4b48fd541,Elephant,NSFW,Character,elephant|象🐘,E-Hentai
tag_8e11bc7fa9,Elephant Boy,NSFW,Character,elephant boy|象男孩,E-Hentai
tag_5fcc1ad723,Elephant Girl,NSFW,Character,elephant girl|象女孩,E-Hentai
tag_aab4b125bc,Elf,NSFW,Character,elf|精灵🧝‍♀️|精灵🧝‍♂️,AniList|E-Hentai|Kitsu|NHentai
tag_de2f2722bc,Elf Hero,SFW,Character,,VNDB
tag_30cf523f7b,Elf Heroine,SFW,Character,,VNDB
tag_31668f6422,Elf Protagonist,SFW,Character,Elven Protagonist,VNDB
tag_7f8ef5e749,Elopement,SFW,Theme,,VNDB
tag_15e747dc62,Elves,SFW,Theme,Elven,VNDB
tag_2d13ebe5f2,Emotionless Hero,SFW,Character,Deadpan Hero|Expressionless Hero,VNDB
tag_0cdea79920,Emotionless Heroine,SFW,Character,Deadpan Heroine|Expressionless Heroine,VNDB
tag_a6bf6fcf08,Emotionless Protagonist,SFW,Character,Expressionless Protagonist,VNDB
tag_abb709e615,Emotionless Sex,NSFW,Acts,emotionless sex|性冷淡,E-Hentai|NHentai
tag_5420a70e67,Emperor Protagonist,SFW,Character,Empress Protagonist,VNDB
tag_8e33ccdbfa,Encasement,SFW,Theme,Cocoon|Pod|Stasis,VNDB
tag_deeb6f5001,Ending,SFW,Format,,VNDB
tag_0103822f09,Ending List,SFW,Format,Ending Checklist,VNDB
tag_58666e06fd,Ending Scene Recollection,SFW,Format,,VNDB
tag_314417db29,Enema,NSFW,Sexual,enema|灌肠,E-Hentai|NHentai|VNDB
tag_781a0e3dcf,Enemies to Lovers,SFW,Relationship,Rivalry to Romance,ManhwaTaxonomy
tag_63bb504de8,Energetic Heroine,SFW,Character,Sporty Heroine,VNDB
tag_42749ea035,Energy Transfer via Sex,NSFW,Acts,,VNDB
tag_2debcddd30,Enforced Playing Order,SFW,Format,Enforced Ending Order|Enforced Route Order,VNDB
tag_7a50b5d72d,Engineer Hero,SFW,Character,,VNDB
tag_e58761e2ae,Engineer Heroine,SFW,Character,,VNDB
tag_a72d825b8a,Ensemble Cast,SFW,Theme,,AniList
tag_3bbfdace1e,Environmental,SFW,Theme,,AniList
tag_36e8afbe2e,Environmentalism,SFW,Theme,Green,VNDB
tag_020be165a3,Epic,SFW,Theme,,CinemaTaxonomy
tag_9e29c075cc,Epidemic,SFW,Theme,Outbreak|Pandemic|Plague,Kitsu|VNDB
tag_36bca60339,Episodic,SFW,Theme,,AniList
tag_eacdbcbbb7,Episodic Story,SFW,Format,Story by episodes,VNDB
tag_30fe0b8245,Epistolary Storytelling,SFW,Format,Epistolary Novel|Story told through documents|Story told through letters,VNDB
tag_37483077b7,Erotic Beating (Consensual),NSFW,Situation,Erotic Fighting (Consensual)|Erotic Hitting (Consensual)|Erotic Punching (Consensual)|Erotic Slapping (Consensual),VNDB
tag_b56e0cb190,Erotic Beating (Non-Consensual),NSFW,Situation,Erotic Fighting (Non-Consensual)|Erotic Hitting (Non-Consensual)|Erotic Punching (Non-Consensual)|Erotic Slapping (Non-Consensual)|Gyaku-Ryona|Ryona|Ryonani|erotic beating (non consensual),VNDB
tag_e6af1278f0,Erotic Electrostimulation,NSFW,Sexual,E-stim|Electro Sex|Electrosex|Erotic Electrocution,VNDB
tag_ab2a073644,Erotic Massage,NSFW,Sexual,Sexual Massage,VNDB
tag_e8db55c36a,Erotic Mind Control,NSFW,Fetish,Erotic Brainwashing|Saiinjutsu|Saimin|Saiminjutsu|Sex Involving Hypnosis|Sexual Hypnotism,VNDB
tag_c0017b91ac,Erotic Mind Control Roleplay,NSFW,Fetish,Hypnotism Roleplay|Saimin Roleplay|Simulated Erotic Mind Control,VNDB
tag_0e74ee05be,Erotic Mummification,NSFW,Sexual,Total Enclosure Fetishism,VNDB
tag_15277170f3,Erotic Spanking,NSFW,Sexual,Sexual Spanking|Spankophilia,VNDB
tag_992b1e3e7b,Eroticised Amputation,NSFW,Paraphilic/Fetish,,VNDB
tag_57f2424b63,Eroticized Racism,NSFW,Sexual,Kinky Racism|Non-consensual Raceplay,VNDB
tag_bd52fdd093,Escape Game,SFW,Format,Escape the Room|Room Escape,VNDB
tag_4878a0c647,Esp,SFW,Theme,ESP|Mental Powers|Psionic Abilities|Psychic Powers|Telepathy,VNDB
tag_f2f8d5128e,Espionage,SFW,Theme,Spying,AniList|VNDB
tag_3f37694eeb,Esports,SFW,Theme,Electronic Sports,VNDB
tag_1a408e2370,Estranged Family,SFW,Theme,,AniList
tag_2ee22c0a5c,Ethnically Diverse Cast,SFW,Theme,Ethnic Diversity|Ethnically Diverse Casting|Ethnically Diverse Characters|Racial Diversity|Racially Diverse Cast|Racially Diverse Characters,VNDB
tag_7612e84033,Europe,SFW,Theme,,Kitsu|VNDB
tag_1565b932ff,Event CGs,SFW,Format,,VNDB
tag_ad013fd05c,Evil Route,SFW,Format,Bad Route,VNDB
tag_19104ff26f,Excessive Semen,NSFW,Sexual,Buckets of Cum|Excessive amount of cum|Excessive amount of semen,VNDB
tag_ffc92c458b,Execution,SFW,Theme,,VNDB
tag_7aa423ec39,Executive Hero,SFW,Character,CEO Hero|CFO Hero|COO Hero|Chief Executive Officer Hero|Chief Financial Officer Hero|Chief Operations Officer Hero|Company President Hero|Senior Manager Hero|Shachou Hero|社長,VNDB
tag_47f66c469f,Exhibitionism,NSFW,Sexual,exhibitionism|露阴癖,E-Hentai|NHentai|VNDB
tag_bdcb001b3e,Existential Crisis,SFW,Theme,,VNDB
tag_ef79f49c94,Exorcism,SFW,Theme,,AniList|VNDB
tag_f7bd5abc7a,Exposed Clothing,NSFW,Character,exposed clothing|开洞装,E-Hentai|NHentai
tag_428e967e1e,Extraneous Ads,NSFW,Sexual,extraneous ads|外部广告,E-Hentai
tag_73a11c2a1b,Extraterrestrial,SFW,Theme,Alien,VNDB
tag_5f22a52b6d,Extremely (un)Lucky Heroine,SFW,Character,lucky heroine|unlucky heroine,VNDB
tag_58ec6be8de,Extremely (un)Lucky Protagonist,SFW,Character,lucky protagonist|unlucky protagonist,VNDB
tag_c7bc2d4a0a,Extremely Small Hero,SFW,Character,Palmtop Hero,VNDB
tag_49d1dd981c,Extremely Small Heroine,SFW,Character,Palmtop Heroine,VNDB
tag_d4730bcbb0,Extremely Small Protagonist,SFW,Character,Palmtop Protagonist|Tiny Protagonist,VNDB
tag_135ccac6c8,Eye Covering Bang,NSFW,Character,eye-covering bang|长刘海,E-Hentai|NHentai
tag_704c9b3c50,Eye Penetration,NSFW,Character,eye penetration|插入眼睛,E-Hentai|NHentai
tag_a31c93d709,Eyemask,NSFW,Character,eyemask|眼部面具,E-Hentai|NHentai
tag_81b7cae625,Eyepatch,NSFW,Appearance,eyepatch|眼罩,E-Hentai|NHentai
tag_ffd85eb1b0,Face-farting,NSFW,Sexual,Eproctophilia|Face Farting|Facefarting|Fart Domination|Gasplay|face farting,VNDB
tag_289f519a2b,Facesitting,NSFW,Sexual,face sitting|facesitting|kinging|queening|坐脸,E-Hentai|NHentai|VNDB
tag_01f09b84a7,Facial Hair,NSFW,Character,facial hair|胡子,E-Hentai|NHentai
tag_6defc6e8a1,Facial Hair Option,SFW,Format,Beard Option,VNDB
tag_d7b075b507,Fairies,SFW,Theme,Fae|Faerie|Faeries|Faery|Fairy|Fay,VNDB
tag_9820da2cac,Fairy,NSFW,Character,fairy|妖精🧚‍♀️|妖精🧚‍♂️,AniList|E-Hentai|NHentai
tag_3b37364b12,Fairy Hero,SFW,Character,Fae Hero|Faerie Hero|Faery Hero|Fay Hero,VNDB
tag_cd3be04b14,Fairy Heroine,SFW,Character,Fae Heroine|Faerie Heroine|Faery Heroine|Fay Heroine,VNDB
tag_7e284799ca,Fairy Protagonist,SFW,Character,,VNDB
tag_b2a24e8c97,Fairy Support Character,SFW,Theme,,VNDB
tag_d0ca623273,Fairy Tale,SFW,Theme,Folklore|Folktales,AniList|VNDB
tag_d229483fc7,Fake Choices,SFW,Format,Fake Options|Forced Choices,VNDB
tag_7255a26942,Fake Relationship,SFW,Theme,,AniList
tag_c89781021c,Falling to Evil (sexual),NSFW,Acts,Akuochi (sexual)|Corruption To Evil (sexual)|Face Heel Turn (sexual)|悪堕ち,VNDB
tag_5c233481ec,Falsely Accused,SFW,Theme,False Accusation|Proving One's Innocence,VNDB
tag_0d3fda0bdb,Family,SFW,Genre,Found Family|Wholesome Family,CinemaTaxonomy|Kitsu|ManhwaTaxonomy|VNDB
tag_575452df6d,Family Drama,SFW,Genre,Conflict Within a Family|Parent and Child Drama|Sibling Drama,VNDB
tag_266dedd886,Family Feud,SFW,Theme,Feuding families,VNDB
tag_15698158aa,Family Life,SFW,Theme,,AniList
tag_c0c3fe51f3,Family Life Comedy,SFW,Genre,Household Comedy,VNDB
tag_4a6bc677d8,Fan Colored,SFW,Format,,MangaDex
tag_3cf74be96d,Fan-fiction,SFW,Format,Fan Fiction|Fan-fic|Fanfic|Fanfiction|fan fiction,VNDB
tag_6abd8cd100,Fanny Packing,NSFW,Character,fanny packing|人肉腰包,E-Hentai
tag_7a1c07ff60,Fantasy,SFW,Genre,,CinemaTaxonomy|Kitsu|MangaDex|MangaUpdates|VNDB
tag_4d6b3676a7,Fantasy World,SFW,Genre,fantasy world,Kitsu
tag_e67ed91b51,Farm,SFW,Theme,Farmstead|Ranch,VNDB
tag_a1162d2d92,Farmer Hero,SFW,Character,Farmguy Hero,VNDB
tag_ee7db1723f,Farmer Heroine,SFW,Character,Farmgirl Heroine,VNDB
tag_c39497ca54,Farmer Protagonist,SFW,Character,,VNDB
tag_1ac7061ca1,Farming,SFW,Theme,Agriculture|Homestead,ManhwaTaxonomy
tag_7a7c0369db,Fart Fetishism,NSFW,Fetish,,VNDB
tag_dabc93d60a,Farting,NSFW,Character,farting|放屁,E-Hentai|NHentai
tag_4f4b914d6d,Fashion,SFW,Theme,,AniList
tag_c235c76ef3,Fast Mini-games,SFW,Format,Minigames|fast mini games,VNDB
tag_0de959beaa,Father,NSFW,Character,father|父亲,E-Hentai|NHentai
tag_adf8301b39,Father Support Character,SFW,Theme,,VNDB
tag_b82b891037,Father/Daughter Incest,NSFW,Relationship,,VNDB
tag_e2714fdbb8,Father/Daughter Romance,SFW,Relationship,,VNDB
tag_866d5ae8e6,Father/Son Incest,NSFW,Relationship,,VNDB
tag_d3a127b4c2,Father/Son Romance,SFW,Relationship,,VNDB
tag_58a2886e47,Fathercon Heroine,SFW,Character,Father Complex Heroine|Father-con Heroine,VNDB
tag_b4d9d982f0,Fathercon Protagonist,SFW,Character,Father Complex Protagonist|Father-con Protagonist,VNDB
tag_e54e288282,Fear of Death,SFW,Theme,Necrophobia,VNDB
tag_6e57d8bfff,Feature Film,SFW,Format,,CinemaTaxonomy
tag_a522dfea2d,Feeder Fetish,SFW,Theme,Feederism|Feedism|Gaining|Weight Gain Fetish,VNDB
tag_e03f906348,Feet,SFW,Theme,,AniList
tag_6f0b16751d,Feet Licking,NSFW,Sexual,Feet Worship|Foot Licking|Foot Worship,VNDB
tag_9da8c1c4b4,Female Domination,NSFW,Sexual,Female Dominance|Femdom,VNDB
tag_c2fdd3ddb4,Female Domination Only,NSFW,Sexual,,VNDB
tag_d09cb471d2,Female Ejaculation,NSFW,Acts,Gushing|Squirting,VNDB
tag_ea09cca97a,Female Friend,SFW,Theme,,VNDB
tag_02ca7f287a,Female Harem,SFW,Relationship,,AniList
tag_7518ba9adc,Female Protagonist,SFW,Character,,AniList|VNDB
tag_a631db7f2f,Female Protagonist for a Short Time,SFW,Format,,VNDB
tag_84ba1f7014,Female Student,SFW,Theme,female student,Kitsu
tag_f01d952e0d,Female Teacher,SFW,Theme,female teacher,Kitsu
tag_111e15c0a3,Females Only,NSFW,Character,females only|纯女性⚢,E-Hentai|NHentai
tag_bbbd219ae2,Femboy,SFW,Theme,,AniList
tag_4d238f0545,Femdom,NSFW,Fetish,femdom|女性主导,AniList|E-Hentai|NHentai
tag_c70b00476b,Feminization,NSFW,Character,Petticoating|Pinaforing|Sissification|Trap Transformation|feminization|女性化,E-Hentai|NHentai|VNDB
tag_39c8689afa,Fencing,SFW,Theme,,AniList
tag_ae8fc55ccd,Festival,SFW,Theme,,VNDB
tag_1cedf2738f,Feudal Warfare,SFW,Theme,feudal warfare,Kitsu
tag_263bd67e68,Few Choices,SFW,Format,Limited Choices,VNDB
tag_06417aeaee,Few Event CGs,SFW,Format,Few CGs,VNDB
tag_96fa5eb166,Fff Threesome,NSFW,Relationship,fff threesome|女3P,E-Hentai|NHentai
tag_a1952af18b,Ffm Threesome,NSFW,Relationship,ffm threesome|女男女3P,E-Hentai|NHentai
tag_b7a5285d25,Fft Threesome,NSFW,Relationship,fft threesome|女扶女3P,E-Hentai|NHentai
tag_95ee0ee171,Fictional Beings,SFW,Theme,Fantastic Beings|Fantastic Creatures|Fictional Creatures,VNDB
tag_198a6b6529,Fictional Futuristic Japanese Town,SFW,Theme,,VNDB
tag_fa83b2fb27,Fictional Island Near Futuristic Japan,SFW,Setting,Fictional Island Near Future Japan,VNDB
tag_109b0d9a16,Fictional Japanese-Style Nation,SFW,Theme,Fictional Japanese-Style Country|fictional japanese style nation,VNDB
tag_c0635f8713,Fictional Medieval Japan,SFW,Setting,Fictional Feudal Japan|Fictional Middle Ages Japan,VNDB
tag_f1b98988d5,Fictional Modern Day Earth,SFW,Setting,Fictional Contemporary Earth,VNDB
tag_f2fc17078d,Fictional Modern Day European Town,SFW,Setting,,VNDB
tag_638afd5130,Fictional Modern Day Japanese Countryside,SFW,Setting,Fictional Contemporary Japanese Countryside|Fictional Contemporary Japanese Rural Area|Fictional Modern Day Japanese Rural Area,VNDB
tag_536d681e00,Fictional Modern Day Japanese Island,SFW,Setting,Fictional Contemporary Japanese Island|Fictional Contemporary Japanese Isle|Fictional Modern Day Japanese Isle,VNDB
tag_c264ab20c5,Fictional Modern Day Japanese Town,SFW,Setting,Fictional Contemporary Japanese City|Fictional Contemporary Japanese Town|Fictional Modern Day Japanese City,VNDB
tag_1df9a60c5d,Fictional World,SFW,Theme,fantasy world,VNDB
tag_d57f7b4ef1,Fighting Game,SFW,Format,,VNDB
tag_99d61e67fe,Fighting Hero,SFW,Character,Fighting Capable Hero|Hero that can fight|Warrior Hero,VNDB
tag_0144ea5ab6,Fighting Heroine,SFW,Character,Fighting capable heroine|Heroine that can fight|Warrior Heroine,VNDB
tag_3cfd24fd83,Fighting Princess Heroine,SFW,Character,Fighting European-style Princess Heroine,VNDB
tag_16519b53a9,Fighting Protagonist,SFW,Character,Fighting capable Protagonist|Protagonist that can fight|Warrior Protagonist,VNDB
tag_cb071d80d1,Figure,NSFW,Sexual,figure|手办,E-Hentai|NHentai
tag_8a4692fd35,Figure Skater Heroine,SFW,Character,Ice Skating Heroine,VNDB
tag_ae593a7660,Film Noir,SFW,Genre,,CinemaTaxonomy
tag_ebd18ddcd3,Filming,NSFW,Character,filming|摄像,E-Hentai|NHentai
tag_99d34ea949,Filmmaking,SFW,Theme,,AniList
tag_0a1f526b13,Final Fantasy,SFW,Genre,FF,VNDB
tag_934e891051,Financial Domination,NSFW,Sexual,Findom,VNDB
tag_0a76fa9e50,Fingering,NSFW,Acts,fingering|指法,E-Hentai|NHentai|VNDB
tag_cdf0c9f578,Fire Torture,SFW,Theme,,VNDB
tag_e4b70d27eb,Firefighters,SFW,Theme,,AniList
tag_9e22ddf098,First Person Perspective,NSFW,Character,first person perspective|第一人称视角,E-Hentai|NHentai
tag_83e4a96aed,Fish,NSFW,Character,fish|鱼🐟,E-Hentai|NHentai|VNDB
tag_751efc4012,Fisherman Hero,SFW,Character,,VNDB
tag_b01eb6f1e2,Fisherman Heroine,SFW,Character,,VNDB
tag_59d852141a,Fisherman Protagonist,SFW,Character,,VNDB
tag_819a07afa4,Fishing,SFW,Theme,,AniList
tag_f8d3241723,Fishnets,NSFW,Character,fishnets|渔网,E-Hentai|NHentai
tag_264ac3608a,Fisting,NSFW,Sexual,fisting|拳交💪,E-Hentai|NHentai|VNDB
tag_31db504ef0,Fitness,SFW,Theme,,AniList
tag_f0192b0d49,Fitness Centre,SFW,Theme,Health Club|Public Gym,VNDB
tag_90deddec87,Five Nights at Freddy's,SFW,Theme,FNAF,VNDB
tag_535d5435b7,Flashback,SFW,Theme,,VNDB
tag_974cb27fa9,Flashforward,SFW,Theme,,VNDB
tag_549a269860,Flashing Lights,SFW,Format,Epileptic Lights|Seizure Lights|Strobe Lights,VNDB
tag_7082cd4772,Flat Tints Only,SFW,Format,Anime-style Shading,VNDB
tag_3826298f26,Flight Attendant Heroine,SFW,Character,Air Hostess Heroine|Cabin Crew Heroine|Stewardess Heroine,VNDB
tag_45acf6e851,Flight Attendant Protagonist,SFW,Character,Air Host Protagonist|Air Hostess Protagonist|Cabin Crew Protagonist|Steward Protagonist|Stewardess Protagonist,VNDB
tag_8c3ce82555,Flirtatious Hero,SFW,Character,,VNDB
tag_3e6b3aa507,Floating Island,SFW,Setting,floating island,Kitsu
tag_3ca34d720a,Floating Textbox,SFW,Format,Floating Frame|Speech Bubbles,VNDB
tag_7d991a2d7c,Focus Anal,NSFW,Acts,focus anal|高比例肛交,E-Hentai|NHentai
tag_6d79a6d24f,Focus Blowjob,NSFW,Character,focus blowjob|高比例口交,E-Hentai|NHentai
tag_0d479c9f0c,Focus Cunnilingus,NSFW,Acts,focus cunnilingus|高比例舔阴,E-Hentai
tag_3d06437d97,Focus Handjob,NSFW,Acts,focus handjob|高比例手交,E-Hentai
tag_fdf9fa8c56,Focus Paizuri,NSFW,Acts,focus paizuri|高比例乳交,E-Hentai|NHentai
tag_37a9866caa,Focus Rimjob,NSFW,Character,focus rimjob|高比例舔肛,E-Hentai
tag_3811727de5,Fog,SFW,Theme,Haze|Mist,VNDB
tag_62506be34d,Food,SFW,Theme,,AniList
tag_9c7eb99b14,Food Discussions,SFW,Theme,breakfast|dinner|lunch|obentou|picnic,VNDB
tag_7ce3b6b7f9,Food Gokkun,NSFW,Sexual,Cum On Food Consumption,VNDB
tag_24582188e7,Food on Body,NSFW,Body,food on body|女体盛|男体盛,E-Hentai|NHentai
tag_8142bda97c,Food Play,NSFW,Sexual,,VNDB
tag_d6dcd8aad2,Foolish Friend,SFW,Theme,Idiot Friend,VNDB
tag_0be39d30ea,Foolish Parent Support Character,SFW,Theme,Idiot Parent,VNDB
tag_4eaef8e875,Foolish Protagonist,SFW,Character,Blockhead Protagonist|Bonehead Protagonist|Idiot Protagonist|Silly Protagonist|Stupid Protagonist,VNDB
tag_f18faafe64,Foolish Villain,SFW,Theme,Idiot Villain,VNDB
tag_b930a2dd31,Foot Insertion,NSFW,Sexual,Feet Insertion|foot insertion|足插入,E-Hentai|NHentai|VNDB
tag_a70b7676dd,Foot Licking,NSFW,Character,foot licking|舔足,E-Hentai|NHentai
tag_37b4e2d829,Football,SFW,Theme,,AniList
tag_13717d35c0,Footjob,NSFW,Sexual,FJ|footjob|足交,E-Hentai|NHentai|VNDB
tag_46f6f4a7a6,Footjob on Multiple Penises,NSFW,Body,,VNDB
tag_d469ab69cd,Forbidden Content,NSFW,Sexual,forbidden content|禁止内容,E-Hentai
tag_b4a5937b1d,Forbidden Love,SFW,Theme,Forbidden Romance,VNDB
tag_fa879b3e52,Forced Auto-Read Sections,SFW,Format,Forced Auto-Scroll Sections|forced auto read sections,VNDB
tag_e3628b7c08,Forced Cross-dressing,NSFW,Sexual,Forced Feminization|forced cross dressing,VNDB
tag_fe88a0ceb8,Forced Exposure,NSFW,Character,forced exposure|强制暴露,E-Hentai|NHentai
tag_684a72e08f,Foreign,SFW,Theme,,AniList
tag_6a7ab9d254,Foreigner Hero,SFW,Character,Gaijin Hero|Non-Japanese Hero,VNDB
tag_888a596957,Foreigner Heroine,SFW,Character,Gaijin Heroine|Non-Japanese Heroine,VNDB
tag_1fb61cfbdb,Foreigner Protagonist,SFW,Character,Gaijin Protagonist|Non-Japanese Protagonist,VNDB
tag_948f065590,Foreskin Play,NSFW,Sexual,,VNDB
tag_f379cfd7a5,Forest,SFW,Theme,Woodland|Woods,VNDB
tag_60b0ef5f4f,Former All-boys School,SFW,Setting,former all boys school,VNDB
tag_520116046d,Former All-girls School,SFW,Setting,former all girls school,VNDB
tag_49bd4bdfe7,Formula Racing,SFW,Theme,formula racing,Kitsu
tag_cf4776ff45,Forniphilia,NSFW,Character,forniphilia|人体家具,E-Hentai|NHentai
tag_465f2d4231,Fortune-teller Heroine,SFW,Character,Diviner Heroine|Soothsayer Heroine|fortune teller heroine,VNDB
tag_233af75cbe,Found Family,SFW,Theme,Family of Choice,AniList|VNDB
tag_cf0b660300,Found Footage,SFW,Format,,CinemaTaxonomy
tag_2b95d1f09b,Fox,NSFW,Character,fox|狐狸🦊,E-Hentai|NHentai
tag_fcab4fbb20,Fox Boy,NSFW,Character,fox boy|狐男,E-Hentai|NHentai
tag_17cb1c9bf7,Fox Girl,NSFW,Character,fox girl|狐女,E-Hentai|NHentai
tag_f14801c76e,Foxes,SFW,Theme,Fox|Kitsune,VNDB
tag_b19c039a2b,Framed GUI,SFW,Format,Wrap-around GUI,VNDB
tag_e165d4f217,France,SFW,Theme,,Kitsu|VNDB
tag_d15f9f60e3,Freckles,NSFW,Character,freckles|雀斑,E-Hentai|NHentai
tag_aa5f945f76,Free Camera,SFW,Format,camera movement|camera pan,VNDB
tag_7661d0a05b,Free!,SFW,Theme,,VNDB
tag_53a25bfe96,French Kiss,NSFW,Sexual,Deep Kiss,VNDB
tag_93349189c5,Friendship,SFW,Theme,,Kitsu|VNDB
tag_e2c78bd08b,Friendship Ending,SFW,Format,,VNDB
tag_8102f38908,Friendship Route,SFW,Format,,VNDB
tag_938c2cc0dc,Frog,NSFW,Character,frog|青蛙🐸,E-Hentai|NHentai
tag_62b46b51b6,Frog Boy,NSFW,Character,frog boy|青蛙男孩,E-Hentai
tag_cc96d5e466,Frog Girl,NSFW,Character,frog girl|青蛙女孩,E-Hentai|NHentai
tag_5ed6668ad5,From Other Media,SFW,Theme,,VNDB
tag_ffeec98ef0,Frot,NSFW,Sexual,,VNDB
tag_c9683f77ff,Frottage,NSFW,Character,frottage|阴茎摩擦🤺,E-Hentai|NHentai
tag_e4c139569f,Fruits,SFW,Theme,Fruit,VNDB
tag_3f16e1e643,Fugitive,SFW,Theme,,AniList
tag_762a48cbc1,Full Body Tattoo,NSFW,Body,full body tattoo,NHentai
tag_6e887b311f,Full Censorship,NSFW,Sexual,full censorship|完全修正,E-Hentai|NHentai
tag_53e9fdd490,Full CGI,SFW,Theme,,AniList
tag_0feb46e26c,Full Chastity Belt,NSFW,Sexual,,VNDB
tag_f4a9cc7e7a,Full Color,NSFW,Sexual,full color|全彩,E-Hentai|MangaDex|NHentai
tag_ec45977d8f,Full Packaged Futanari,NSFW,Fetish,full-packaged futanari|有蛋扶她,E-Hentai
tag_69cc2027fd,Full Tour,NSFW,Character,full tour|消化道游览,E-Hentai
tag_7ca6baf16d,Fullmetal Alchemist,SFW,Theme,FMA|鋼の錬金術師,VNDB
tag_1f69a723e7,Fully Consensual BDSM Only,NSFW,Fetish,Only Consensual BDSM,VNDB
tag_1bcc5af95d,Fundoshi,NSFW,Character,fundoshi|六尺褌,E-Hentai|NHentai
tag_7ff0b6df94,Funeral,SFW,Theme,Burial|Burial Ceremony|Cremation,VNDB
tag_f96af09d8b,Furry,NSFW,Character,Anthropomorphic animals|furry|毛茸茸,E-Hentai|VNDB
tag_6b4730f4ef,Futanari,NSFW,Fetish,futanari|扶她,E-Hentai|NHentai
tag_3613fa869d,Futanari Heroine,SFW,Character,Hermaphrodite Heroine,VNDB
tag_ce194f0bd7,Futanari on Female,NSFW,Fetish,,VNDB
tag_9a9082a420,Futanari on Futanari,NSFW,Fetish,,VNDB
tag_5da1abe953,Futanari on Male,NSFW,Fetish,,VNDB
tag_118f45627c,Futanari Protagonist,SFW,Character,Hermaphrodite Protagonist,VNDB
tag_3135389d8f,Futanari Support Character,SFW,Theme,,VNDB
tag_d90850a6be,Futanarization,NSFW,Fetish,futanarization|扶她化,E-Hentai
tag_da907a1b8f,Future,SFW,Theme,,Kitsu|VNDB
tag_267cd45b70,Future China,SFW,Theme,,VNDB
tag_0379eab235,Future Earth,SFW,Theme,,VNDB
tag_b9616dd518,Future Forecasting,SFW,Theme,,VNDB
tag_f1b9763605,Future Japan,SFW,Theme,,VNDB
tag_6805e26026,Future Setting in a Fictional World,SFW,Theme,Future Setting in a Fantasy World,VNDB
tag_de29135dd4,Future Tokyo,SFW,Theme,,VNDB
tag_11a46e97a5,Future United States of America,SFW,Theme,Future America|Future USA,VNDB
tag_f37202adc7,Gacha Game,SFW,Format,Gachapon Game|Gasha Game|Gashapon Game,VNDB
tag_a5f9a8e4d3,Gag,NSFW,Character,gag|口塞,E-Hentai|NHentai
tag_10f6bf3832,Gambling,SFW,Theme,Betting|Games of Chance|Wagering,AniList|VNDB
tag_8db66ac001,Game Jam,SFW,Format,,VNDB
tag_89d816ea7f,Game Over,SFW,Format,Bad Endings without Story|Death Endings|Punishment Endings|Rape Endings,VNDB
tag_eb602da0a1,Game Saving Method,SFW,Format,game save|saved game|savegame,VNDB
tag_58729809d8,Gameplay Elements,SFW,Format,,VNDB
tag_ee1add8ac3,Gamer Hero,SFW,Character,,VNDB
tag_df9171d709,Gamer Heroine,SFW,Character,,VNDB
tag_0d7b40a168,Gamer Protagonist,SFW,Character,,VNDB
tag_967ef2eb34,Gaming,SFW,Theme,Gaming Themes|MMO Gaming|Video Gaming,VNDB
tag_16ca93df99,Gang,SFW,Theme,,VNDB
tag_10a25086ca,Gang Bang,NSFW,Sexual,gangbang,VNDB
tag_0913e68b2f,Gang Leader Hero,SFW,Character,Gang Boss Hero|Mafia Don Hero|Mob Boss Hero,VNDB
tag_813f7493c4,Gang Rape,NSFW,Situation,Pack Rape|gang rape|轮奸,E-Hentai|VNDB
tag_0e39843e16,Gangs,SFW,Theme,,AniList
tag_437e18ff45,Gangster Hero,SFW,Character,Chinpira Hero|Mafia Hero|Mobster Hero|ちんぴら,VNDB
tag_695430ea27,Gangster Heroine,SFW,Character,Mafia Heroine|Mafia Princess|Mobster Heroine,VNDB
tag_190e2f6047,Gangster Protagonist,SFW,Character,Mafia Protagonist|Mobster Protagonist,VNDB
tag_1e4642c236,Ganguro Heroine,SFW,Character,,VNDB
tag_65bafeb3c8,Gaping,NSFW,Sexual,gaping|敞口,E-Hentai|NHentai|VNDB
tag_0719a38e35,Gardening Club,SFW,Theme,,VNDB
tag_7ae126635e,Garter Belt,NSFW,Character,garter belt|吊袜带,E-Hentai|NHentai
tag_4886957b01,Gasmask,NSFW,Character,gasmask|防毒面具,E-Hentai|NHentai
tag_63d721d24d,Gate,SFW,Setting,Dimensional Gate|Portal|Rift,ManhwaTaxonomy
tag_2e1edce55c,Gauge Display,SFW,Format,Karma Meter|Life Bar|Penalty Counter,VNDB
tag_fed534b5ed,Gay Male Domination,NSFW,Sexual,Bara Domination|Homosexual Male Domination,VNDB
tag_8bd14310a0,Gay Shotacon,NSFW,Relationship,Yaoi Shotacon,VNDB
tag_c9b86b1ba3,Gender and Sexuality Related,SFW,Theme,,VNDB
tag_9f7dfca6cb,Gender Bender,SFW,Theme,gender bender,Kitsu|MangaUpdates|NHentai
tag_25322c416a,Gender Bending,SFW,Theme,Transgender,AniList|VNDB
tag_2557cc1f65,Gender Change,NSFW,Character,gender change|性转换,E-Hentai|NHentai
tag_04dbae6b75,Gender Morph,NSFW,Character,gender morph|女体化|男体化,E-Hentai|NHentai
tag_5275a9b691,Genderbent Sex,NSFW,Acts,,VNDB
tag_d657dfe5a9,Genderswap,SFW,Theme,,MangaDex
tag_bf774eb376,Genetic Modification,SFW,Theme,genetic modification,Kitsu
tag_8b155b7e11,Genetic Research,SFW,Theme,Bioengineering|DNR Alteration,VNDB
tag_c9971f15e8,Genie Hero,SFW,Character,Djinn|Djinn Hero|Genie,VNDB
tag_c945357cf7,Genital Piercing,NSFW,Sexual,Anal Piercing|Balls Piercing|Clitoris Piercing|Genital Jewellery|Penis Piercing|genital piercing|性器穿孔,E-Hentai|VNDB
tag_2ba8e595d5,Genius Hero,SFW,Character,,VNDB
tag_32871df779,Genius Heroine,SFW,Character,,VNDB
tag_34aebb4912,Genius Protagonist,SFW,Character,,VNDB
tag_c74912f5a2,Genius Support Character,SFW,Theme,,VNDB
tag_dd569f4884,Genocide,SFW,Theme,Holocaust,VNDB
tag_3898371c34,Genre Savvy Protagonist,SFW,Character,,VNDB
tag_60472975bb,Genre Shift,SFW,Theme,misleading game,VNDB
tag_322c784721,Genshin Impact,SFW,Theme,,VNDB
tag_6b999523e8,Gentle Protagonist,SFW,Character,caring protagonist|gentleman protagonist|kind protagonist|polite protagonist|sensitive protagonist|tender protagonist,VNDB
tag_6d8d155de8,Germanic Mythology,SFW,Theme,,VNDB
tag_28ef36b35a,Germany,SFW,Theme,Deutschland,Kitsu|VNDB
tag_71144850f4,Ghost,SFW,Character,Specter|Spectre|ghost|幽灵👻,AniList|E-Hentai|Kitsu|NHentai|VNDB
tag_5093bca2c8,Ghost Hero,SFW,Character,,VNDB
tag_2b4b604d71,Ghost Heroine,SFW,Character,,VNDB
tag_eea1756385,Ghost Protagonist,SFW,Character,,VNDB
tag_224d2dc8ba,Ghost Support Character,SFW,Theme,Specter Support Character|Spectre Support Character|Spirit Support Character,VNDB
tag_6ccfc0031b,Ghosts,SFW,Theme,,MangaDex
tag_54cf0d1582,Giant,NSFW,Character,giant|巨人,E-Hentai|NHentai
tag_2b351fe12b,Giant Sperm,NSFW,Character,giant sperm|巨大精子,E-Hentai|NHentai
tag_becba1d289,Giant Spider,SFW,Theme,Spider Monster,VNDB
tag_f2660150f3,Giantess,NSFW,Character,giantess|女巨人,E-Hentai|NHentai
tag_6fb88909a3,Gigantic Breasts,NSFW,Body,gigantic breasts|极乳,E-Hentai|NHentai
tag_1f495409cd,Gijinka,NSFW,Character,gijinka|拟人化,E-Hentai|NHentai
tag_74831e3768,Giraffe Boy,NSFW,Character,giraffe boy|长颈鹿男,E-Hentai
tag_c5c3a3d644,Giraffe Girl,NSFW,Character,giraffe girl|长颈鹿娘,E-Hentai
tag_7c1baba1cd,Girl x Girl Romance,SFW,Relationship,Girls Love|GxG Romance|Shoujo Ai|Yuri Romance,VNDB
tag_3a7c2fd0a2,Girl x Girl Romance Only,SFW,Relationship,Girls Love Only|GxG Romance Only|No Men Allowed|Pure Yuri,VNDB
tag_c318a75493,Girls' Frontline,SFW,Theme,Dolls Frontline|ドールズフロントライン|少女前线,VNDB
tag_1666061207,Girls' Love,SFW,Genre,,MangaDex
tag_215207dff5,Glasses,SFW,Appearance,glasses|眼镜👓,E-Hentai|NHentai
tag_3792412c09,Glasses Option,SFW,Format,Glasses On/Off,VNDB
tag_dcc270725c,Glory Hole,NSFW,Character,glory hole|寻欢洞,E-Hentai|NHentai
tag_1bf2cd280b,Glory Hole Sex,NSFW,Acts,Glory-Hole|Gloryhole,VNDB
tag_86ff54c048,Gloves,NSFW,Character,gloves|手套,E-Hentai|NHentai
tag_a94aa000f9,Goat,NSFW,Character,goat|山羊🐐,E-Hentai
tag_62b39a8bd0,Goblin,NSFW,Character,goblin|哥布林,AniList|E-Hentai|NHentai
tag_5a8bd91acd,God Hero,SFW,Character,,VNDB
tag_301810cabe,Goddess Heroine,SFW,Character,,VNDB
tag_3a73e551aa,Gods,SFW,Theme,,AniList
tag_b9cc451cb9,Gokkun,NSFW,Sexual,gokkun|ゴックン|饮精,E-Hentai|NHentai|VNDB
tag_62cdd4f895,Golden Week,SFW,Theme,Haru no Ōgata Renkyū|Ōgon Shūkan|ゴールデンウィーク|春の大型連休|黄金週間,VNDB
tag_62650cd9a5,Golem,SFW,Theme,,VNDB
tag_c6cf642b8f,Golf,SFW,Theme,,VNDB
tag_ae9121ad08,Gore,NSFW,Content,,AniList|MangaDex|VNDB
tag_4a726f415e,Gore Filter,SFW,Format,Gore Block|Grotesque Filter|Guro Filter,VNDB
tag_8621e77d22,Gorilla,NSFW,Character,gorilla|猩猩🦍,E-Hentai|NHentai
tag_1f72546944,Gothic,SFW,Genre,,CinemaTaxonomy
tag_9cc40e7317,Gothic Fiction,SFW,Format,Dark Romanticism|Gothic Horror|Gothic Romance,VNDB
tag_0ee2d17bd1,Gothic Lolita,NSFW,Character,gothic lolita|哥特萝莉装,E-Hentai|NHentai
tag_b317026f1e,Goudoushi,NSFW,Sexual,goudoushi|合作本,E-Hentai|NHentai
tag_30618461f5,Government,SFW,Theme,,VNDB
tag_af8db997c9,Graduation,SFW,Theme,,VNDB
tag_947d8911dc,Granddaughter,NSFW,Character,granddaughter|孙女,E-Hentai|NHentai
tag_f308b61632,Grandfather,NSFW,Character,grandfather|祖父,E-Hentai|NHentai
tag_79ba12d731,Grandfather Support Character,SFW,Theme,gramps|grandad/granddad|granddaddy|grandpa,VNDB
tag_59be3e2a85,Grandfather/Granddaughter Incest,NSFW,Relationship,,VNDB
tag_c3376ace97,Grandfather/Grandson Incest,NSFW,Relationship,,VNDB
tag_95d81d92a9,Grandmother,NSFW,Relationship,grandmother|祖母,E-Hentai|NHentai
tag_b76617e955,Grandmother Support Character,SFW,Theme,gran|grandma|grannie/granny|nan/nanna,VNDB
tag_f1a31c70d2,Grandmother/Grandson Incest,NSFW,Relationship,,VNDB
tag_47fab97f3c,Grapeshot,NSFW,Situation,,VNDB
tag_f4c2f61c2d,Graphic Style Change,SFW,Format,Changing Art Styles|Different Visual Styles,VNDB
tag_b942690175,Graphic Violence,SFW,Theme,,VNDB
tag_73b0472d43,Graphics,SFW,Format,Graphic Style|Visuals,VNDB
tag_621e423a1d,Greek Mythology,SFW,Theme,,VNDB
tag_851ca820af,Grotesque Body Modification,NSFW,Body,Extreme Body Modification,VNDB
tag_402c085e70,Grotesque Nipples,NSFW,Body,Dicknipple|Dicknipples|Enlarged Nipples|Holed Nipples|Penisnipples|Stretched Nipples,VNDB
tag_db0f6f37eb,Group,NSFW,Character,group|乱交,E-Hentai|NHentai
tag_3fa8bc655f,Group (4+) Boobjob,NSFW,Sexual,Multi-Mammary Intercourse|Multi-Paizuri|Multi-Titfuck,VNDB
tag_8ad7d6efbe,Group (4+) Footjob,NSFW,Sexual,Multi-FJ|Multi-footjob,VNDB
tag_91f338328f,Group (4+) Handjob,NSFW,Acts,Group Handjob|Multi Handjob,VNDB
tag_380e9b8ff9,Group of Friends,SFW,Theme,,VNDB
tag_4b15d40ba6,Group Sex,NSFW,Acts,,VNDB
tag_4443e86e44,"Group Sex Involving a Mix of Males, Females, and Gender Non-Conforming Individuals",NSFW,Acts,"group sex involving a mix of males, females, and gender non conforming individuals",VNDB
tag_36d0da34e3,Group Sex Involving Gender Non-conforming Individuals,NSFW,Acts,Group Sex Involving Dickgirls|Group Sex Involving Futanari|Group Sex Involving Genderqueer Individuals|Group Sex Involving Intersex Individuals|Group Sex Involving Non-binary Individuals|Group Sex Involving Transgender Individuals|group sex involving gender non conforming individuals,VNDB
tag_788b7b07fd,Group Sex of Multiple Females and Males,NSFW,Acts,Orgy,VNDB
tag_350eff72c3,Group Sex of One Female and Several Gender Non-conforming Individuals,NSFW,Acts,Group Sex of One Female and Multiple Gender Non-conforming Individuals|group sex of one female and several gender non conforming individuals,VNDB
tag_35c3feaa37,Group Sex of One Female and Several Males,NSFW,Acts,,VNDB
tag_3296df66c2,Group Sex of One Male and Several Females,NSFW,Acts,,VNDB
tag_4d4a60ee31,Group Sex of One Male and Several Gender Non-conforming Individuals,NSFW,Acts,Group Sex of One Male and Multiple Gender Non-conforming Individuals|group sex of one male and several gender non conforming individuals,VNDB
tag_5be6bc9a3d,Group Sex of Several Females,NSFW,Acts,Group Sex of Several Women|Lesbian Orgy|Yuri Orgy,VNDB
tag_3d85099274,Group Sex of Several Females and at Least One Gender Non-Conforming Individual,NSFW,Acts,Group Sex of Multiple Females and at Least One Gender Non-Conforming Individual|group sex of several females and at least one gender non conforming individual,VNDB
tag_fb37fae48f,Group Sex of Several Gender Non-conforming Individuals,NSFW,Acts,Group Sex of Multiple Gender Non-conforming Individuals|group sex of several gender non conforming individuals,VNDB
tag_b14d6979c5,Group Sex of Several Males,NSFW,Acts,Bara Orgy|Gay Orgy|Group Sex of Several Men|Yaoi Orgy,VNDB
tag_ca01dc8e7b,Group Sex of Several Males and at Least One Gender Non-Conforming Individual,NSFW,Acts,Group Sex of Multiple Males and at Least One Gender Non-Conforming Individual|group sex of several males and at least one gender non conforming individual,VNDB
tag_45a7eacb2c,Group Sex Participants,NSFW,Acts,,VNDB
tag_e7aa23e4fe,Group Sex with Clones,NSFW,Acts,Clone sex|Sex with clones,VNDB
tag_5ff58d62c1,Growth,NSFW,Character,growth|巨大化,E-Hentai|NHentai
tag_f7b79ffb78,Guide Heroine,SFW,Character,mountain guide heroine|museum guide heroine|park guide heroine|safari guide heroine|tour guide heroine|travel guide heroine,VNDB
tag_803c14aec7,Gundam,SFW,Theme,Kidou Senshi Gundam|Mobile Suit Gundam|機動戦士ガンダム,VNDB
tag_23153b3e7d,Gunfights,SFW,Theme,,Kitsu
tag_8ef9ae32e7,Guns,SFW,Theme,,AniList
tag_fd95520e3f,Guro,NSFW,Paraphilic/Fetish,guro|猎奇,E-Hentai|NHentai|VNDB
tag_88a41728c6,Gyaru,SFW,Character,gyaru|辣妹,AniList|E-Hentai|MangaDex|NHentai
tag_d454646fc8,Gyaru Heroine,SFW,Character,Kuro-Gyaru|White Gyaru|ギャル|白ギャル|黒ギャル,VNDB
tag_09ea07ba83,Gyaru Oh,NSFW,Character,gyaru-oh|黄毛,E-Hentai|NHentai
tag_8985968327,Gyaruo Hero,SFW,Character,Gyaru Hero|Gyaru-o Hero|ギャルオ|ギャル汚|ギャル男,VNDB
tag_9dc0c302fa,Gymnastic Heroine,SFW,Character,acrobat gymnastic heroine|aerobics heroine|artistic gymnastics heroine|fitness heroine|rhythmic gymnastics heroine|synchronized swimming heroine,VNDB
tag_251a0ca4fc,Gymshorts,NSFW,Body,gymshorts|运动短裤,E-Hentai|NHentai
tag_835bf024e4,Gynecologist Chair,NSFW,Body,Examination Table|Experiment Chair|Gynaecologist Chair|Gyno Chair|Medical Chair,VNDB
tag_51bcdd66ea,Gynophobic Hero,SFW,Character,Hero with Gynophobia,VNDB
tag_4b965b12ce,Gynophobic/Androphobic Protagonist,SFW,Character,Men-fearing Protagonist|Woman-fearing Protagonist,VNDB
tag_b233bd3f3b,Hacker Hero,SFW,Character,,VNDB
tag_027349e3d2,Hacker Heroine,SFW,Character,,VNDB
tag_04825ce323,Hacker Protagonist,SFW,Character,,VNDB
tag_dab64765f3,Hacking,SFW,Theme,Cracking,VNDB
tag_b2f3c2e572,Haigure,NSFW,Character,haigure|高叉装,E-Hentai|NHentai
tag_d468aae725,Haikyu!!,SFW,Theme,ハイキュー!!,VNDB
tag_ffa54378a2,Hair Buns,NSFW,Character,hair buns|丸子头,E-Hentai|NHentai
tag_c2f769c6e7,Hair Pulling (Sexual),NSFW,Body,,VNDB
tag_6c0fba5acd,Hairjob,NSFW,Body,hair job|hair sex|hairjob|发丝交,E-Hentai|NHentai|VNDB
tag_124abe2883,Hairstyle Option,SFW,Format,Hairdo Option,VNDB
tag_b0dc8c44be,Hairy,NSFW,Character,hairy|多毛,E-Hentai|NHentai
tag_d09c1130f8,Hairy Armpits,NSFW,Character,hairy armpits|腋毛,E-Hentai|NHentai
tag_7fd6b859a3,Half-angel Hero,SFW,Character,half angel hero,VNDB
tag_102bb2b06a,Half-angel Heroine,SFW,Character,half angel heroine,VNDB
tag_9706a7e9ab,Half-angel Protagonist,SFW,Character,half angel protagonist,VNDB
tag_adb120412c,Half-demon Hero,SFW,Character,half demon hero,VNDB
tag_9716d77057,Half-demon Heroine,SFW,Character,half demon heroine,VNDB
tag_be7b2da9c9,Half-demon Protagonist,SFW,Character,half demon protagonist,VNDB
tag_e50eedd15f,Half-dragon Protagonist,SFW,Character,half dragon protagonist,VNDB
tag_c3ef18ff94,Half-human Hero,SFW,Character,Half Human Hero|half human hero,VNDB
tag_6fe6c048c1,Half-human Heroine,SFW,Character,Demihuman Heroine|half human heroine,VNDB
tag_49e5db5812,Half-human Protagonist,SFW,Character,half human protagonist,VNDB
tag_e04717a3db,Half-Japanese Hero,SFW,Character,Haafu|Half|half japanese hero|ハーフ,VNDB
tag_382a5dbb4a,Half-Japanese Heroine,SFW,Character,Haafu Heroine|half japanese heroine,VNDB
tag_57eb20eec4,Half-Japanese Protagonist,SFW,Character,half japanese protagonist,VNDB
tag_6acf26246f,Half-orphan Hero,SFW,Character,half orphan hero,VNDB
tag_5427018e57,Half-orphan Heroine,SFW,Character,half orphan heroine,VNDB
tag_e9656b2e62,Half-orphan Protagonist,SFW,Character,half orphan protagonist,VNDB
tag_a6539c35ec,Halloween,SFW,Theme,All Hallows' Evening|Hallowe'en,VNDB
tag_57f8422861,Halo,NSFW,Character,halo|光环,E-Hentai
tag_1801e7671a,Hanafuda,SFW,Format,Flower Cards Game|Hachi-hachi|Hana Awase|Koi-Koi|Mushi|Roppyakken|Sudaoshi|こいこい|すどおし|むし|八八|六百間|素倒し|花合わせ|花札|虫,VNDB
tag_8a20c6faaf,Handcuffed Sex,NSFW,Acts,Sex with Handcuffs,VNDB
tag_28ba167224,Handicapped,NSFW,Character,handicapped|残疾,E-Hentai|NHentai
tag_ad0e9d5ed0,Handjob,NSFW,Acts,Tekoki|handjob|手交,E-Hentai|NHentai|VNDB
tag_9e549320ba,Hanging,NSFW,Character,hanging|绞刑,E-Hentai|NHentai
tag_f16aa8770b,Haraguro Hero,SFW,Character,,VNDB
tag_79208dd5c3,Haraguro Heroine,SFW,Character,Wolf in Sheep's Clothing Heroine,VNDB
tag_23d4b2ef2c,Hard Science Fiction,SFW,Theme,Hard Sci-fi,VNDB
tag_fe81a4f28e,Hardcore,NSFW,Sexual,hardcore|硬核,E-Hentai|NHentai
tag_2619869620,Harem,SFW,Relationship,harem|后宫,E-Hentai|Kitsu|MangaDex|MangaUpdates|NHentai
tag_c5d4631953,Harem Ending,SFW,Format,,VNDB
tag_75d2548ca5,Harem Ending with Theme,SFW,Format,Single Theme Harem,VNDB
tag_04c75d4c02,Harness,NSFW,Character,harness|挽具,E-Hentai|NHentai
tag_4436ec9db4,Harpy,NSFW,Character,harpy|鸟人,E-Hentai|NHentai
tag_54a793f3d5,Harpy Heroine,SFW,Character,,VNDB
tag_b245005e8b,Harry Potter,SFW,Theme,,VNDB
tag_55dcf57727,Has Window Transparency Setting,SFW,Format,Text Window Adjustment,VNDB
tag_56fe24d87f,Hate Sex (Consensual),NSFW,Acts,Angry sex|Hate fuck,VNDB
tag_b0194fb691,Hate Story,SFW,Theme,,VNDB
tag_a531eda4ad,Haunted House,SFW,Theme,Haunted Mansion,VNDB
tag_e373b4a4a6,Headless,NSFW,Character,headless|无头,E-Hentai|NHentai
tag_edd443896e,Headphones,NSFW,Character,headphones|头戴式耳机,E-Hentai|NHentai
tag_5081129493,Healer Hero,SFW,Character,,VNDB
tag_8f2a0bb130,Healer Heroine,SFW,Character,,VNDB
tag_dfd67edfd1,Healer Protagonist,SFW,Character,,VNDB
tag_d02eb4c5cc,Health Issues,SFW,Theme,,VNDB
tag_c35684728c,Heavenly Demon,SFW,Character,Cult Leader|Demon Lord,ManhwaTaxonomy
tag_a2d0da5ba3,Hedgehog Boy,NSFW,Character,hedgehog boy|刺猬男,E-Hentai
tag_22335e0ea4,Hedgehog Girl,NSFW,Character,hedgehog girl|刺猬娘,E-Hentai
tag_093637cab4,Heian Period,SFW,Theme,heian period,Kitsu|VNDB
tag_74946f614d,Heisei Era,SFW,Theme,Heisei Jidai|Heisei Period|平成時代,VNDB
tag_58e74dfcc3,Heist,SFW,Theme,Robbery|Stealing|Theft,CinemaTaxonomy|VNDB
tag_3c18e1e137,Henshin,SFW,Theme,,AniList|Kitsu
tag_c2fc2f6443,Hentai,NSFW,Genre,,MangaUpdates
tag_f04af61b3f,Hero,SFW,Character,,VNDB
tag_59cdc18e42,Hero Based on a Fictional Person,SFW,Character,,VNDB
tag_814d97de80,Hero Based on a Mythological Character,SFW,Character,,VNDB
tag_9cdd086821,Hero Based on Real Person,SFW,Character,,VNDB
tag_03141d0fc8,Hero Brothers,SFW,Character,Brother Heroes|Brothers as Heroes,VNDB
tag_e47d2ae97f,Hero by Nationality and Ethnicity,SFW,Character,,VNDB
tag_8c3355aaab,Hero from a Different World,SFW,Character,Hero from Another World|Hero from a Different Dimension|Isekai Hero,VNDB
tag_6302706383,Hero in Kimono,SFW,Character,Hero in Yukata,VNDB
tag_b619fb2f22,Hero in Relationship with Other(s),SFW,Character,Hero with a Boyfriend|Hero with a Girlfriend|Hero with an Existing Relationship,VNDB
tag_b821050a0c,Hero with a Braid,SFW,Character,Hero with a Plait,VNDB
tag_2733f5f803,Hero with a Fang,SFW,Character,Canine Hero|Fanged Hero|Hero with Oblique Tooth|Hero with long Canine|Oblique Tooth Hero,VNDB
tag_8891beaaf3,Hero with a Sword,SFW,Character,Hero with Katana|Sword Wielding Hero|Swordsman Hero,VNDB
tag_9dbbe634ba,Hero with Ahoge,SFW,Character,,VNDB
tag_d0ce40ce22,Hero with Armor,SFW,Character,Armored Hero|Hero with Armour,VNDB
tag_ad3f6803e2,Hero with Armpit Hair,SFW,Character,,VNDB
tag_a5d6b0ba11,Hero with Beauty Mark,SFW,Character,Hero with Birthmark|Hero with Mole,VNDB
tag_2fa328df2c,Hero with Chest Hair,SFW,Character,,VNDB
tag_bfae35ada0,Hero with Children,SFW,Character,Parent Hero,VNDB
tag_8706b80d83,Hero with Demon Blood,SFW,Character,Demon-blooded Hero,VNDB
tag_23486347e8,Hero with Eye Covering Hairstyle,SFW,Character,Faceless Hero,VNDB
tag_b067ab505d,Hero with Eyepatch,SFW,Character,,VNDB
tag_ff6e4dcfc8,Hero with Facial Hair,SFW,Character,Hero with Beard|Hero with Goatee|Hero with Moustache|Hero with Mustache|Hero with Sideburns|Hero with Stubble,VNDB
tag_aadd760748,Hero with Freckles,SFW,Character,Freckled Hero,VNDB
tag_63681404bd,Hero with Glasses,SFW,Character,Megane Hero,VNDB
tag_e1b2bcd481,Hero with Gothic Look,SFW,Character,,VNDB
tag_daacea3698,Hero with Gradient Colored Hair,SFW,Character,,VNDB
tag_1f3f574bc7,Hero with Health Issues,SFW,Character,,VNDB
tag_6d17033de4,Hero with Heterochromia,SFW,Character,Hero with different eye colors,VNDB
tag_a244e2198c,Hero With Kansai Accent,SFW,Character,Hero With Kansai Dialect|Hero With Osaka Accent|Kansai-Ben Hero|Osaka-Ben Hero,VNDB
tag_f71aea3f57,Hero with Monocle,SFW,Character,,VNDB
tag_ef276e4c88,Hero with Multiple Personalities,SFW,Character,Hero with Split Personality,VNDB
tag_6bc9f9453d,Hero with Naked Top,SFW,Character,Hero with Naked Chest|Hero with Naked Torso|Topless Hero,VNDB
tag_2ce68b1cb5,Hero with Psychological Problems,SFW,Character,Hero with a Mental Disorder,VNDB
tag_fe64548a1d,Hero with Sexual Experience,SFW,Character,,VNDB
tag_ab07bedda4,Hero with Swimsuits,SFW,Character,,VNDB
tag_232eee9eda,Hero with Tan Lines,SFW,Character,Hero with Sunburn Lines|Hero with Uneven Tan,VNDB
tag_05230ed412,Hero with Tattoo,SFW,Character,Hero with Ink,VNDB
tag_98efc71a0e,Hero with Visible Underwear,SFW,Character,,VNDB
tag_4ff7f2e920,Hero with Wings,SFW,Character,Winged Hero,VNDB
tag_96456cc1a2,Hero's Appearance,SFW,Character,,VNDB
tag_ebeb7f61e6,Hero's Body,SFW,Character,,VNDB
tag_b2b0464a9e,Hero's Clothing and Accessories,SFW,Character,,VNDB
tag_b7f2a77d99,Hero's Hair,SFW,Character,,VNDB
tag_fc05693eda,Hero's Relation,SFW,Character,,VNDB
tag_c9bf88037f,Hero's Role/Vocation,SFW,Character,,VNDB
tag_02bc461d3a,Hero's Traits,SFW,Character,,VNDB
tag_a5604cd7a0,Hero(ine) Selection,SFW,Format,Hero Selection|Heroine Selection,VNDB
tag_864726ca2b,Hero(ine)'s Father as a Hero,SFW,Character,Father of Hero(ine)|Hero(ine)'s Dad|Hero(ine)'s Father,VNDB
tag_3d476c0267,Heroes by Personality,SFW,Character,,VNDB
tag_976c312525,Heroine,SFW,Character,,VNDB
tag_1af34523d5,Heroine Based on a Fictional Person,SFW,Character,,VNDB
tag_fdd493b9d0,Heroine Based on a Mythological Character,SFW,Character,,VNDB
tag_7f2c83bfd4,Heroine Based on Real Person,SFW,Character,,VNDB
tag_6f70d4a29a,Heroine by Nationality and Ethnicity,SFW,Character,,VNDB
tag_b55ff5e124,Heroine from a Different World,SFW,Character,Heroine from Another World|Heroine from a Different Dimension|Isekai Heroine,VNDB
tag_00c9ef6fdb,Heroine Having Sex with Others,NSFW,Acts,Heroine Having Sex with Non-Protagonists,VNDB
tag_6d97b3e065,Heroine in Relationship with Other(s),SFW,Character,Heroine with a boyfriend|Heroine with a girlfriend|Heroine with an existing Relationship,VNDB
tag_1994dde0a5,Heroine Rape by Others,NSFW,Situation,Heroine Rape by Non-Protagonist,VNDB
tag_36298e9c62,Heroine Sisters,SFW,Character,Shimai Heroines|Sister Heroines|Sisters as Heroines|姉妹,VNDB
tag_556c5f6108,Heroine Using Japanese Dialect,SFW,Character,Heroine Speaking in Japanese Dialect|Heroine with Japanese Accent,VNDB
tag_2b7cc98233,Heroine with a Braid,SFW,Character,Heroine with a Plait,VNDB
tag_3491be7c21,Heroine with a Fang,SFW,Character,Canine Heroine|Fanged Heroine|Heroine with Oblique Tooth|Heroine with long Canine|Oblique Tooth Heroine,VNDB
tag_2e04fb5be3,Heroine with a Sundress,SFW,Character,,VNDB
tag_aba8154ffe,Heroine with Ahoge,SFW,Character,Ahoge Heroine|アホげ|アホ毛,VNDB
tag_2f14d5a461,Heroine with Anal Hair,NSFW,Body,Heroine with Hair Around Anus,VNDB
tag_f209ae8523,Heroine with Armor,SFW,Character,Armored Heroine|Heroine with Armour,VNDB
tag_1280d2d5f4,Heroine with Armpit Hair,SFW,Character,Underarm Hair,VNDB
tag_3f348f4b75,Heroine with Baby Complex,SFW,Character,,VNDB
tag_89fb22e035,Heroine with Beauty Mark,SFW,Character,Heroine with Birthmark|Heroine with Mole,VNDB
tag_625239151d,Heroine with Big Breasts,SFW,Character,Kyonyuu Heroine|Large Breasts Heroine|巨乳,VNDB
tag_02adf61d23,Heroine with Bodystocking,SFW,Character,Heroine with See-Through Bodysuit,VNDB
tag_817eccb567,Heroine with Catsuit,SFW,Character,,VNDB
tag_c6bdd8f0e6,Heroine with Children,SFW,Character,Parent Heroine,VNDB
tag_2322a9f389,Heroine with Chinese Dress,SFW,Character,Heroine with Cheongsam|Heroine with Mandarin Gown|Heroine with Qipao|Heroine with Qípáo,VNDB
tag_c200dfc5de,Heroine with Crotchless Clothing,SFW,Character,Heroine with Crotchless Lingerie|Heroine with Open Cup Clothing|Heroine with Open Cup Lingerie,VNDB
tag_6973133e8c,Heroine with Demon Blood,SFW,Character,,VNDB
tag_a1330304c1,Heroine with Erotic Adhesive Bandage,SFW,Character,Heroine with Erotic Band-Aid|Heroine with Erotic Elastoplast,VNDB
tag_f926c5da4c,Heroine with Expressive Ahoge,SFW,Character,Expressive Ahoge Heroine,VNDB
tag_dd45b5fac8,Heroine with Eye Covering Hairstyle,SFW,Character,Faceless Heroine,VNDB
tag_55ae112892,Heroine with Eyepatch,SFW,Character,Heroine with Eye Pad,VNDB
tag_c25165f1d2,Heroine with Flat Chest (Non-Loli),SFW,Character,Flat-chested Heroine (Non-Loli)|Hinnyuu Heroine (Non-Loli)|No Breasts Heroine (Non-Loli)|Petanko Heroine (Non-Loli)|Pettanko Heroine (Non-Loli)|heroine with flat chest (non loli),VNDB
tag_88c4653d0b,Heroine with Freckles,SFW,Character,Freckled Heroine,VNDB
tag_25397c2796,Heroine with Garter Belt,SFW,Character,Heroine with Suspender Belt,VNDB
tag_53ebd9d387,Heroine with Gigantic Breasts,SFW,Character,Chounyuu Heroine|Super Large Breast Heroine|Ultra Large Breast Heroine|超乳,VNDB
tag_3d79e43fb8,Heroine with Glasses,SFW,Character,Meganekko Heroine,VNDB
tag_5eaaf7b3f2,Heroine with Gothic Look,SFW,Character,,VNDB
tag_6314ecf9d2,Heroine with Gradient Colored Hair,SFW,Character,,VNDB
tag_f5a2f5c2f3,Heroine with Grandchildren,SFW,Character,Grandmother Heroine|Grandparent Heroine,VNDB
tag_076bd43acb,Heroine with Health Issues,SFW,Character,,VNDB
tag_e2b4c2a5cf,Heroine with Heterochromia,SFW,Character,Heroine with different eye colors,VNDB
tag_c129f8d227,Heroine with Huge Breasts,SFW,Character,Bakunyuu Heroine|Exploding Breast Heroine|爆乳,VNDB
tag_4cdfa75f45,Heroine with Intake Hairstyle,SFW,Character,Hood Scoop Hair Heroine|インテーク (髪型),VNDB
tag_a60ed251bc,Heroine with Inverted Nipples,SFW,Character,,VNDB
tag_9961d5d7ae,Heroine with Jeans,SFW,Character,,VNDB
tag_1a2dafae00,Heroine With Kansai Accent,SFW,Character,Heroine With Kansai Dialect|Heroine With Osaka Accent|Kansai-Ben Heroine|Osaka-Ben Heroine,VNDB
tag_c14fd9ba23,Heroine with Kimono,SFW,Character,Heroine in Yukata,VNDB
tag_9b8bc8d917,Heroine with Latex,SFW,Character,Heroine with Rubber Clothing,VNDB
tag_360997ee6b,Heroine with Leotard,SFW,Character,Heroine with Bodysuit,VNDB
tag_184cd37059,Heroine with Monocle,SFW,Character,,VNDB
tag_dc9cbb70c1,Heroine with Multiple Personalities,SFW,Character,Heroine with Split Personality,VNDB
tag_480b1f4095,Heroine with Old-style Bloomers,SFW,Character,Heroine with Old School Bloomers|Heroine with Pumpkin Panties|heroine with old style bloomers|パンプキンパンツ,VNDB
tag_3d09155c58,Heroine with Pre-story Virginity Loss to the Protagonist,SFW,Character,heroine with pre story virginity loss to the protagonist,VNDB
tag_92cec2686c,Heroine with Psychological Problems,SFW,Character,Heroine with a Mental Disorder,VNDB
tag_4cd04c8a31,Heroine with Pubic Hair,NSFW,Body,Body Hair,VNDB
tag_678e8bd489,Heroine with Sexual Experience,SFW,Character,Non-virgin Heroine,VNDB
tag_28cef0f881,Heroine with Shorts,SFW,Character,,VNDB
tag_5630e7325b,Heroine with Slave Tattoo (BDSM),NSFW,Fetish,Barcode Tattoo|Submissive BDSM Tattoo,VNDB
tag_a824abb3b1,Heroine with Small Breasts (Non-Loli),SFW,Character,Binyuu (Non-Loli)|heroine with small breasts (non loli)|微乳 (Non-Loli),VNDB
tag_8a6288e195,Heroine with Spats,SFW,Character,Heroine with Bicycle Shorts|Heroine with Short Tights,VNDB
tag_d91676a40c,Heroine with Sport Bloomers,SFW,Character,Heroine with Buruma,VNDB
tag_dbc7595288,Heroine with Superpowered Side,SFW,Character,,VNDB
tag_6b109d1160,Heroine with Swimsuits,SFW,Character,,VNDB
tag_87e300d698,Heroine with Tan Lines,SFW,Character,Heroine with Sunburn Lines|Heroine with Uneven Tan,VNDB
tag_a1380a7c89,Heroine with Tattoo,SFW,Character,Heroine with Ink,VNDB
tag_881bd2203b,Heroine with Tentacles,SFW,Character,Shokushu Heroine,VNDB
tag_4ab8cf0b13,Heroine with Tights,SFW,Character,Heroine with Leggings|Heroine with Pantyhose,VNDB
tag_2aa81c2310,Heroine with Visible Panties,SFW,Character,,VNDB
tag_b070db0bd8,Heroine with Wings,SFW,Character,Winged Heroine,VNDB
tag_8630d4251b,Heroine with Zettai Ryouiki,SFW,Character,,VNDB
tag_b95c9dcd55,Heroine's Appearance,SFW,Character,,VNDB
tag_d67865cb63,Heroine's Body,SFW,Character,,VNDB
tag_829795a5b1,Heroine's Clothing and Accessories,SFW,Character,,VNDB
tag_9f1c6e5958,Heroine's Hair,SFW,Character,,VNDB
tag_5915064ecb,Heroine's Mother as a Heroine,SFW,Character,Heroine's Mom|Heroine's Mother|Mother of Heroine|Mother-daughter heroines,VNDB
tag_7c48a8c9b5,Heroine's Relation,SFW,Character,,VNDB
tag_2874b2ecb8,Heroine's Role/Vocation,SFW,Character,,VNDB
tag_a78585187c,Heroine's Traits,SFW,Character,,VNDB
tag_4dc737cab7,Heroines by Personality,SFW,Character,,VNDB
tag_56f245ae13,Hetare Protagonist,SFW,Character,Good-for-nothing Protagonist|Spineless Protagonist|Useless Protagonist|Wimpy Protagonist|Worthless Protagonist|Wussy Protagonist,VNDB
tag_ec54744755,Heterochromia,NSFW,Character,heterochromia|异色瞳,E-Hentai|NHentai
tag_91b7a92d72,Heterosexual,SFW,Theme,,AniList
tag_2243540843,Hidden Object Game,SFW,Format,Hidden Picture Game,VNDB
tag_77ad389dcc,Hidden Sex,NSFW,Acts,hidden sex|隐蔽性交,E-Hentai|NHentai
tag_0034a93fdb,Hidden Toy,NSFW,Character,hidden toy|隐蔽玩具,E-Hentai
tag_b0ad6c69c2,Hidden Vibrator,NSFW,Sexual,,VNDB
tag_841e5bc8bf,High Amount of Bad Endings,SFW,Format,A Lot Of Bad Endings|Many Bad Endings,VNDB
tag_2d16b7bb1f,High Amount of Special Effects,SFW,Format,Lots of Special Effects,VNDB
tag_6117b3f854,High Amounts of Rape,NSFW,Situation,,VNDB
tag_7527783061,High Fantasy,SFW,Genre,Epic Fantasy|high fantasy,Kitsu|VNDB
tag_4a956dc139,High Heels,NSFW,Character,high heels|高跟鞋,E-Hentai
tag_46ae7abb16,High School,SFW,Setting,high school,Kitsu|VNDB
tag_bc0f8a6b37,High School AU,SFW,Setting,High School Alternate Universe,VNDB
tag_787cdbd9ee,High School Student,SFW,Setting,,VNDB
tag_82b3fd1af4,High School Student Hero,SFW,Character,High School Boy Hero,VNDB
tag_9ba6bab061,High School Student Heroine,SFW,Character,High School Girl Heroine,VNDB
tag_402ac6792f,High School Student Protagonist,SFW,Character,,VNDB
tag_933c91c1d0,High Sexual Content,NSFW,Acts,High Erotic Content,VNDB
tag_da34a6ab7f,High-Tech Sex Engine,NSFW,Acts,High-Tech Sex Machine|Magi-Tech Sex Engine|Magi-Tech Sex Machine|high tech sex engine,VNDB
tag_85c02196a7,Highly Animated Sprites,SFW,Format,E-mote,VNDB
tag_4e6f327330,Hijab,NSFW,Character,hijab|头巾,E-Hentai|NHentai
tag_246e3a8ba5,Hikikomori,SFW,Theme,,AniList
tag_8e4053d87c,Hikikomori Hero,SFW,Character,,VNDB
tag_9bc1485e5a,Hikikomori Heroine,SFW,Character,,VNDB
tag_19537b08ed,Hikikomori Protagonist,SFW,Character,,VNDB
tag_9f38fdb5dc,Hime Heroine,SFW,Character,Asian-style Princess Heroine,VNDB
tag_34124e6a2b,Hime Protagonist,SFW,Character,Asian-style Princess Protagonist,VNDB
tag_45de640f87,Hint Corner,SFW,Format,,VNDB
tag_15c615f10a,Hip-hop Music,SFW,Theme,hip hop music,AniList
tag_dff1dc0aa9,Historical,SFW,Genre,,AniList|Kitsu|MangaDex|MangaUpdates
tag_3cd15f8f29,History,SFW,Genre,,CinemaTaxonomy
tag_682c176e84,Holiday Cottage,SFW,Theme,Bessou|Holiday House|Mountain Cabin|Mountain Lodge|Retreat|Summer Home|Villa,VNDB
tag_78c11279e6,Homecoming,SFW,Theme,Returning Home,VNDB
tag_76d1f30448,Homeless,SFW,Theme,,AniList
tag_3386237c30,Homeless Hero,SFW,Character,,VNDB
tag_ca1c5f919d,Homeless Heroine,SFW,Character,,VNDB
tag_ecf4dfc45c,Homeless Protagonist,SFW,Character,,VNDB
tag_fae1b27a7f,Homemaker Protagonist,SFW,Character,Househusband Type Protagonist|Housewife Type Protagonist|Stay-at-home Dad Type Protagonist,VNDB
tag_dbf33713ae,Homicide,SFW,Theme,Killing|Manslaughter|Murder,VNDB
tag_fd570698d4,Homosexual Hero,SFW,Character,Gay Hero,VNDB
tag_fe1c8e7e6a,Homosexual Male Protagonist,SFW,Character,Gay Male Protagonist|Gay Protagonist,VNDB
tag_b098aaa75d,Homosexual Protagonist,SFW,Character,,VNDB
tag_872ec180e6,Homosexual Support Character,SFW,Theme,,VNDB
tag_c1b3bdbe82,Homunculus Hero,SFW,Character,,VNDB
tag_406bdf6b59,Homunculus Heroine,SFW,Character,Artificially Created Heroine|Homunculi Heroine,VNDB
tag_576a4bb986,Homunculus Protagonist,SFW,Character,,VNDB
tag_5eeb1698a7,Homunculus Support Character,SFW,Theme,Artificially Created Human,VNDB
tag_14da543530,Hood,NSFW,Character,hood|帽兜,E-Hentai|NHentai
tag_b04607ab72,Horns,NSFW,Body,horns|角,E-Hentai|NHentai
tag_4460740cd9,Horror,SFW,Genre,,CinemaTaxonomy|Kitsu|MangaDex|MangaUpdates|VNDB
tag_f1bdf5ed1d,Horse,NSFW,Character,horse|马🐎,E-Hentai|NHentai|VNDB
tag_497c37e4b0,Horse Boy,NSFW,Character,horse boy|马男孩,E-Hentai|NHentai
tag_98a78ed72a,Horse Cock,NSFW,Body,horse cock|马根,E-Hentai|NHentai
tag_b50519afa4,Horse Girl,NSFW,Character,horse girl|马女孩,E-Hentai|NHentai
tag_e9c8af81d3,Horticulture,SFW,Theme,,AniList
tag_8b42a1c9b8,Hospital,SFW,Setting,,VNDB
tag_e74cdfdaa1,Host Club Hero,SFW,Character,Host Hero,VNDB
tag_20525e1297,Host Club Heroine,SFW,Character,Hostess Heroine,VNDB
tag_fbce7f05bb,Host Club Protagonist,SFW,Character,Host Protagonist,VNDB
tag_d956caeda5,Hostage Crisis,SFW,Theme,,VNDB
tag_2a10559039,Hotblooded Hero,SFW,Character,Hot-blooded Hero|Nekketsu Hero,VNDB
tag_695c8eccc6,Hotblooded Heroine,SFW,Character,Hot blooded Heroine|Nekketsu Heroine,VNDB
tag_8d0900df5f,Hotblooded Protagonist,SFW,Character,Hot blooded Protagonist|Nekketsu Protagonist,VNDB
tag_fe21700b8f,Hotblooded Support Character,SFW,Theme,Hotblooded Sidecharacter,VNDB
tag_e919c49d5f,Hotel,SFW,Theme,Inn|Public House,VNDB
tag_48dde1466e,Hotpants,NSFW,Character,hotpants|热裤,E-Hentai|NHentai
tag_dace600fd3,Housewives,SFW,Theme,,Kitsu
tag_463835e718,How to,NSFW,Sexual,how to|教程,E-Hentai|NHentai
tag_0cae1d13e8,Huge Breasts,NSFW,Body,huge breasts|超乳,E-Hentai|NHentai
tag_4171c8a1fb,Huge Insertion,NSFW,Sexual,Large Insertion|Oversized Insertion,VNDB
tag_87f2c4095a,Huge Penis,NSFW,Body,huge penis|巨根,E-Hentai|NHentai
tag_020be0e2c0,Human Branding,NSFW,Sexual,Human stigmatizing,VNDB
tag_4ae5320360,Human Cattle,NSFW,Sexual,Human Livestock|Human Ranch|human cattle|人类饲养,E-Hentai|NHentai|VNDB
tag_9b23b7e67a,Human Childbirth,SFW,Theme,Human Birthing,VNDB
tag_32e1630e62,Human Enhancement,SFW,Theme,human enhancement,Kitsu
tag_72751d9775,Human Furniture,NSFW,Sexual,Forniphilia|Human Chair|Human Footstool|Human Table,VNDB
tag_87c41a1c17,Human on Furry,NSFW,Character,human on furry|人毛,E-Hentai|NHentai
tag_49aca53dab,Human Pet,NSFW,Sexual,human pet,NHentai
tag_88cdbe857d,Humanoid Alien,SFW,Theme,humanoid alien,Kitsu
tag_4b8a03bee9,Humiliation,NSFW,Character,humiliation|屈辱,E-Hentai|NHentai
tag_8f99e430f3,Humping,NSFW,Sexual,desk rubbing masturbation|furniture sex|table corner masturbation|table edge masturbation|table humping,VNDB
tag_6b1b36cbb0,Hunter,SFW,Character,Awakened Hunter|Monster Hunter,ManhwaTaxonomy
tag_ce30b84834,Hunter Hero,SFW,Character,Huntsman Hero,VNDB
tag_83be7c8f18,Hunter Heroine,SFW,Character,Huntswoman Heroine,VNDB
tag_679cda2d3a,Hunter Protagonist,SFW,Character,Huntsman Protagonist|Huntswoman Protagonist,VNDB
tag_b3f7c821d6,Hyena Boy,NSFW,Character,hyena boy|鬣狗男孩,E-Hentai
tag_feb4ec07c2,Hyena Girl,NSFW,Character,hyena girl|鬣狗女孩,E-Hentai
tag_8681ae8f67,Ice Skating,SFW,Theme,Figure Skating,VNDB
tag_b65481000d,Identity Crisis,SFW,Theme,,VNDB
tag_416c155614,Idol,SFW,Theme,,AniList|Kitsu
tag_6d0e5f9cab,Idol Hero,SFW,Character,,VNDB
tag_cfc2195c31,Idol Heroine,SFW,Character,,VNDB
tag_802127f527,Idol Protagonist,SFW,Character,,VNDB
tag_2f8312688b,Illness,SFW,Theme,disease|sickness,VNDB
tag_f95271b779,Imaginary Friend as a Hero,SFW,Character,Tulpa Hero,VNDB
tag_4aff58ddd8,Imaginary Friend as a Heroine,SFW,Character,Tulpa Heroine,VNDB
tag_9ed15fac5f,Immortal Hero,SFW,Character,,VNDB
tag_cd9d71611c,Immortal Heroine,SFW,Character,,VNDB
tag_195bd75795,Immortal Protagonist,SFW,Character,,VNDB
tag_f1126dec9d,Imouto-type Heroine,SFW,Character,imouto type heroine,VNDB
tag_9465e4652a,Impact-Play,NSFW,Sexual,impact play,VNDB
tag_13a4aa0b5c,Implementation of Sexual Content,NSFW,Acts,,VNDB
tag_ec2a2e7da6,Impotent Protagonist,SFW,Character,,VNDB
tag_19795ed28e,Impregnation,NSFW,Sexual,Fertilization|impregnation|受孕,E-Hentai|NHentai|VNDB
tag_036fd19958,Impregnation by Others,NSFW,Sexual,,VNDB
tag_e9423f131f,Impregnation Choice,SFW,Theme,Impregnation Decision|Optional Impregnation,VNDB
tag_7494758d7c,Impulsive Protagonist,SFW,Character,,VNDB
tag_4b13104fcd,In-game Sexual Content Toggle,NSFW,Acts,Optional Sexual Content|Skippable Sexual Content|Skippable Sexual Scenes|Stop Sex Scenes|Toggle Sexual Content|in game sexual content toggle,VNDB
tag_89929e2015,In-Game Tutorial,SFW,Format,in game tutorial,VNDB
tag_696841ae97,In-law Incest,NSFW,Relationship,Inseki|in law incest|姻戚,VNDB
tag_3531dd1bda,In Medias Res,SFW,Format,,VNDB
tag_b41b268a8d,Inanimate Hero,SFW,Character,Cake Hero|Food Hero|Inanimate Item Hero|Item Hero|Sushi Hero,VNDB
tag_c75bd7c4cc,Inbred Heroine,SFW,Character,,VNDB
tag_97fac15d4e,Inbred Protagonist,SFW,Character,,VNDB
tag_ebda7c30e1,Inbreeding,NSFW,Sexual,Inbred,VNDB
tag_cee8289955,Incest,NSFW,Relationship,incest|乱伦,AniList|E-Hentai|MangaDex|NHentai|VNDB
tag_ae58fea733,Incest Roleplay,NSFW,Relationship,Simulated Incest,VNDB
tag_d5f6842a2e,Incest Romance,SFW,Relationship,,VNDB
tag_5ed4e9858a,Incomplete,NSFW,Sexual,incomplete|缺页,E-Hentai|NHentai
tag_ecfc043010,Incubi,SFW,Theme,Incubus,VNDB
tag_a82a4f70e2,Incubus Hero,SFW,Character,,VNDB
tag_dea986f7a4,Incubus Protagonist,SFW,Character,,VNDB
tag_11a98374eb,India,SFW,Theme,Bharat|Bhārat Gaṇarājya|Republic of India,VNDB
tag_b0ba8dea6b,Indie,SFW,Format,,CinemaTaxonomy
tag_708dd861fa,Indigenous Cultures,SFW,Theme,,AniList
tag_cda2c99fbf,Indonesia,SFW,Theme,,VNDB
tag_3ef96229d3,Infantilism,NSFW,Character,infantilism|幼稚型,E-Hentai|NHentai
tag_fcc7a0aa04,Infertile Heroine,SFW,Character,,VNDB
tag_2718ab804c,Infidelity,SFW,Theme,Adultery|Affair|Cheating|Philandering|Straying|Unfaithfulness,VNDB
tag_e241a075b2,Infinite Spontaneous Power-ups,SFW,Theme,Infinite Power Levels|Infinite Power-ups|infinite spontaneous power ups,VNDB
tag_3d3c439478,Inflation,NSFW,Sexual,Inflated Stomach|Stomach Deformation|inflation|腹部膨胀,E-Hentai|NHentai|VNDB
tag_883c71e253,Infodumping,SFW,Format,,VNDB
tag_0b9a930166,Inn,SFW,Theme,,AniList
tag_dce41a93f7,Insect,NSFW,Character,insect|昆虫🐜,E-Hentai|NHentai
tag_1d25a09a14,Insect Boy,NSFW,Character,insect boy|昆虫男孩,E-Hentai|NHentai
tag_00158df49b,Insect Girl,NSFW,Character,insect girl|昆虫女孩,E-Hentai|NHentai
tag_c7e2784505,Insects,SFW,Theme,,VNDB
tag_8925346234,Inseki,NSFW,Character,inseki|姻亲,AniList|E-Hentai|NHentai
tag_8ecff23b5f,Insemination by Non-Humanoids,NSFW,Sexual,Insemination by Creatures|Monster Insemination|Tentacle Insemination|insemination by non humanoids,VNDB
tag_91e986463f,Insert Songs,SFW,Format,Many Songs|Multiple Songs,VNDB
tag_c84baebe0f,Insomnia,SFW,Theme,Can't sleep|Sleeplessness,VNDB
tag_2637f5672e,Instrumentalist Hero,SFW,Character,Drummer Hero|Guitarist Hero|Hero Playing a Musical Instrument,VNDB
tag_8dd48f9e48,Instrumentalist Heroine,SFW,Character,Drummer Heroine|Flutist Heroine|Guitarist Heroine|Heroine Playing on a Musical Instrument|Trumpeter Heroine,VNDB
tag_8576dbbdd8,Instrumentalist Protagonist,SFW,Character,Drummer Protagonist|Flutist Protagonist|Guitarist Protagonist|Protagonist Playing on a Musical Instrument|Violinist Protagonist,VNDB
tag_dfbbe61f8f,Intelligent Zombie,SFW,Theme,Revenant zombie|Sentient zombie|Smart zombie,VNDB
tag_6ed8fbdcbc,Inter-class Romance,SFW,Relationship,Differing Social Class Romance|Interclass Romance|inter class romance,VNDB
tag_9c1fdaa414,Interactive Adventure Game,SFW,Format,,VNDB
tag_c6f53a3c38,Interactive Display Devices,SFW,Format,Interactive Cell Phones|Interactive Chat App|Interactive Mobile Phones|Interactive Texting,VNDB
tag_79dbd19504,Interactive Movie,SFW,Format,Anime style VN|Cinematic VN,VNDB
tag_4d8e15cd49,Interactive Touching Game,SFW,Format,Touching Game|Touching System,VNDB
tag_7801e917fe,Intercrural Sex,NSFW,Acts,Interfemoral Sex|Sumata|Thighs Sex|素股,VNDB
tag_67c2ca2716,Interdimensional Odyssey,SFW,Theme,,VNDB
tag_f561d9493b,Interdimensional Organization,SFW,Theme,Interdimensional Brigade,VNDB
tag_6d0dd8a083,Internal Exhibition of Sex,NSFW,Acts,Cross-section View of Coitus|X Ray View of Coitus|X-Ray View of Coitus,VNDB
tag_4ab634add1,Internal Pissing,NSFW,Sexual,Internal Peeing|Internal Urination|Pee in Anus|Pee in Vagina,VNDB
tag_0c16e22f1a,Internal Urination,NSFW,Paraphilic/Fetish,internal urination|内部排尿,E-Hentai|NHentai
tag_c358151686,Internet,SFW,Theme,,VNDB
tag_5319783644,Interracial Sex,NSFW,Acts,,VNDB
tag_ab93d556c0,Interracial/interspecies Romance,SFW,Relationship,,VNDB
tag_dcdc968437,Intrigue,SFW,Theme,,VNDB
tag_f6300ef56d,Inumimi Hero,SFW,Character,Dog Ear Hero,VNDB
tag_0a32c33e27,Inumimi Heroine,SFW,Character,,VNDB
tag_33747edd12,Inventor Hero,SFW,Character,,VNDB
tag_c726fa279c,Inventor Heroine,SFW,Character,,VNDB
tag_b3ac176108,Inventor Protagonist,SFW,Character,,VNDB
tag_699211a315,Inverted Nipples,NSFW,Body,inverted nipples|乳头内陷,E-Hentai|NHentai
tag_b31ffe10fc,Invisibility,SFW,Theme,,VNDB
tag_4c4999ac17,Invisible,NSFW,Character,invisible|透明,E-Hentai|NHentai
tag_e37890c58e,Irish Mythology,SFW,Theme,,VNDB
tag_276388dc8f,Isekai,SFW,Setting,,AniList|Kitsu|MangaDex
tag_3dbacfd76b,Island,SFW,Setting,Isle,Kitsu|VNDB
tag_0e60109e26,Italian Mafia,SFW,Theme,Cosa Nostra|Sicilian Mafia,VNDB
tag_bab4ac375a,Italy,SFW,Theme,Italian Republic|Repubblica Italiana,Kitsu|VNDB
tag_5e5038f9e9,Iyashikei,SFW,Theme,,AniList
tag_c5c034f15b,Janitor Protagonist,SFW,Character,Caretaker|Custodian,VNDB
tag_2696f89aa4,Janken,SFW,Format,Jan-ken|Paper-scissors-stone|Rock-paper-scissors,VNDB
tag_578ed5a4ee,Japan,SFW,Theme,,Kitsu
tag_8b455014d4,Japanese Idols,SFW,Theme,Idols,VNDB
tag_f5c570f651,Japanese Mythology,SFW,Theme,,VNDB
tag_e9f17a7024,Japanese Voice Acting (For Non-OJLVNs),SFW,Format,"Japanese Voice Acting (For Non-""Original Japanese Language"" Visual Novels)|Japanese Voice Acting (For Originally Non-Japanese VNs)|Japanese Voice Acting (For Originally Non-Japanese Visual Novels)|Japanese Voice Acting in non-Japanese visual novels|japanese voice acting (for non ojlvns)",VNDB
tag_27b5e6d7da,Japanophile Heroine,SFW,Character,Weaboo Heroine,VNDB
tag_0829c97e93,Jealousy,SFW,Theme,,VNDB
tag_ce4732c86f,Jigsaw Puzzle,SFW,Format,Tiling Puzzle,VNDB
tag_81ab47206c,Joke Endings,SFW,Format,Gag Endings,VNDB
tag_8b1c2dec2d,Josei,SFW,Demographic,,AniList|Kitsu|MangaUpdates
tag_f886962d1d,Josou Seme,NSFW,Character,josou seme|女装攻,E-Hentai|NHentai
tag_476de6e198,Journalist Hero,SFW,Character,Reporter Hero,VNDB
tag_b8d10c3afd,Journalist Heroine,SFW,Character,reporter heroine,VNDB
tag_46e4467c2f,Journalist Protagonist,SFW,Character,Reporter Protagonist,VNDB
tag_98dc0157e9,Journey,SFW,Theme,Campaign|Expedition|Travel|Trip|Voyage,VNDB
tag_88055190df,Judo,SFW,Theme,,AniList
tag_914f90d13e,Jujutsu Kaisen,SFW,Theme,呪術廻戦,VNDB
tag_8fa3445f7d,Jump Scares,SFW,Format,,VNDB
tag_613a1adc02,Jump-to-Ejaculation Button,NSFW,Acts,Ejaculation Button|Ejaculation Shortcut|jump to ejaculation button,VNDB
tag_b37cee0868,Jump to Next Choice,SFW,Format,Jump Ahead to Choices,VNDB
tag_c7ddae0530,Jump to Next Scene,SFW,Format,Jump Ahead to Scene,VNDB
tag_9d64c02f0d,Jump to Prior Choices,SFW,Format,Jump Back to Choices|Jump to Earlier Choices|Jump to Last Choice|Jump to Previous Choices,VNDB
tag_d7dc066133,Jump to Prior Scene,SFW,Format,Jump Back to Scene|Jump to Earlier Scene|Jump to Last Scene|Jump to Previous Scene,VNDB
tag_476931fa48,Jump to Unread,SFW,Format,,VNDB
tag_d0d12f90ec,Juujin,SFW,Theme,,Kitsu
tag_d55581cb1f,K-On!,SFW,Theme,k on!,VNDB
tag_b1a6649c98,Kaiju,SFW,Theme,Giant Monsters|Godzilla,AniList|CinemaTaxonomy|VNDB
tag_2738ccf1bc,Kana-only Script,SFW,Format,Hiragana-only Script|Katakana-only Script|kana only script,VNDB
tag_775adc8545,Kangaroo,NSFW,Character,kangaroo|袋鼠,E-Hentai
tag_a781c03b35,Kangaroo Boy,NSFW,Character,kangaroo boy|袋鼠男孩,E-Hentai
tag_2071a2b7ce,Kangaroo Girl,NSFW,Character,kangaroo girl|袋鼠女孩,E-Hentai
tag_093470d6b4,Kanji Puns,SFW,Theme,,VNDB
tag_184bae26a0,Kantai Collection,SFW,Theme,艦隊これくしょん,VNDB
tag_fe1480ff8b,Kappa,NSFW,Character,kappa|河童,E-Hentai|NHentai
tag_c423a3e833,Karuta,SFW,Theme,,AniList
tag_cd9c891ba8,Katekyo Hitman Reborn!,SFW,Theme,,VNDB
tag_97f9b71891,Kemonomimi,NSFW,Character,kemonomimi|兽耳,AniList|E-Hentai|NHentai|VNDB
tag_d13991c168,Kemonomimi Hero,SFW,Character,,VNDB
tag_b30b95bc30,Kemonomimi Heroine,SFW,Character,,VNDB
tag_ed0427a1e6,Kemonomimi Protagonist,SFW,Character,Inumimi Protagonist|Nekomimi Protagonist|Protagonist with Animal Ears,VNDB
tag_99e98b8f82,Kemonomimi Support Character,SFW,Theme,,VNDB
tag_814ec41f8b,Kendo Club,SFW,Theme,,VNDB
tag_d7ccc8c003,Kidnapping,SFW,Theme,Abduction,VNDB
tag_d2466bd5a5,Kids,SFW,Demographic,,AniList|Kitsu
tag_4eff85384e,Kigurumi Pajama,NSFW,Character,kigurumi pajama|动物连体睡衣,E-Hentai|NHentai
tag_275158fbe5,Kimono,NSFW,Character,kimono|和服👘,E-Hentai|NHentai
tag_c8b6d531cc,Kindergarten Uniform,NSFW,Appearance,kindergarten uniform|幼儿园制服,E-Hentai|NHentai
tag_15aaf0fffb,Kinetic Novel,SFW,Format,No Choices,VNDB
tag_393d7e6bf9,King Protagonist,SFW,Character,,VNDB
tag_e9c71e5271,Kingdom Management,SFW,Theme,,AniList
tag_b0a72b5099,Kissing,NSFW,Acts,kissing|接吻💏,E-Hentai|NHentai
tag_f520cea22f,Kissing Scene,SFW,Theme,Smooching,VNDB
tag_f800a47aa4,Kitsune Hero,SFW,Character,Fox Hero,VNDB
tag_fb38e5d348,Kitsune Heroine,SFW,Character,Fox Heroine,VNDB
tag_e808cc3e01,Kneepit Sex,NSFW,Acts,kneepit sex|膝下性交,E-Hentai|NHentai|VNDB
tag_3a6850ebc1,Knife/Dagger Combat,SFW,Theme,Combat with Knives and/or daggers,VNDB
tag_144ff9346d,Knight Hero,SFW,Character,,VNDB
tag_b4d383a57d,Knight Heroine,SFW,Character,,VNDB
tag_e3912c1f0d,Knight Protagonist,SFW,Character,,VNDB
tag_ae016d9897,Knotted Penis,NSFW,Body,knotted penis|龟头球,E-Hentai
tag_e7c49f60d4,Kodomo Doushi,NSFW,Character,kodomo doushi|两小无猜,E-Hentai
tag_fbcc28f678,Kodomo Only,NSFW,Sexual,kodomo only|仅儿童,E-Hentai
tag_fc06410a7a,Konbini,SFW,Theme,,AniList
tag_73f2b9ad80,Korea,SFW,Theme,,Kitsu
tag_3433047800,Kunoichi,NSFW,Character,kunoichi|女忍装,E-Hentai|NHentai
tag_8883b06c86,Kunoichi Heroine,SFW,Character,Ninja Heroine|Shinobi Heroine,VNDB
tag_b30bc498a4,Kuroko no Basuke,SFW,Theme,KnB|Kuroko no Baske|Kuroko's Basketball,VNDB
tag_0b2aa5dd5e,Kuroshitsuji,SFW,Theme,Black Butler,VNDB
tag_de3f46262f,Kuudere,SFW,Personality,,AniList
tag_79263f8dee,Kuudere Hero,SFW,Character,Coodere Hero,VNDB
tag_f19d16335a,Kuudere Heroine,SFW,Character,Coodere Heroine,VNDB
tag_e27d6ba3c4,Kyoto,SFW,Theme,,Kitsu
tag_dfd82dfb36,Lab Coat,NSFW,Character,lab coat|白大褂,E-Hentai|NHentai
tag_799ad83c24,Laboratory,SFW,Theme,Research Facility,VNDB
tag_df745a6ecc,Lacrosse,SFW,Theme,,VNDB
tag_fcfd9f4c14,Lactation,NSFW,Fetish,lactation|母乳,E-Hentai|NHentai
tag_39ca5f81c5,Lactation During Sex,NSFW,Fetish,Bonyuu,VNDB
tag_712ae8b19e,Ladder Structure,SFW,Format,Ladder Style Structure|Ladder Type Structure,VNDB
tag_ad91b822ae,Laid-back Hero,SFW,Character,Calm Hero|Chill Hero|Mellow Hero|laid back hero,VNDB
tag_640a043360,Laid-back Heroine,SFW,Character,Calm Heroine|Chill Heroine|Mellow Heroine|laid back heroine,VNDB
tag_e37c25658d,Landlady Heroine,SFW,Character,Lessor Heroine|Okami Heroine,VNDB
tag_1d9ca66d02,Landlord Hero,SFW,Character,Lessor Hero|Okami Hero,VNDB
tag_1b51147aef,Language Barrier,SFW,Theme,,AniList
tag_e973a646f4,Large Breasts,SFW,Theme,,AniList
tag_c38e707d79,Large Insertions,NSFW,Character,large insertions|大玩具,E-Hentai|NHentai
tag_bf33b85554,Large Tattoo,NSFW,Character,large tattoo|全身纹身,E-Hentai|NHentai
tag_bab572697b,Late Branching Plot,SFW,Format,,VNDB
tag_8733fcd18d,Late Sexual Content,NSFW,Acts,,VNDB
tag_25f7e525b5,Latex,NSFW,Character,latex|乳胶紧身衣,E-Hentai|NHentai
tag_51c0decdbb,Latin American Mythology,SFW,Theme,Pre-Columbian Mythology,VNDB
tag_a4759deba7,Law And Order,SFW,Theme,law and order,Kitsu
tag_5e48f55e26,Lawyer Hero,SFW,Character,,VNDB
tag_20b684aa1e,Lawyer Heroine,SFW,Character,Attorney Heroine|Counsel Heroine|Solicitor Heroine,VNDB
tag_ecb79c233b,Lawyer Protagonist,SFW,Character,Attorney Protagonist|Counsel Protagonist|Solicitor Protagonist,VNDB
tag_6c41680301,Layer Cake,NSFW,Character,layer cake|夹心蛋糕,E-Hentai|NHentai
tag_8b8aae662d,Lazy Hero,SFW,Character,,VNDB
tag_add23358cf,Lazy Heroine,SFW,Character,,VNDB
tag_457ec09dc3,Lazy Protagonist,SFW,Character,,VNDB
tag_70069f802f,Leader Hero,SFW,Character,,VNDB
tag_aa2aeb2d70,Leader Heroine,SFW,Character,,VNDB
tag_0ceb96df65,Leader Protagonist,SFW,Character,,VNDB
tag_b44a8e52b6,Leash,NSFW,Character,leash|狗链,E-Hentai|NHentai
tag_4eaa4fba1e,Leather Bondage,NSFW,Fetish,Rubber Bondage,VNDB
tag_9e53b05134,Leg Lock,NSFW,Character,leg lock|勾腿,E-Hentai|NHentai
tag_38ab7f0078,Legal Shota Hero,SFW,Character,,VNDB
tag_8285d46ff0,Legjob,NSFW,Sexual,Leg Job|legjob|腿交,E-Hentai|NHentai|VNDB
tag_4ed9f7ce0f,Legwear Footjob,NSFW,Sexual,Sockjob,VNDB
tag_fe714345de,Leotard,NSFW,Character,leotard|紧身衣,E-Hentai|NHentai
tag_0800721cfa,Lesbian Domination,NSFW,Sexual,Lesbian Dominance|Lezdom,VNDB
tag_5ed491251c,Lesbian Heroine,SFW,Character,homosexual heroine,VNDB
tag_ddd7fdd605,Lesbian Lolicon,NSFW,Relationship,Yuri Lolicon,VNDB
tag_0db3d95bab,Lesbian NTR,NSFW,Fetish,Lesbian Netorare|Yuri NTR|Yuri Netorare,VNDB
tag_c9529d0721,Lesbian Protagonist,SFW,Character,Homosexual Female Protagonist,VNDB
tag_80efa73686,Lesbian Rape,NSFW,Situation,Yuri Rape,VNDB
tag_33077fc22a,Lesbian Sex,NSFW,Acts,Female on Female Sex|Girl x Girl Sex|Girl-on-girl Sex|GxG Sex|Yuri,VNDB
tag_88cb2c6d47,Lesbian Sex Only,NSFW,Acts,Girl x Girl Sex Only|Girl-on-girl Sex Only|GxG Sex Only|Yuri Only,VNDB
tag_f85b3faecc,Level Up,SFW,Theme,Leveling|Stat Points,ManhwaTaxonomy
tag_93b15fc827,LGBTQ Issues,SFW,Theme,,VNDB
tag_499bff9cc0,LGBTQ+ Themes,SFW,Theme,,AniList
tag_ce525a5df6,Librarian Hero,SFW,Character,,VNDB
tag_4558685187,Librarian Heroine,SFW,Character,,VNDB
tag_d521f765a4,Library,SFW,Theme,,VNDB
tag_f8c7b5b33b,Life and Death Drama,SFW,Genre,,VNDB
tag_44eb87f1f6,Lifeguard Hero,SFW,Character,Lifesaver Hero|Pool Attendant Hero,VNDB
tag_688037585f,Lifeguard Heroine,SFW,Character,Lifesaver Heroine|Pool Attendant Heroine,VNDB
tag_fc820b55bc,Lifeguard Protagonist,SFW,Character,Lifesaver Protagonist|Pool Attendant Protagonist,VNDB
tag_fde6fce6ee,Linear Plot,SFW,Format,Non-branching Plot,VNDB
tag_c5532abb69,Lingerie,NSFW,Appearance,lingerie|情趣内衣,E-Hentai|NHentai
tag_43de8e347f,Linked Clamps,NSFW,Sexual,Chained Clamps,VNDB
tag_330f34c511,Linked Piercings,NSFW,Sexual,,VNDB
tag_6b42d00c4c,Lion,NSFW,Character,lion|狮🦁,E-Hentai|NHentai
tag_33ded59924,Lioness,NSFW,Character,lioness|狮🦁,E-Hentai
tag_6e2c8e9dc5,Lip Sync,SFW,Format,Animated Speech|Lip Synchronization|Lip-sync|Lip-synch,VNDB
tag_cb34acbb90,Lipstick Mark,NSFW,Character,lipstick mark|口红印,E-Hentai
tag_862931047b,Literary Adaptation,SFW,Format,Based on a Book|Based on a Novel,VNDB
tag_7bd84ee3c6,Live Action,SFW,Format,,CinemaTaxonomy
tag_4466980e79,Live Sexual Broadcast,NSFW,Acts,Sex Livestream,VNDB
tag_16fcd69826,Living Clothes,NSFW,Character,living clothes|生物衣,E-Hentai|NHentai
tag_214b3f3972,Living Clothes Sex,NSFW,Acts,Monsters (Clothes),VNDB
tag_9ce03027e0,Living Doll Hero,SFW,Character,,VNDB
tag_848af92781,Living Doll Heroine,SFW,Character,,VNDB
tag_c7cc7f8db3,Living Doll Protagonist,SFW,Character,,VNDB
tag_0cef08cb5c,Living Doll Support Character,SFW,Theme,,VNDB
tag_fe367689c6,Lizard Girl,NSFW,Character,lizard girl|蜥蜴女孩,E-Hentai|NHentai
tag_154e53f3da,Lizard Guy,NSFW,Character,lizard guy|蜥蜴男孩,E-Hentai|NHentai
tag_30c4bb603a,Location Display,SFW,Format,,VNDB
tag_0fd06c7ae5,Loli,SFW,Theme,,Kitsu|MangaDex
tag_5cf22b77f5,Loli Heroine,SFW,Character,Heroine with childlike appearance,VNDB
tag_c671724a91,Loli Protagonist,SFW,Character,Female protagonist with childlike appearance,VNDB
tag_130f91677c,Loli Support Character,SFW,Theme,Loli (non-Heroine),VNDB
tag_a6a1d2bac4,Lolicon,NSFW,Relationship,Lolita Complex|Rorikon|lolicon|萝莉,E-Hentai|MangaUpdates|NHentai|VNDB
tag_5d1c73256e,Lolicon Hero,SFW,Character,Hero with Lolita Complex,VNDB
tag_caab404893,Lolicon Heroine,SFW,Character,Heroine with Lolita Complex,VNDB
tag_d9963463d8,Lolicon Protagonist,SFW,Character,,VNDB
tag_228c09b681,Long Common Route,SFW,Format,,VNDB
tag_075d0e4e41,Long-distance Relationship,SFW,Theme,long distance relationship,VNDB
tag_567922c6d6,Long Sexual Scenes,NSFW,Acts,Long eroscenes|Long h-scenes,VNDB
tag_c776eb0239,Long Strip,SFW,Format,,MangaDex
tag_146b07299e,Long Tongue,NSFW,Character,long tongue|长舌👅,E-Hentai|NHentai
tag_45ff19343e,Lost Civilization,SFW,Theme,,AniList
tag_044899eea2,Lost Technology,SFW,Theme,,VNDB
tag_cc5d2e1de7,Lotion Play,NSFW,Sexual,Lube Play|Lubricant Play|ローションプレイ,VNDB
tag_ae3f1ef648,Lots of Character Sprites,SFW,Format,Minor Character Sprites,VNDB
tag_82399e6284,Lots of Choices,SFW,Format,High Amount of Choices|Many Choices,VNDB
tag_022ac0a60f,Lots of Event CGs,SFW,Format,A lot of CGs|Lots of CGs|Tons of CGs,VNDB
tag_3aa2d7d2a0,Love Hotel,SFW,Theme,Sex hotel|amusement hotel|boutique hotel|couples hotel|fashion hotel|leisure hotel|romance hotel,VNDB
tag_e55d5fe148,Love Interest's Gender Choice,SFW,Theme,,VNDB
tag_f48de49cc6,Love Overcomes All,SFW,Theme,Love Conquers All|Power of Love|True Love Story,VNDB
tag_44af3fa0c0,Love Polygon,SFW,Theme,love polygon,Kitsu
tag_22be350a6f,Love Rivalry,SFW,Relationship,Battle of Love|Love Battle Royale|Love Competition,VNDB
tag_683bb0bc3b,Love Triangle,SFW,Relationship,,AniList|VNDB
tag_8fefc6a528,Lovecraftian Horror,SFW,Genre,Cosmic Horror|Eldritch Horror,VNDB
tag_97231e2460,Low Amount of Rape,NSFW,Situation,,VNDB
tag_a3e1f49aa2,Low Bestiality,NSFW,Character,low bestiality|低比例兽交,E-Hentai|NHentai
tag_a6036c08a6,Low Fantasy,SFW,Genre,Intrusion Fantasy,VNDB
tag_9dfd081165,Low Guro,NSFW,Paraphilic/Fetish,low guro|低比例猎奇,E-Hentai|NHentai
tag_c3b777cf9e,Low Incest,NSFW,Relationship,low incest|低比例乱伦,E-Hentai|NHentai
tag_52b5bd74e5,Low Lolicon,NSFW,Relationship,low lolicon|低比例萝莉,E-Hentai|NHentai
tag_a85d8d407f,Low Scat,NSFW,Paraphilic/Fetish,low scat|低比例排便,E-Hentai|NHentai
tag_3e3965d535,Low Sexual Content,NSFW,Acts,Low Erotic Content,VNDB
tag_7d77b82a4c,Low Shotacon,NSFW,Relationship,low shotacon|低比例正太,E-Hentai|NHentai
tag_d0b77f69f7,Low Smegma,NSFW,Character,low smegma|低比例阴垢,E-Hentai|NHentai
tag_6a21cb00f1,Lucky Star,SFW,Theme,らき☆すた,VNDB
tag_14754f13e5,Machine,NSFW,Character,machine|机械奸,E-Hentai|NHentai
tag_9fad5fa0e3,Macho Protagonist,SFW,Character,Beefcake Protagonist|Manly Protagonist,VNDB
tag_06cbb62e8d,Macrophilia,NSFW,Sexual,Giantism Fetish,VNDB
tag_524bd84f43,Mad Scientist Support Character,SFW,Theme,,VNDB
tag_601fcbd25c,Madam Heroine,SFW,Character,Brothel Keeper Heroine|Pimp Heroine|Procurer Heroine|Procuress Heroine|Trafficker Heroine,VNDB
tag_793d2c8119,Madness,SFW,Theme,Insanity,VNDB
tag_3116248dc2,Mafia,SFW,Theme,,AniList|Kitsu|MangaDex
tag_646a5168d6,Mage Hero,SFW,Character,Battlemage Hero|Magician Hero|Magus Hero|Sorcerer Hero|Spellcaster Hero|Wizard Hero,VNDB
tag_b0c6eb5a81,Mage Heroine,SFW,Character,Battlemage Heroine|Magician Heroine|Magus Heroine|Sorcerer Heroine|Sorceress Heroine|Spellcaster Heroine|Wizardress Heroine,VNDB
tag_35c9d51ad3,Mage Protagonist,SFW,Character,Battlemage Protagonist|Magus Protagonist|Sorcerer Protagonist|Spellcaster Protagonist|Wizard Protagonist,VNDB
tag_4bfe3e2470,Mages Association,SFW,Theme,Mages Guild,VNDB
tag_06347d0b11,Maggot,NSFW,Character,maggot|蛆🐛,E-Hentai|NHentai
tag_2f3a4fccca,Magic,SFW,Theme,Magecraft|Sorcery|Wizardry,AniList|Kitsu|MangaDex|VNDB
tag_dba5f16888,Magic Academy,SFW,Setting,Arcane Academy|Magic School,ManhwaTaxonomy
tag_69c39aacce,Magic School,SFW,Setting,Magical Academy|School of Wizardry,VNDB
tag_935272168d,Magic/ESP Combat,SFW,Theme,Combat by magical or other unnatural means|ESP Combat|Magic Combat,VNDB
tag_1659b8badb,Magical Girl,NSFW,Character,magical girl|魔法少女,E-Hentai|Kitsu|NHentai
tag_2e2bd87477,Magical Girls,SFW,Genre,,MangaDex
tag_8949ccf87f,Mahjong,SFW,Theme,,AniList|MangaDex
tag_4d9bd91f36,Mahjong as Gameplay Element,SFW,Format,Jan|Ma-jan|Mah-jongg|Majiang|Maque|麻将|麻雀,VNDB
tag_4b71da693b,Mahjong as Story Element,SFW,Theme,mahjong in story,VNDB
tag_0a34cdd8a1,Mahou Shoujo Heroine,SFW,Character,Magical Girl Heroine,VNDB
tag_1d9001f9ba,Mahou Shoujo Lyrical Nanoha,SFW,Theme,Magical Girl Lyrical Nanoha|Mahō shōjo Lyrical Nanoha,VNDB
tag_9f6504aaea,Mahou Shoujo Protagonist,SFW,Character,Magical Girl Protagonist,VNDB
tag_d5fc272374,Mahou Shounen Hero,SFW,Character,Magical Boy Hero|Magical Trap Heroine,VNDB
tag_7127e2674a,Mahou Shounen Protagonist,SFW,Character,Magical Boy Protagonist|Magical Trap Protagonist,VNDB
tag_395ef564af,Maid,SFW,Character,maid|女仆装,E-Hentai|Kitsu|NHentai
tag_c44d341fb2,Maid Cafe,SFW,Character,Maid Café,VNDB
tag_671fb664fa,Maid Cosplay,SFW,Character,,VNDB
tag_af83d74a22,Maid Heroine,SFW,Character,,VNDB
tag_dc64af8ac2,Maid Protagonist,SFW,Character,,VNDB
tag_a4d71fae01,Maid Support Character,SFW,Character,,VNDB
tag_855fcbe6ea,Maids,SFW,Character,,AniList
tag_2cb7662433,Major Antagonist,SFW,Theme,Enemy|Main Antagonist,VNDB
tag_8374006844,Makeup,NSFW,Character,makeup|化妆,AniList|E-Hentai|NHentai
tag_d2bb18f4e9,Male Friend,SFW,Theme,,VNDB
tag_83ea3e9e33,Male Harem,SFW,Relationship,,AniList
tag_d00083edd0,Male Homosexual NTR,NSFW,Fetish,Male on Male NTR|Yaoi NTR,VNDB
tag_b685159b70,Male on Dickgirl,NSFW,Sexual,male on dickgirl|男上扶,E-Hentai|NHentai|VNDB
tag_4e11a512f4,Male on Futanari,NSFW,Fetish,,VNDB
tag_2e394a07fa,Male on Male Rape,NSFW,Situation,Man-on-Man Rape|Men with Men Rape|Yaoi Rape,VNDB
tag_3374e41cb6,Male on Male Sex,NSFW,Acts,Boy on Boy Sex|Boy x Boy Sex|BxB Sex|Gay Sex|MSM Sex|Man-on-Man Sex|Men with Men Sex|Yaoi,VNDB
tag_c22b3dea18,Male on Male Sex Only,NSFW,Acts,Bara Only|Boy on Boy Sex Only|Boy x Boy Sex Only|BxB Sex Only|Yaoi Only,VNDB
tag_e74b9d1feb,Male on Trans Man,NSFW,Sexual,Male on Cuntboy|Male on FtM Transsexual|Man on Cuntman,VNDB
tag_7c98a888a1,Male on Trans Woman,NSFW,Sexual,Male on MtF Transsexual|Male on Tgirl,VNDB
tag_a14d7a3786,Male on Trap,NSFW,Sexual,Male on Cross-dressing Male|Male on Femboy|Male on Otoko no Ko|Male on Otokonoko|Male on Sissy|Male on Tomgirl|Male on 男の娘,VNDB
tag_c0a5c20717,Male Pregnancy,SFW,Theme,,VNDB
tag_00d6ff3f6e,Male Protagonist,SFW,Character,,AniList|VNDB
tag_83f7744809,Male Protagonist for a Short Time,SFW,Format,,VNDB
tag_3b31a89ea9,Males Only,NSFW,Character,males only|纯男性⚣,E-Hentai|NHentai
tag_77306f15cf,Management Simulation,SFW,Format,,VNDB
tag_aad34a546f,Manager Protagonist,SFW,Character,figurehead protagonist|representative agent protagonist|spokesperson protagonist,VNDB
tag_a7edbcdce1,Mandatory Choice Between Voices OR Subtitles,SFW,Format,Voices Without Subtitles OR Subtitles Without Voices,VNDB
tag_e2c18ff8c3,Mangaka Hero,SFW,Character,Comic Writer Hero|Manga Artist Hero,VNDB
tag_be9753be49,Mangaka Heroine,SFW,Character,Comic Writer Heroine|Manga Artist Heroine,VNDB
tag_5be5196f8d,Mangaka Protagonist,SFW,Character,Comic Writer Protagonist|Creator of Mangas|Manga Artist Protagonist,VNDB
tag_b69445142a,Manticore,SFW,Theme,,VNDB
tag_0c2c91dd4f,Manual Prostate Stimulation,NSFW,Sexual,Prostate Massage,VNDB
tag_d3c025a070,Maou Hero,SFW,Character,Demon King Hero|Demon Lord Hero|Maoh Hero,VNDB
tag_32c6987ba7,Maou Heroine,SFW,Character,Demon King Heroine|Demon Lord Heroine|Maoh Heroine,VNDB
tag_3cd55a8ba1,Maou Protagonist,SFW,Character,Demon King Protagonist|Maoh Protagonist,VNDB
tag_fe8e84796a,Map Movement,SFW,Format,,VNDB
tag_b84b1aaef9,Marine Mammals,SFW,Theme,Dolphin|Manatee|Sea Otter|Seal|Whale,VNDB
tag_772b76917b,Marriage,SFW,Theme,,AniList
tag_bfdbf9932b,Marriage Ending,SFW,Format,Wedding Ceremony Ending|Wedding Ending,VNDB
tag_c0c18b613b,Married Hero,SFW,Character,,VNDB
tag_eb40792cde,Married Heroine,SFW,Character,Hitodzuma Heroine|Hitozuma Heroine|Wife Heroine,VNDB
tag_68834fdcdf,Mars,SFW,Theme,,Kitsu|VNDB
tag_ba953e12f9,Martial Artist Hero,SFW,Character,,VNDB
tag_1553870851,Martial Artist Heroine,SFW,Character,,VNDB
tag_8d033766d5,Martial Artist Protagonist,SFW,Character,,VNDB
tag_58316f4550,Martial Arts,SFW,Theme,martial arts,AniList|CinemaTaxonomy|Kitsu|MangaDex|MangaUpdates
tag_6ffcaa9564,Marvel Comics,SFW,Theme,,VNDB
tag_cbf3b6bb32,Masked Face,NSFW,Character,masked face|假面,E-Hentai|NHentai
tag_02b7b2b6c5,Masochism,SFW,Theme,,AniList
tag_03f351fdaf,Masochist Hero,SFW,Character,,VNDB
tag_b337259a9c,Masochist Heroine,SFW,Character,,VNDB
tag_7c08f80ae6,Masochist Protagonist,SFW,Character,,VNDB
tag_03d261b86e,Masochist Support Character,SFW,Theme,,VNDB
tag_a2c0e623dd,Mass Murder,SFW,Theme,Mass Shooting|Public Bombing,VNDB
tag_b0069dca0b,Massage Parlor,SFW,Theme,Massage Salon,VNDB
tag_a9f8bbda3f,Massage Therapist Protagonist,SFW,Character,Masseur Protagonist|Masseuse Protagonist,VNDB
tag_907df53fac,Master and Servant,SFW,Theme,,VNDB
tag_3221031e8e,Masturbation,NSFW,Acts,masturbation|自慰,AniList|E-Hentai|NHentai|VNDB
tag_d133eb60c2,Masturbation in front of an Audience,NSFW,Acts,,VNDB
tag_ef76ea5ade,Masturbation Involving Food,NSFW,Acts,Masturbating With Food|Masturbation With Food,VNDB
tag_f89d2c6b28,Masturbation with Object,NSFW,Acts,Masturbation with Item,VNDB
tag_7941703743,Masturbation with Water,NSFW,Acts,Water Masturbation,VNDB
tag_1399e54277,Matriarchy,SFW,Theme,Female Dominated Society|Feminarchy,AniList|VNDB
tag_9e7012e85c,Mature,SFW,Genre,,MangaUpdates
tag_aca14528f5,May-December Romance,SFW,Relationship,Age Difference|Age Gap|may december romance,VNDB
tag_4a60440532,Mayadere Hero,SFW,Character,,VNDB
tag_0cf9f96b5c,Mayadere Heroine,SFW,Character,Dangerous Heroine|Scary Heroine,VNDB
tag_e4dbcd2ae4,Meaningless Choices,SFW,Format,,VNDB
tag_02d268c237,Mecha,SFW,Theme,,Kitsu|MangaDex|MangaUpdates|VNDB
tag_92febb5073,Mecha Boy,NSFW,Character,mecha boy|机男,E-Hentai|NHentai
tag_0132e191d8,Mecha Combat,SFW,Theme,,VNDB
tag_6c6a8c257d,Mecha Girl,NSFW,Character,mecha girl|机娘,E-Hentai|NHentai
tag_5fa391fc0e,Mecha Pilot Hero,SFW,Character,Mecha Driver Hero|Mecha User Hero,VNDB
tag_140f9f3697,Mecha Pilot Heroine,SFW,Character,mecha driver heroine|mecha user heroine,VNDB
tag_26949494b4,Mecha Pilot Protagonist,SFW,Character,mecha driver protagonist|mecha user protagonist,VNDB
tag_7cbdd4e997,Medical,SFW,Genre,,MangaDex
tag_1c4811f1ab,Medical Doctor Hero,SFW,Character,Doctor of Medicine Hero|Medical Practitioner Hero|Physician Hero,VNDB
tag_08b15c59d3,Medical Doctor Heroine,SFW,Character,Doctor of Medicine Heroine|Medical Practitioner Heroine|Physician Heroine,VNDB
tag_d957dfc062,Medical Doctor Protagonist,SFW,Character,Doctor of Medicine Protagonist|Medical Practitioner Protagonist|Physician Protagonist,VNDB
tag_4a7f9e1ff0,Medical Student Protagonist,SFW,Character,Nursing Student Protagonist,VNDB
tag_d9e5d21232,Medicine,SFW,Theme,,AniList
tag_a2a1d979fd,Medieval,SFW,Theme,,AniList
tag_a2d7bb6584,Medieval Fantasy,SFW,Setting,Mediaeval Fantasy,VNDB
tag_2b60d45fd4,Medium Heroine,SFW,Character,Channeler Heroine|Shaman Heroine|Spirit Guide Heroine,VNDB
tag_9d12f54796,Meiji Era,SFW,Theme,Meiji Jidai|Meiji Period|明治時代,VNDB
tag_e3f6b9a725,Memory Alteration,SFW,Theme,Altered Memories|Memory Modification,VNDB
tag_1c07e54d62,Memory Manipulation,SFW,Theme,,AniList
tag_3e2aba1c92,Menstruation,NSFW,Character,menstruation|经血,E-Hentai|NHentai
tag_817b7b2b55,Mentor Support Character,SFW,Theme,Master|Sensei,VNDB
tag_56cbb665d2,Mercenary Hero,SFW,Character,,VNDB
tag_f1654e3355,Mercenary Heroine,SFW,Character,,VNDB
tag_50f9d0bbd9,Mercenary Protagonist,SFW,Character,,VNDB
tag_de3bfab247,Mercenary Support Character,SFW,Theme,,VNDB
tag_eaa1f8a075,Merchant Hero,SFW,Character,,VNDB
tag_e867d55580,Merchant Heroine,SFW,Character,,VNDB
tag_a40796ac70,Merchant Protagonist,SFW,Character,,VNDB
tag_2ccb3dd497,Mermaid,NSFW,Character,mermaid|美人鱼🧜‍♀️,AniList|E-Hentai|Kitsu|NHentai
tag_0b38136cd5,Mermaid Heroine,SFW,Character,,VNDB
tag_c68a00edfd,Merman,NSFW,Character,merman|人鱼🧜‍♂️,E-Hentai|NHentai
tag_d8aced71fe,Merman Hero,SFW,Character,,VNDB
tag_dfcad2e079,Merprotagonist,SFW,Character,Mermaid Protagonist|Merman Protagonist,VNDB
tag_1e7bc2b807,Mesopotamian Mythology,SFW,Theme,,VNDB
tag_e957bde77a,Messiah Heroine,SFW,Character,,VNDB
tag_d5425ff05c,Messiah Protagonist,SFW,Character,Providential Protagonist,VNDB
tag_4b1b98d78d,Mesugaki,NSFW,Character,mesugaki|雄小鬼|雌小鬼,E-Hentai
tag_7dc00e5a62,Mesugaki Heroine,SFW,Character,Bratty Loli Heroine,VNDB
tag_501893ca16,Mesuiki,NSFW,Character,mesuiki|干高潮,E-Hentai|NHentai
tag_e9a23cbc45,Meta,SFW,Theme,,AniList
tag_689c7de999,Metafiction,SFW,Format,Self-aware plot|Self-referential plot,VNDB
tag_a6a0a0d5ed,Metal Armor,NSFW,Character,metal armor|金属盔甲,E-Hentai|NHentai
tag_bf26c89832,Metal Bondage,NSFW,Fetish,Chain Bondage|Shackles Bondage,VNDB
tag_623558d0e3,Metropolitan Area,SFW,Theme,urban area,VNDB
tag_5c14bd28c9,Microphilia,NSFW,Sexual,Shrinking Fetish,VNDB
tag_bab3b73d5d,Microtransactions,SFW,Format,Freemium|MTX,VNDB
tag_7766d945e7,Mid-game Videos,SFW,Format,Mid-game Animations|Mid-game Cutscenes|mid game videos,VNDB
tag_08dab0156f,Middle Ages Earth,SFW,Theme,,VNDB
tag_75e5d274f1,Middle Ages Europe,SFW,Theme,Medieval Europe,VNDB
tag_0dc4bf52a3,Middle East,SFW,Theme,Arabia|Egypt|middle east,Kitsu|VNDB
tag_52940aae23,Middle School,SFW,Setting,Junior High School|middle school,Kitsu|VNDB
tag_00dfdaa099,Middle School Student,SFW,Setting,,VNDB
tag_25210f78d8,Middle School Student Hero,SFW,Character,Junior High School Student Hero,VNDB
tag_4dae95a2c2,Middle School Student Heroine,SFW,Character,Junior High School Student Heroine,VNDB
tag_f58c9c886b,Middle School Student Protagonist,SFW,Character,Junior High School Student Protagonist,VNDB
tag_7093909b45,Midget,NSFW,Character,midget|侏儒,E-Hentai|NHentai
tag_fc5fbf9666,Miko,NSFW,Character,miko|巫女装,E-Hentai|NHentai
tag_276432e2dd,Miko Heroine,SFW,Character,,VNDB
tag_e1b4d4a7ce,Miko Protagonist,SFW,Character,Shrine Maiden Protagonist,VNDB
tag_0fa9d94de8,Milf,NSFW,Relationship,MILF|milf|熟女,AniList|E-Hentai|NHentai
tag_31ba6d3619,Military,SFW,Theme,military|军装,AniList|E-Hentai|Kitsu|MangaDex|NHentai|VNDB
tag_c34f5a980a,Military Base,SFW,Theme,,VNDB
tag_944666b25f,Military School,SFW,Setting,Military Academy,VNDB
tag_37a6649419,Milking,NSFW,Character,milking|挤奶,E-Hentai|NHentai
tag_3147d5bfde,Milking (Sexual),NSFW,Acts,Milk Machine|Milked|Milking-Machine,VNDB
tag_3b37aa4429,Mind Break,NSFW,Fetish,mind break|洗脑,E-Hentai|NHentai
tag_0d40f80510,Mind Control,NSFW,Fetish,Brainwashing|Coercive Persuasion|Hypnosis|Hypnotism|Mind Abuse|Thought Control|Thought Reform|mind control|催眠,E-Hentai|NHentai|VNDB
tag_2a36fd8f69,Mind Screw,SFW,Theme,Mind Fuck|Mindfuck,VNDB
tag_5dafe14065,Mindbreak,SFW,Theme,Mind Break,VNDB
tag_98eb470b2b,Minecraft,SFW,Theme,MCYT,VNDB
tag_8a3ae4848a,Minigirl,NSFW,Character,minigirl|迷你女孩,E-Hentai|NHentai
tag_00500018a9,Miniguy,NSFW,Character,miniguy|迷你男孩,E-Hentai|NHentai
tag_50e6d4a509,Minimalist Sprites,SFW,Format,Stickman,VNDB
tag_92d766dd53,Miniseries,SFW,Format,,CinemaTaxonomy
tag_63c148d92a,Minotaur,NSFW,Character,minotaur|牛头人,E-Hentai|NHentai
tag_a6d679211f,Mirror Sex,NSFW,Acts,Sex Involving Mirrors|Sex in Front of a Mirror,VNDB
tag_85f823458a,Misc. Character Tags,SFW,Theme,,VNDB
tag_7b8d8dc1e3,Mischievous Hero,SFW,Character,,VNDB
tag_fbb741343a,Mischievous Heroine,SFW,Character,Prankster Heroine|Trickster Heroine,VNDB
tag_9d6c5ca70d,Mischievous Protagonist,SFW,Character,Prankster Protagonist|Trickster Protagonist,VNDB
tag_de92285e2e,Missing Cover,NSFW,Sexual,missing cover|缺封面,E-Hentai|NHentai
tag_83e07a4c7e,Missionary Position,NSFW,Sexual,,VNDB
tag_58d2a47843,Mixed Gender Harem,SFW,Relationship,,AniList
tag_ce8a7af8d3,Mixed Media,SFW,Theme,,AniList
tag_d1a2292d55,Mmf Threesome,NSFW,Relationship,mmf threesome|男女男3P,E-Hentai|NHentai
tag_14f7a272ba,Mmm Threesome,NSFW,Relationship,mmm threesome|男3P,E-Hentai|NHentai
tag_7e8556d5d0,Mmt Threesome,NSFW,Relationship,mmt threesome|男扶男3P,E-Hentai|NHentai
tag_0635ecb6ae,Model Hero,SFW,Character,Supermodel Hero,VNDB
tag_ab77072246,Model Heroine,SFW,Character,Gravure Idol Heroine|Supermodel Heroine,VNDB
tag_00fa6f383a,Model Protagonist,SFW,Character,Supermodel Protagonist,VNDB
tag_f1386ce4ed,Modern Day,SFW,Setting,Current Day|Present Day,VNDB
tag_2afa9a0a96,Modern Day Akihabara,SFW,Setting,秋葉原,VNDB
tag_b90c951d66,Modern Day British Isles,SFW,Setting,Modern Day England,VNDB
tag_630ed581f3,Modern Day Canada,SFW,Setting,,VNDB
tag_14e92fcdbb,Modern Day China,SFW,Setting,,VNDB
tag_3e016a70ec,Modern Day Earth,SFW,Setting,Contemporary Earth,VNDB
tag_ff755f8619,Modern Day Europe,SFW,Setting,,VNDB
tag_5bd43a5765,Modern Day Hokkaido,SFW,Setting,Modern Day Hokkaidou|Modern Day Hokkaidō,VNDB
tag_e1ed876831,Modern Day Japan,SFW,Setting,,VNDB
tag_84b1b10ca5,Modern Day Korea,SFW,Setting,Modern Korean|Present Day Korea,VNDB
tag_823f77a260,Modern Day Setting in a Fictional World,SFW,Setting,Modern Day Setting in a Fantasy World,VNDB
tag_39b23fa277,Modern Day Shibuya,SFW,Setting,渋谷区,VNDB
tag_3c8c75202f,Modern Day Shikoku,SFW,Setting,,VNDB
tag_307676a72f,Modern Day Thailand,SFW,Setting,,VNDB
tag_ac71b2ad6f,Modern Day Tokyo,SFW,Setting,東京|東京都,VNDB
tag_fde66ea639,Modern Day United States of America,SFW,Setting,Modern Day America|Modern Day USA,VNDB
tag_b50e23a1af,Modern Murim,SFW,Setting,Modern Martial Arts,ManhwaTaxonomy
tag_7c039fb149,Modern Tsundere Heroine,SFW,Character,,VNDB
tag_aab0760046,Modifications,SFW,Format,Modding|Mods|User Scenarios,VNDB
tag_799d3db7e2,Molestation on Public Transport,NSFW,Situation,Train Groping|Train Molestation,VNDB
tag_bf440a83c6,Monk Hero,SFW,Character,Anchorite Hero|Cenobite Hero|Hermit Hero|Hesychast Hero|Monacho Hero|Solitary Hero,VNDB
tag_dcda08efb5,Monk Heroine,SFW,Character,Anchorite Heroine|Cenobite Heroine|Hermit Heroine|Hesychast Heroine|Monacho Heroine|Solitary Heroine,VNDB
tag_d0763edaa9,Monkey,NSFW,Character,monkey|猴🐒,E-Hentai|NHentai
tag_fef482d708,Monkey Boy,NSFW,Character,monkey boy|猴男孩,E-Hentai|NHentai
tag_ffb40f59da,Monkey Girl,NSFW,Character,monkey girl|猴女孩,E-Hentai|NHentai
tag_afa3f2d77f,Monoeye,NSFW,Character,monoeye|独眼,E-Hentai|NHentai
tag_8bf4e6addd,Monster,NSFW,Fetish,monster|怪物,CinemaTaxonomy|E-Hentai|NHentai
tag_6aacb9bdef,Monster Birth,NSFW,Fetish,Birthing Monsters|Birthing Non-Human Creatures|Viviparous Monster Birth,VNDB
tag_d2cbc3ba74,Monster Boy,SFW,Theme,,AniList
tag_5d6bfd420e,Monster Girl,NSFW,Fetish,monster girl|魔物娘,AniList|E-Hentai|NHentai
tag_8c127830f7,Monster Girl Heroine,SFW,Character,,VNDB
tag_4847a37111,Monster Girl Support Character,SFW,Theme,Female Monster (non-Heroine),VNDB
tag_ce898eef5d,Monster Girls,SFW,Theme,,MangaDex
tag_5f8c9aa6fa,Monster Hero,SFW,Character,Creature Hero,VNDB
tag_148de4801e,Monster Heroine,SFW,Character,Creature Heroine,VNDB
tag_c4e1a4c24b,Monster Hunter Hero,SFW,Character,,VNDB
tag_1624b162fb,Monster Hunter Heroine,SFW,Character,,VNDB
tag_6140408599,Monster Hunter Protagonist,SFW,Character,,VNDB
tag_7c1d5a1c07,Monster Hunters,SFW,Theme,,VNDB
tag_f6147b8184,Monster Protagonist,SFW,Character,,VNDB
tag_994efce70e,Monster Rape,NSFW,Fetish,Creature Rape|Rape by Creatures|Rape by Monsters,VNDB
tag_13fe2e62e8,Monster Support Character,SFW,Theme,Birdman Support Character|Boarman Support Character|Creature Support Character|Goblin Support Character|Lizardman Support Character|Orc Support Character,VNDB
tag_039a726ac0,Monsters,SFW,Theme,Bakemono|Mamono,MangaDex|VNDB
tag_6d4db5ff0c,Moon,SFW,Theme,Luna,VNDB
tag_5a91edb7b9,Mopeds,SFW,Theme,,AniList
tag_c231554a0f,Moral Degeneration,NSFW,Character,moral degeneration|道德退化,E-Hentai|NHentai
tag_425daf1cb2,More Than Seven Endings,SFW,Format,A lot of endings|Lots and lots of endings,VNDB
tag_cd1e40d86c,More Than Seven Heroes,SFW,Character,A lot of Heroes|Lots and lots of Heroes,VNDB
tag_dce27b7a08,More Than Seven Heroines,SFW,Character,A lot of Heroines|Lots and lots of Heroines,VNDB
tag_0e70cd4380,More Than Seven Love Interests,SFW,Theme,More Than Seven Male + Female Love Interests|More Than Seven Romanceable Characters,VNDB
tag_9c75875510,Mosaic Censorship,NSFW,Sexual,mosaic censorship|马赛克修正,E-Hentai|NHentai
tag_c71e718995,Moth Boy,NSFW,Character,moth boy|蛾男,E-Hentai
tag_3ff6b03b2a,Moth Girl,NSFW,Character,moth girl|蛾娘,E-Hentai
tag_6ee6a213cb,Mother,NSFW,Relationship,mother|母亲,E-Hentai|NHentai
tag_4720d743f6,Mother Support Character,SFW,Theme,,VNDB
tag_66d7391507,Mother/Daughter Incest,NSFW,Relationship,,VNDB
tag_8b967ca5ff,Mother/Daughter Romance,SFW,Relationship,,VNDB
tag_5d86967ef5,Mother/Son Incest,NSFW,Relationship,,VNDB
tag_7a422473ec,Mother/Son Romance,SFW,Relationship,,VNDB
tag_9c5f56220a,Mothercon Protagonist,SFW,Character,Mother Complex Protagonist|Mother-con Protagonist|Protagonist with Oedipus Complex,VNDB
tag_beb4df625e,Motion Controls,SFW,Format,Motion controllers,VNDB
tag_d3b49bcac8,Motorcycles,SFW,Theme,,AniList
tag_08476cf7cd,Motorsport,SFW,Theme,,Kitsu
tag_6eec5f1b64,Mount Hua Sect,SFW,Setting,Plum Blossom Sect,ManhwaTaxonomy
tag_4ea30abe3c,Mourning,SFW,Theme,,VNDB
tag_40203abe6e,Mouse,NSFW,Character,mouse|鼠🐀|鼠🐁,E-Hentai|NHentai
tag_cd5796e786,Mouse Boy,NSFW,Character,mouse boy|鼠男孩,E-Hentai|NHentai
tag_40e0c61638,Mouse Girl,NSFW,Character,mouse girl|鼠女孩,E-Hentai|NHentai
tag_d1fed6842f,Mousegirl Heroine,SFW,Character,Ratgirl Heroine|Rodentgirl Heroine,VNDB
tag_24fb408b1e,Mouth Gag,NSFW,Sexual,Ball Gag|Mouth Plug,VNDB
tag_2bd23fe5b6,Mouth Mask,NSFW,Character,mouth mask|口罩,E-Hentai|NHentai
tag_0e29110960,Movable Text Box,SFW,Format,,VNDB
tag_18d1ca7711,Moxibustion (Torture),SFW,Theme,,VNDB
tag_f8e4c02168,Mtf Threesome,NSFW,Relationship,mtf threesome|男扶女3P,E-Hentai|NHentai
tag_c81b153210,Multi-Selection Choices,SFW,Format,multi selection choices,VNDB
tag_674e271f92,Multi Work Series,NSFW,Sexual,multi-work series|系列作品,E-Hentai|NHentai
tag_437f2afa21,Multimouth Blowjob,NSFW,Character,multimouth blowjob|多口口交,E-Hentai|NHentai
tag_c7d313e06d,Multipanel Sequence,NSFW,Sexual,multipanel sequence|多格序列,E-Hentai|NHentai
tag_35c606a9e0,Multiplayer Game,SFW,Format,,VNDB
tag_3fc2b2cbce,Multiple Arms,NSFW,Character,multiple arms|多臂,E-Hentai|NHentai
tag_1ac06fdbe1,Multiple Assjob,NSFW,Character,multiple assjob|多重尻交,E-Hentai|NHentai
tag_c3d0757350,Multiple Breasts,NSFW,Body,multiple breasts|多乳房,E-Hentai|NHentai
tag_56ed83cde5,Multiple Common Routes,SFW,Format,,VNDB
tag_b50a46eb99,Multiple Credit Rolls,SFW,Format,Multiple Ending Credits,VNDB
tag_d4d20405f4,Multiple Endings,SFW,Format,,VNDB
tag_43b77fe243,Multiple Footjob,NSFW,Acts,multiple footjob|多重足交,E-Hentai|NHentai
tag_b745a5dc49,Multiple Handjob,NSFW,Acts,multiple handjob|多重手交,E-Hentai|NHentai
tag_db3a399e8e,Multiple Nipples,NSFW,Body,multiple nipples|多乳头,E-Hentai|NHentai
tag_7b3bf99f11,Multiple Opening Movies,SFW,Format,,VNDB
tag_630d228bb9,Multiple Orgasms,NSFW,Character,multiple orgasms|连续高潮,E-Hentai|NHentai
tag_fd2b6ee051,Multiple Pairings,NSFW,Character,multiple pairings|多对多,E-Hentai
tag_f4c9effec5,Multiple Paizuri,NSFW,Acts,multiple paizuri|多重乳交,E-Hentai|NHentai
tag_7b5c91b963,Multiple Penetration,NSFW,Acts,,VNDB
tag_39b7bb1dbe,Multiple Penises,NSFW,Body,Dual Penis|multiple penises|鸡鸡复鸡鸡,E-Hentai|NHentai|VNDB
tag_b345c401c6,Multiple Positions In Background With Fixed Perspective,SFW,Theme,,VNDB
tag_a8460409e0,Multiple Protagonists,SFW,Format,,VNDB
tag_249efd2338,Multiple Route Mystery,SFW,Format,Multiple Ending Mystery,VNDB
tag_486d3035b6,Multiple Straddling,NSFW,Character,multiple straddling|多人跨骑,E-Hentai|NHentai
tag_85a18c6b27,Multiple Tails,NSFW,Body,multiple tails|多尾,E-Hentai
tag_90ac31d42b,Multiple True Endings,SFW,Format,,VNDB
tag_5704efe7f8,Multiple Vaginas,NSFW,Body,multiple vaginas|多阴道,E-Hentai
tag_8fa72a5088,Mummy,SFW,Theme,,VNDB
tag_193b7ef1b4,Murder Mystery,SFW,Genre,Unsolved Murders,VNDB
tag_e2df8b2795,Murim,SFW,Setting,Martial Arts World|Wuxia World,ManhwaTaxonomy
tag_4a98b4c7c3,Muromachi Era,SFW,Theme,Ashikaga Era|Ashikaga Jidai|Ashikaga Period|Muromachi Jidai|Muromachi Period|室町時代|足利時代,VNDB
tag_8ac20bf580,Muscle,NSFW,Character,muscle|肌肉,E-Hentai|NHentai
tag_51ac4efb44,Muscle Growth,NSFW,Character,Muscle Expansion|muscle growth|肌肉成长,E-Hentai|NHentai|VNDB
tag_248ff5fdfa,Muscle Worship,NSFW,Sexual,Sthenolagnia,VNDB
tag_19417ee9f3,Muscular Hero,SFW,Character,Buff Hero|Mesomorphic Hero|Strong Hero,VNDB
tag_44b9cabc57,Muscular Heroine,SFW,Character,Buff Heroine|Mesomorphic Heroine|Strong Heroine,VNDB
tag_9a22e294e9,Muscular Protagonist,SFW,Character,Buff Protagonist|Mesomorphic Protagonist|Strong Protagonist,VNDB
tag_eb0ea0bc6c,Museum,SFW,Theme,,VNDB
tag_ac9b5acf36,Mushroom Boy,NSFW,Character,mushroom boy|蘑菇男,E-Hentai
tag_0a919126e8,Mushroom Girl,NSFW,Character,mushroom girl|蘑菇女孩,E-Hentai
tag_18d6769919,Music,SFW,Theme,,CinemaTaxonomy|Kitsu|MangaDex
tag_cc1249207a,Music Club,SFW,Theme,,VNDB
tag_10aaa7cf90,Music Recollection,SFW,Format,Music mode|Music replay mode|Musical mode,VNDB
tag_7bf4a177e8,Musical,SFW,Genre,,CinemaTaxonomy
tag_7d7e38eed3,Musical Band,SFW,Theme,musical band,Kitsu
tag_9258dd1a0c,Musical Environment,SFW,Theme,,VNDB
tag_6709f94d97,Musical Theater,SFW,Theme,Musical Theatre,AniList|VNDB
tag_b9d6a8b34f,Musical Themes,SFW,Theme,,VNDB
tag_d1534562f8,Musician Hero,SFW,Character,,VNDB
tag_b76905b5cc,Musician Heroine,SFW,Character,,VNDB
tag_d875063c2b,Musician Protagonist,SFW,Character,,VNDB
tag_d6faf50344,Musume-type Heroine,SFW,Character,Pretend Daughter Heroine|musume type heroine,VNDB
tag_def9cbe59c,Mute,NSFW,Character,mute|哑巴,E-Hentai|NHentai
tag_217dece02d,Mute Hero,SFW,Character,Nonverbal Hero,VNDB
tag_b3bf0223b5,Mute Heroine,SFW,Character,Nonverbal Heroine,VNDB
tag_273e18659d,Mute Protagonist,SFW,Character,,VNDB
tag_2be45735c7,Muted Obscenities,SFW,Format,Censored Obscenities|Muted Words,VNDB
tag_26184eea6b,Mutual Masturbation,NSFW,Acts,Manual Intercourse,VNDB
tag_8e5439d787,My Little Pony,SFW,Theme,MLP,VNDB
tag_dffccf88df,Mystery,SFW,Genre,,CinemaTaxonomy|Kitsu|MangaDex|MangaUpdates|VNDB
tag_dc2727ced3,Mythical Setting,SFW,Theme,,VNDB
tag_9ecc19bb81,Mythology,SFW,Theme,,AniList
tag_5f2c369bd1,Naga Heroine,SFW,Character,,VNDB
tag_9c54e023ae,Naginata Combat,SFW,Theme,Combat with Naginata,VNDB
tag_c8cfaf6721,Naizuri,NSFW,Sexual,,VNDB
tag_a4fce49199,Nakadashi,NSFW,Acts,nakadashi|中出,E-Hentai|NHentai
tag_fabcb46e63,Naked Dogeza,NSFW,Sexual,Naked Kowtow|Naked Prostration|土下座),VNDB
tag_7728be063c,Naked Heroine with Apron,SFW,Character,Naked Apron Heroine,VNDB
tag_d08ad99fb6,Naked Sprites,SFW,Format,,VNDB
tag_004ca12b1e,Nakige,SFW,Format,Crying Game,VNDB
tag_e28339eac3,Nameable Character(s),SFW,Format,,VNDB
tag_f103f108be,Nameable Hero(es),SFW,Format,Hero(es) with a Changeable Name,VNDB
tag_c282a83ee6,Nameable Heroine(s),SFW,Format,Heroine(s) with a Changeable Name,VNDB
tag_83b2971d93,Nameable Pet(s),SFW,Format,,VNDB
tag_f48e409252,Nameable Protagonist,SFW,Format,Nameable Lead Character|Protagonist with a Changeable Name,VNDB
tag_bc4b763c1e,Nanomachines,SFW,Theme,Nanites|Nanobots|Nanomedicine|Nanorobots|Nubots,VNDB
tag_8511e75806,NaNoRenO,SFW,Format,,VNDB
tag_2934cd8669,Nanpa,NSFW,Sexual,Boyfriend hunting|Girl hunting|Gyakunan|Nampa|ギャクナン|ナンパ,VNDB
tag_a12371e88a,Narrating Others' Thoughts,SFW,Format,,VNDB
tag_d5fd5e7a00,Narrator as a Character,SFW,Format,Interactive Narrator,VNDB
tag_cf9ee5bcb3,Naruto,SFW,Theme,ナルト,VNDB
tag_8cd0f642c9,Native American Mythology,SFW,Theme,American Indian Mythology,VNDB
tag_8014cfca5c,Natural Disaster,SFW,Theme,Earthquake|Flood|Hurricane|Natural Catastrophe|Storm|Tsunami,AniList|VNDB
tag_dcb315658e,Naval Warfare,SFW,Theme,Naval Battle|Naval Combat,VNDB
tag_a495a71bc6,Navel Birth,NSFW,Character,navel birth|肚脐出产,E-Hentai
tag_7cfff03050,Navel Fuck,NSFW,Character,navel fuck|肚脐奸,E-Hentai|NHentai
tag_48636aaf67,Navel Penetration,NSFW,Acts,Navel Insertion,VNDB
tag_6a686479e5,Navel Piercing,SFW,Theme,,VNDB
tag_f3311d3d14,Navy,SFW,Theme,,Kitsu
tag_b853bcb478,Navyman Hero,SFW,Character,Hero in the Navy|Naval Officer Hero,VNDB
tag_ed568ded72,Nazi,NSFW,Character,nazi|纳粹军装,E-Hentai|NHentai
tag_af77f46468,Near Future,SFW,Theme,20 Minutes into the Future,VNDB
tag_54355cc077,Necromancer,SFW,Character,Shadow Monarch|Undead Summoner,ManhwaTaxonomy
tag_7bd9df80d1,Necromancy,SFW,Theme,,AniList
tag_310f0fbba6,Necrophilia,NSFW,Sexual,necrophilia|奸尸,E-Hentai|NHentai|VNDB
tag_e2e4cba817,NEET Hero,SFW,Character,Unemployed Hero,VNDB
tag_72c3135a65,NEET Heroine,SFW,Character,Unemployed Heroine,VNDB
tag_11d17efca4,NEET Protagonist,SFW,Character,Unemployed Protagonist,VNDB
tag_47972593f7,Nekomimi,SFW,Theme,,AniList
tag_917d033ebb,Nekomimi Hero,SFW,Character,,VNDB
tag_91b298eb40,Nekomimi Heroine,SFW,Character,,VNDB
tag_205454d1a2,Neo-Noir,SFW,Genre,neo noir,CinemaTaxonomy
tag_f06601e8e6,Neon Genesis Evangelion,SFW,Theme,Shin Seiki Evangelion|Shin Seiki Evangerion|新世紀エヴァンゲリオン,VNDB
tag_ac5d116f7f,Netorare,NSFW,Fetish,NTR|netorare|寝取られ,E-Hentai|Kitsu|NHentai|VNDB
tag_69027bbb83,Netorare Type A,NSFW,Fetish,NTR A|NTR type A,VNDB
tag_a312d996c2,Netorare Type B,NSFW,Fetish,NTR B|NTR type B,VNDB
tag_beedcf4c3c,Netorare Type C,NSFW,Fetish,NTR C|NTR type C,VNDB
tag_c4fc29ce3c,Netorase,NSFW,Sexual,Boyfriend Lending|Boyfriend Sharing|Girlfriend Lending|Girlfriend Sharing|Hothusbanding|Hotwifing|Husband Lending|Husband Sharing|Partner Lending|Partner Sharing|Protagonist-organised Netorare|Voluntary NTR|Voluntary Netorare|Wife Lending|Wife Sharing|netorase|送夫|送妻,E-Hentai|VNDB
tag_4c6f08cc04,Netori,NSFW,Sexual,,VNDB
tag_ecf593009e,New Game Plus,SFW,Format,NG+|new game+,VNDB
tag_5cbe8b23c1,New York,SFW,Theme,new york,Kitsu
tag_5887c8a608,Newspaper Club,SFW,Theme,,VNDB
tag_8e36e100fe,Niece,NSFW,Character,niece|侄女,E-Hentai|NHentai
tag_ac754a3305,Nightmare,SFW,Theme,Bad Dream,VNDB
tag_3899dcbab7,Ninja,NSFW,Character,ninja|忍者装,AniList|E-Hentai|Kitsu|MangaDex|NHentai
tag_1dcf5b68af,Ninja Protagonist,SFW,Character,Kunoichi Protagonist|Shinobi Protagonist,VNDB
tag_0d81227fac,Nipple Birth,NSFW,Body,nipple birth|乳头出产,E-Hentai|NHentai
tag_60522f1ea3,Nipple Expansion,NSFW,Body,nipple expansion|乳头膨胀,E-Hentai|NHentai
tag_d16084fbc4,Nipple Fuck,NSFW,Body,nipple fuck|乳穴性交,E-Hentai|NHentai
tag_dacf9aff69,Nipple Insertion,NSFW,Body,,VNDB
tag_ec0f2a802d,Nipple Piercing,NSFW,Body,nipple piercing|乳头穿孔,E-Hentai|VNDB
tag_0222642f7d,Nipple Stimulation,NSFW,Body,nipple stimulation|乳头刺激,E-Hentai|NHentai
tag_c415c5dff0,"No ""Keep Voice on Click"" Option",SFW,Format,No Keep Voice on Click Option|No Keep Voice on Next Line Option,VNDB
tag_2b21ece769,No Auto Function,SFW,Format,No Auto Reading|No Auto Voicing,VNDB
tag_09b5a2123c,No Background Music,SFW,Format,No BGM|Silent,VNDB
tag_34b7711c90,No Backlog,SFW,Format,No History,VNDB
tag_084b6b0101,No Balls,NSFW,Character,no balls|无蛋,E-Hentai
tag_aac83f7af6,No Character Sprites,SFW,Format,No Sprites|No Tachi-e|Without Tachi-e,VNDB
tag_b4e57fdd1e,No Common Sense Heroine,SFW,Character,Heroine Lacking Common Sense|Sekenshirazu Heroine,VNDB
tag_38528c4a0d,No Event CGs,SFW,Format,CG-less|No CGs,VNDB
tag_e9afd6d5fb,No Gallery,SFW,Format,,VNDB
tag_aa6b2402be,No Hero(in)es,SFW,Character,No Distinct Hero(in)es|No Distinct Heroes|No Distinct Heroines|No Distinguishable Hero(in)es|No Distinguishable Heroes|No Distinguishable Heroines|No Heroes|No Heroines,VNDB
tag_3275181d4a,No Penetration,NSFW,Sexual,no penetration|无插入,E-Hentai|NHentai
tag_1fa32739b7,No Protagonist,SFW,Character,Ensemble Cast|No Main Guy|No Specific Main Character,VNDB
tag_bd3293e5cb,No Quick Save/Load,SFW,Format,No Quick Load|No Quick Save,VNDB
tag_87aebf97e1,No Romance Plot,SFW,Format,Lack of Romance|Non Romantic|Non-Romantic,VNDB
tag_baaad4fdfb,No Saves,SFW,Format,Can't save,VNDB
tag_36d4957bd6,No Sense of Direction Heroine,SFW,Character,,VNDB
tag_70458d1d0e,No Sexual Content,SFW,Format,No Erotic Content|Not an Eroge,VNDB
tag_28b345cf5c,No Skip Function,SFW,Format,No Fast Forward|No Skip Feature,VNDB
tag_3533c506f3,No Skip Read Text Option,SFW,Format,,VNDB
tag_fa94b935ba,No Support Characters,SFW,Theme,,VNDB
tag_6157d46520,No Title Screen,SFW,Format,,VNDB
tag_05c33e5c85,No Voice Replay,SFW,Format,No Voice Repeat,VNDB
tag_d11859e2a1,Nobility,SFW,Setting,Aristocracy|High Society|Royalty,ManhwaTaxonomy
tag_2614cd5362,Noble Hero,SFW,Character,Nobleman Hero,VNDB
tag_75d39ad5d4,Noble Protagonist,SFW,Character,Nobleman Protagonist|Noblewoman Protagonist,VNDB
tag_619b446f1d,Noir,SFW,Theme,,AniList
tag_d51957267a,Noir Fiction,SFW,Format,Hardboiled|Pulp Noir,VNDB
tag_ef288c4758,Non-Binary Characters,SFW,Theme,Genderqueer Characters|Non Binary Characters|Nonbinary Characters|non binary characters,VNDB
tag_352490cb40,Non-Binary Love Interest,SFW,Theme,Genderqueer Hero|Genderqueer Heroine|Genderqueer Love Interest|Non Binary Hero|Non Binary Heroine|Non Binary Love Interest|Non-Binary Hero|Non-Binary Heroine|Nonbinary Hero|Nonbinary Heroine|Nonbinary Love Interest|non binary love interest,VNDB
tag_4f22a1991b,Non-Binary Protagonist,SFW,Character,Genderqueer Protagonist|Nonbinary Protagonist|non binary protagonist,VNDB
tag_693bf66cd9,Non-binary Protagonist Option,SFW,Format,Genderqueer Protagonist Option|Non-binary Protagonist Choice|non binary protagonist option,VNDB
tag_0a37db3e0f,Non-blood-related Brother/Brother Incest,NSFW,Relationship,non blood related brother/brother incest,VNDB
tag_7bcd57db8d,Non-blood-related Brother/Sister Incest,NSFW,Relationship,non blood related brother/sister incest,VNDB
tag_99370eef0d,Non-blood-related Father/Daughter Incest,NSFW,Relationship,non blood related father/daughter incest,VNDB
tag_ea9ccb7c8c,Non-blood-related Father/Son Incest,NSFW,Relationship,non blood related father/son incest,VNDB
tag_32c6cdbc23,Non-blood-related Incest,NSFW,Relationship,non blood related incest,VNDB
tag_5ff4a459f5,Non-blood-related Mother/Daughter Incest,NSFW,Relationship,non blood related mother/daughter incest,VNDB
tag_de20adcfca,Non-blood-related Mother/Son Incest,NSFW,Relationship,non blood related mother/son incest,VNDB
tag_093e38a7c4,Non-blood-related Sister/Sister Incest,NSFW,Relationship,non blood related sister/sister incest,VNDB
tag_cfdc1c9c52,Non-blood-related Uncle/Niece Incest,NSFW,Relationship,non blood related uncle/niece incest,VNDB
tag_d9163eb4b8,Non-Chronological,SFW,Theme,Scrambled Timeline|non chronological,VNDB
tag_6550c6c013,Non-consensual Erotic Humiliation,NSFW,Situation,non consensual erotic humiliation,VNDB
tag_c86b29bac2,Non-erotic Mind Control,SFW,Theme,Non-sexual Brainwashing|Non-sexual Hypnosis|Non-sexual Hypnotism|Non-sexual Mind Control|non erotic mind control,VNDB
tag_f197147937,Non-Erotic Moral Corruption,SFW,Theme,Fall from Grace|Moral Erosion|Non-Erotic Corruption of Characters|Non-Erotic Moral Corruption of Characters|Non-sexual Corruption of Characters|Non-sexual Moral Corruption of Characters|non erotic moral corruption,VNDB
tag_1a20031197,Non-explicit Nudity Only,NSFW,Sexual,Sexual content without actual sex|Sexual content without penetrative or non-penetrative sex|Sexual content without sex acts|non explicit nudity only,VNDB
tag_475bd1d6bc,Non H Game Manual,NSFW,Sexual,non-h game manual|无H游戏手册,E-Hentai
tag_0603fe0fa8,Non H Imageset,NSFW,Sexual,non-h imageset|无H图片集,E-Hentai|NHentai
tag_23deeeea29,Non-heroine Only Unavoidable Rape,NSFW,Situation,non heroine only unavoidable rape,VNDB
tag_11aaf0bed2,Non-human Hero,SFW,Character,non human hero,VNDB
tag_50e506bac9,Non-human Heroine,SFW,Character,non human heroine,VNDB
tag_7184f971b2,Non-human Protagonist,SFW,Character,non human protagonist,VNDB
tag_0ef4d89c87,Non-Japanese Voice Acting,SFW,Format,non japanese voice acting,VNDB
tag_5da593aa5b,Non Looping BGM,SFW,Format,,VNDB
tag_0031767734,Non Nude,NSFW,Sexual,non-nude|无露点,E-Hentai|NHentai
tag_c1a1b91173,Non-penetrative Sex,NSFW,Acts,Dry humping|Dry sex|Frottage|Heavy petting|Outercourse|Sexual petting|non penetrative sex,VNDB
tag_c711563aff,Non-sexual Child Abuse,SFW,Theme,non sexual child abuse,VNDB
tag_a1c1451a4a,Non-sexual Cosplay,SFW,Theme,non sexual cosplay,VNDB
tag_927a5779da,Non-twin Hero Brothers,SFW,Character,non twin hero brothers,VNDB
tag_04c71f9bd8,Non-twin Heroine Sisters,SFW,Character,Non-triplet Heroine Sisters|non twin heroine sisters,VNDB
tag_352a507c78,Nonsense,SFW,Format,,VNDB
tag_0373e65ec9,Normal Scene Recollection,SFW,Format,,VNDB
tag_4ecd770b91,Norse Mythology,SFW,Theme,Nordic myth,VNDB
tag_11dda4f6a0,Nose Fuck,NSFW,Character,nose fuck|鼻交,E-Hentai|NHentai
tag_f550d5f464,Nose Hook,NSFW,Sexual,nose hook|鼻吊钩,E-Hentai|NHentai|VNDB
tag_d638d193eb,Novel,NSFW,Sexual,novel|小说,E-Hentai
tag_ae97f97864,Nude Filter,SFW,Format,Disable Clothing|No Clothes Option,VNDB
tag_2687998ef5,Nude Modeling,NSFW,Sexual,,VNDB
tag_858e1489af,Nudism,NSFW,Character,nudism|裸体主义,E-Hentai|NHentai
tag_33a90a4882,Nudity,SFW,Theme,,AniList
tag_d3db7e377a,Nudity Only,NSFW,Sexual,nudity only|仅裸体,E-Hentai|NHentai
tag_47cd8a4d21,Nukige,NSFW,Sexual,PWP|Porn Without Plot|Yarige,VNDB
tag_0fd7a44fdd,Nun,NSFW,Character,nun|修女服,AniList|E-Hentai|NHentai
tag_db88242045,Nun Heroine,SFW,Character,Religious Sister Heroine,VNDB
tag_f6e5766fca,Nun Protagonist,SFW,Character,,VNDB
tag_c2e524adde,Nun Support Character,SFW,Theme,,VNDB
tag_0701aa317d,Nurse,SFW,Character,nurse|护士装,E-Hentai|Kitsu|NHentai
tag_30eec0e6a2,Nurse Hero,SFW,Character,,VNDB
tag_89378dc52c,Nurse Heroine,SFW,Character,,VNDB
tag_f1e4adfdcc,Nurse Protagonist,SFW,Character,,VNDB
tag_d5c1cba8f3,Nurse Support Character,SFW,Theme,,VNDB
tag_4e7b2e5d25,Nursery School,SFW,Setting,Daycare Center|Hoikuen|Kindergarten|Preschool|Youchien,VNDB
tag_8417188b23,Nursing Handjob,NSFW,Acts,Breastfeeding Handjob|Junyuu Tekoki|Suckling Handjob|授乳手コキ,VNDB
tag_107eee5492,Nvl,SFW,Format,Full-screen Textbox|NVL,VNDB
tag_3d7e888918,Nympho Hero,SFW,Character,,VNDB
tag_c02196d3f3,Nympho Heroine,SFW,Character,Sexually Insatiable Heroine,VNDB
tag_7c6a39f26e,Nympho Protagonist,SFW,Character,,VNDB
tag_f3042a59ae,Obacon,SFW,Theme,Mature women liker|Obakon|Older women liker,VNDB
tag_e50ba45a44,Object Heads,SFW,Theme,Inanimate Object Heads|異形頭,VNDB
tag_f27f3b844d,Object Insertion,NSFW,Sexual,,VNDB
tag_dedde0b188,Object Insertion Only,NSFW,Sexual,object insertion only|仅物体插入,E-Hentai
tag_363c28d588,Observer Protagonist,SFW,Character,,VNDB
tag_7e998ca05e,Obsession,SFW,Theme,fixation,VNDB
tag_6037043dc4,Occult Club,SFW,Theme,,VNDB
tag_fcf1eed859,Octopus,NSFW,Character,octopus|章鱼🐙|章鱼🦑,E-Hentai|NHentai|VNDB
tag_22fc7874c4,Odyssey,SFW,Theme,Epic Quest|Grand Adventure|Legendary Journey,VNDB
tag_0b57650f93,Off Screen Sex Only,NSFW,Acts,,VNDB
tag_e72f4545eb,Office,SFW,Setting,bureau|company|department|firm,AniList|VNDB
tag_86c0356f83,Office Lady,SFW,Theme,office lady,AniList|Kitsu
tag_fea253ecc1,Office Lady Heroine,SFW,Character,OL|Office Flower|Oueru|Shokuba,VNDB
tag_e60fafcacf,Office Lady Protagonist,SFW,Character,"""Office Flower"" protagonist|OL protagonist|Oueru protagonist|Shokuba protagonist",VNDB
tag_d193f48282,Office Workers,SFW,Theme,,MangaDex
tag_7fb3200ee8,Officer Hero,SFW,Character,,VNDB
tag_be3764718f,Officer Heroine,SFW,Character,,VNDB
tag_04ec8a8180,Officer Protagonist,SFW,Character,,VNDB
tag_cbf30d7a97,Official Colored,SFW,Format,,MangaDex
tag_c5af054340,Oil,NSFW,Character,oil|油,E-Hentai|NHentai
tag_d6eac0d7e7,Oiran,SFW,Theme,,AniList
tag_6a73ee0203,Ojicon,SFW,Theme,Mature men lover|Ojikkon|Older men liker|Oyajicon,VNDB
tag_e9279542ba,Ojou-sama,SFW,Theme,ojou sama,AniList
tag_50fb0fb368,Ojousama Heroine,SFW,Character,Aristocratic Heroine|Noble Heroine|Ojou-sama Heroine|Rich Heroine|Upper Class Heroine|Wealthy Heroine,VNDB
tag_424e1c3126,Ojousama Protagonist,SFW,Character,Aristocratic Female Protagonist|Noble Female Protagonist|Ojou-sama Protagonist|Rich Female Protagonist|Upper Class Female Protagonist|Wealthy Female Protagonist,VNDB
tag_80a2dbd2db,Okama Hero,SFW,Character,,VNDB
tag_8813afae8f,Okama Support Character,SFW,Theme,,VNDB
tag_c0b420a69b,Old Lady,NSFW,Character,old lady|老女人,E-Hentai|NHentai
tag_4043b3ed92,Old Man,NSFW,Character,old man|老人,E-Hentai|NHentai
tag_a21812476f,Omegaverse,SFW,Theme,A/B/O|ABO|Alpha/Beta|Alpha/Beta/Omega|Alpha/Omega|Omega Verse,VNDB
tag_d45fd368e9,Omorashi,NSFW,Character,omorashi|漏尿,E-Hentai|NHentai
tag_f199ab0d99,On the Run,SFW,Theme,Being Chased|Being Hunted|Being Wanted|Fleeing|Runaway,VNDB
tag_9246ed6a67,Onahole,NSFW,Sexual,Artificial Vagina|Fleshlight|Tenga|onahole|テンガ|飞机杯,E-Hentai|NHentai|VNDB
tag_dbdf8ebc01,One Piece,SFW,Theme,,VNDB
tag_9c310736bb,One True End,SFW,Format,True Route,VNDB
tag_232b7cf457,Oneesan-type Heroine,SFW,Character,oneesan type heroine,VNDB
tag_3d9c0b6e0b,Oneshot,SFW,Format,,MangaDex
tag_cb7f4a5e75,Oni,NSFW,Character,oni|鬼,E-Hentai|NHentai
tag_82a24311fc,Oni Hero,SFW,Character,,VNDB
tag_2316c2c46f,Oni Heroine,SFW,Character,,VNDB
tag_5beca3544e,Oni Protagonist,SFW,Character,,VNDB
tag_7f46165474,Online,SFW,Format,,VNDB
tag_03730a4025,Online Streamer Hero,SFW,Character,Internet Streamer Hero|Let's Player Hero|Live Streamer Hero|YouTuber Hero,VNDB
tag_5c8af27e53,Online Streamer Heroine,SFW,Character,Internet Streamer Heroine|Let's Player Heroine|Live Streamer Heroine|YouTuber Heroine,VNDB
tag_bfe95bb26b,Online Streamer Protagonist,SFW,Character,Internet Streamer Protagonist|Let's Player Protagonist|Live Streamer Protagonist|YouTuber Protagonist,VNDB
tag_703dc67af9,Only a Single Hero,SFW,Character,,VNDB
tag_90a712cf7b,Only a Single Heroine,SFW,Character,,VNDB
tag_bd8cb30072,Only Adult Heroes,SFW,Character,All Adult Heroes,VNDB
tag_ae42d60ada,Only Adult Heroines,SFW,Character,All Adult Heroines,VNDB
tag_8ce6873fa4,Only Avoidable Heroine Having Sex with Others,NSFW,Acts,Only Avoidable Heroine Having Sex with Non-Protagonists,VNDB
tag_6c777018f9,Only Avoidable Sex with Others,NSFW,Acts,Only Avoidable Sex with Non-Protagonists,VNDB
tag_df8ec0ffde,Only Avoidable Sexual Content,NSFW,Acts,,VNDB
tag_3356600f57,Only Bad Endings,SFW,Format,,VNDB
tag_536ee74a05,Only Blood-related Heroines,SFW,Character,Only Consaguine Heroines|Only Consanguineous Heroines|only blood related heroines,VNDB
tag_20df3497b8,Only Event CGs,SFW,Format,All Event CGs|Event CGs Only|Only Event CGs Used for Storytelling,VNDB
tag_f333fd9c0e,Only Furry Heroes,SFW,Character,All Anthropomorphic Animal Heroes|All Furry Heroes|Only Anthropomorphic Animal Heroes,VNDB
tag_788840ef34,Only Furry Heroines,SFW,Character,All Anthropomorphic Animal Heroines|All Furry Heroines|Only Anthropomorphic Animal Heroines,VNDB
tag_ca0ff5f965,Only Futanari Heroines,SFW,Character,All Futanari Heroines|All Hermaphrodite Heroines|Only Hermaphrodite Heroines,VNDB
tag_2a801388a6,Only Good Endings,SFW,Format,Good Endings Only|No Bad Endings,VNDB
tag_d8a504d539,Only Loli Heroines,SFW,Character,All Loli Heroines,VNDB
tag_97f62d2f48,Only Non-Binary Love Interests,SFW,Theme,Only Genderqueer Love Interests|Only Non Binary Love Interests|Only Nonbinary Love Interests|only non binary love interests,VNDB
tag_369ce50df3,Only Non-Virgin Heroines,SFW,Character,No Virgin Heroines|Not A Single Virgin Heroine|Only Deflorated Heroines|Only Heroines with Sexual Experience|only non virgin heroines,VNDB
tag_0e0737efed,Only Older Heroes,SFW,Character,All Older Heroes,VNDB
tag_36b558c68f,Only Older Heroines,SFW,Character,All Older Heroines,VNDB
tag_fe4fef99d6,Only One Bad Ending,SFW,Format,,VNDB
tag_6ed85254dd,Only One Good Ending,SFW,Format,,VNDB
tag_b66911ac0a,Only Protagonist's Brothers as Hero(es),SFW,Character,All Heroes are Protagonist's Brother(s),VNDB
tag_d3b7911032,Only Protagonist's Relatives as Hero(s),SFW,Character,All Heroes are Protagonist's Relative(s),VNDB
tag_5cf4a81796,Only Protagonist's Relatives as Heroine(s),SFW,Character,All Heroines are Protagonist's Relative(s),VNDB
tag_a055dc8fcc,Only Protagonist's Sisters as Heroine(s),SFW,Character,All Heroines are Protagonist's Sister(s)|All Protagonist's Sister Heroines|All Sister Heroines,VNDB
tag_7ec81e88a3,Only Same-Sex Sexual Content,NSFW,Acts,only same sex sexual content,VNDB
tag_c8cfbf7416,Only Seme Heroes,NSFW,Sexual,Semes Only|Tops Only,VNDB
tag_2a6a1d223c,Only Shota Heroes,SFW,Character,All Shota Heroes,VNDB
tag_fd268678e8,Only Trap Heroines,SFW,Character,Only Cross-dressing Heroes|Only Femboy Heroines|Only Otoko no ko Heroines|Only Otokonoko Heroines|Only Sissy Heroines|Only Tomgirl Heroines|Only 男の娘 Heroines,VNDB
tag_930a8e3a58,Only Uke Heroes,NSFW,Sexual,Bottoms Only|Ukes Only,VNDB
tag_671c337556,Only Virgin Heroines,SFW,Character,All Virgin Heroines|全処女,VNDB
tag_6e322faa93,Only Younger Heroes,SFW,Character,,VNDB
tag_84600859c3,Only Younger Heroines,SFW,Character,All Younger Heroines,VNDB
tag_3ba7630654,Onmyouji Hero,SFW,Character,,VNDB
tag_8644d08e45,Onmyouji Heroine,SFW,Character,,VNDB
tag_6de0f8fe57,Onmyouji Protagonist,SFW,Character,,VNDB
tag_2999e7b332,Onna Bugeisha Heroine,SFW,Character,女武芸者,VNDB
tag_0cd05db439,Onsen,SFW,Theme,hot bath|hot fountain|hot spring|thermal spring,VNDB
tag_53a4175a59,Open Ending(s),SFW,Format,Inconclusive Ending|Open-ended,VNDB
tag_63f6b7292b,Open Gag,NSFW,Sexual,Ring Gag|Spider Gag|Tube Gag,VNDB
tag_d0753104a8,Open Relationship,SFW,Theme,Non-monogamous relationship,VNDB
tag_67f1b3a151,Operating System Simulation,SFW,Theme,GUI imitation|OS simulation|UI simulation|User interface imitation,VNDB
tag_d8b28a731d,Oppai Loli,NSFW,Character,oppai loli|巨乳萝莉,E-Hentai|NHentai
tag_dab7bdfa5f,Oppai Loli Heroine,SFW,Character,Loli Kyonyuu Heroine,VNDB
tag_2eb7375ccf,Optional Freeze Window on Losing Focus,SFW,Format,Toggle Freeze Window When Losing Focus,VNDB
tag_f2e4a9ea9d,Optional Gameplay,SFW,Format,,VNDB
tag_ed1fb6785f,Optional Vertical Text,SFW,Format,Adjustable Text Orientation|Text Orientation Toggle,VNDB
tag_8f5d7a7ba1,Orc,NSFW,Character,orc|半兽人,E-Hentai|NHentai
tag_10c775760e,Orc Hero,SFW,Character,Ork Hero,VNDB
tag_f45c134b47,Orc Heroine,SFW,Character,Ork Heroine,VNDB
tag_b870017d2d,Orc Protagonist,SFW,Character,,VNDB
tag_6f4facec7a,Orcs,SFW,Theme,,VNDB
tag_d6c9cd8a45,Ordered Choices,SFW,Format,,VNDB
tag_d9811f03b4,Organizations,SFW,Theme,,VNDB
tag_04a4c7bc43,Orgasm Denial,NSFW,Sexual,Edging|Erotic Sexual Denial|Orgasm Control|Peaking|Surfing|T&D|Tease and Denial|orgasm denial|高潮禁止,E-Hentai|NHentai|VNDB
tag_5c8ad194b0,Orphan,SFW,Theme,,AniList
tag_8c535342fa,Orphan Hero,SFW,Character,,VNDB
tag_ca413dc213,Orphan Heroine,SFW,Character,,VNDB
tag_1adbd11b15,Orphan Protagonist,SFW,Character,,VNDB
tag_eda78b4496,Orphanage,SFW,Theme,,VNDB
tag_45c6397a31,Ostrich,NSFW,Character,ostrich|鸵鸟,E-Hentai|NHentai
tag_6b37d4a804,Otaku Culture,SFW,Theme,,AniList
tag_afee312b43,Otaku Friend,SFW,Theme,,VNDB
tag_4d862abddc,Otaku Hero,SFW,Character,,VNDB
tag_155297d54a,Otaku Heroine,SFW,Character,Fujoshi,VNDB
tag_6185077dbd,Otaku Protagonist,SFW,Character,,VNDB
tag_560983a8af,Othello,SFW,Format,Reversi,VNDB
tag_ac08e6163b,Other Elements,SFW,Theme,,VNDB
tag_8d07c40015,Other Gameplay Elements,SFW,Format,,VNDB
tag_53587de24c,Other Perspectives,SFW,Format,Other character's point of view,VNDB
tag_ea3fa9226b,Other Planet,SFW,Theme,other planet,Kitsu
tag_63f8f58f8d,Otokofutanari,NSFW,Fetish,otokofutanari|扶他,E-Hentai|NHentai
tag_8d6b676791,Otome Game,SFW,Format,Girl x Boy Romance|GxB Romance|Otoge|Otomege|Reverse dating-sim,VNDB
tag_2dff363145,Otome Game Jam,SFW,Format,Otoge Jam,VNDB
tag_096d259239,Otome Isekai,SFW,Genre,Rofan|Villainess Isekai,ManhwaTaxonomy
tag_c559f83082,Otter Boy,NSFW,Character,otter boy|水獭男孩,E-Hentai
tag_01c5a332b2,Otter Girl,NSFW,Character,otter girl|水獭女孩,E-Hentai
tag_17356f966a,Out of Order,NSFW,Sexual,out of order|顺序错乱,E-Hentai|NHentai
tag_556f37f698,Outdoor Activities,SFW,Theme,,AniList
tag_6450f21131,Outdoor Sex,NSFW,Acts,,VNDB
tag_44fc004f8b,Overlapping Love Interests,SFW,Theme,Multiple Protagonists for a Single Love Interest|Overlapping Heroes|Overlapping Heroines,VNDB
tag_2931b9bdcd,Overlord Protagonist,SFW,Character,,VNDB
tag_bd3edcb959,Overpowered Protagonist,SFW,Character,Godlike|OP MC|Overpowered,ManhwaTaxonomy
tag_f27c9e9514,Oyaji Hero,SFW,Character,Elderly Hero|Oji-san Hero|Old Hero,VNDB
tag_194d283cf0,Oyaji Protagonist,SFW,Character,Elderly Protagonist|Oji-san Protagonist|Old Protagonist,VNDB
tag_237a0288d1,Oyakodon,NSFW,Sexual,Oyako Donburi|Simultaneous Intercourse with Mother and Daughter|Simultaneous Sex with Mother and Daughter|oyakodon|亲子丼|母女丼|父子丼,E-Hentai|NHentai|VNDB
tag_cdce0dd64c,Oyakodon Ending,SFW,Format,Ending with Mother and Daughter as Heroines|Oyako Donburi Ending,VNDB
tag_27a3b304e2,P.E. Teacher Hero,SFW,Character,Gym Class Teacher Hero|Gymnastics Teacher Hero|PE Teacher Hero|Phys. Ed. Teacher Hero|Physical Education Teacher Hero,VNDB
tag_8dba951347,P.E. Teacher Heroine,SFW,Character,Gym Class Teacher Heroine|Gymnastics Teacher Heroine|PE Teacher Heroine|Phys. Ed. Teacher Heroine|Physical Education Teacher Heroine,VNDB
tag_c416f54818,P.E. Teacher Protagonist,SFW,Character,Gym Class Teacher Protagonist|Gymnastics Teacher Protagonist|PE Teacher Protagonist|Phys. Ed. Teacher Protagonist|Physical Education Teacher Protagonist,VNDB
tag_b78aa3f373,Pain Only Rape,NSFW,Situation,,VNDB
tag_2235825d1d,Painted Nails,NSFW,Character,painted nails|美甲,E-Hentai
tag_9ef72089fb,Painter Hero,SFW,Character,,VNDB
tag_3b1cb09d67,Painter Heroine,SFW,Character,,VNDB
tag_3f28feb66c,Painter Protagonist,SFW,Character,,VNDB
tag_d07793116b,Paizuri,NSFW,Acts,paizuri|乳交,E-Hentai|NHentai
tag_667940ea3d,Palace,SFW,Theme,,VNDB
tag_b19367af34,Panchira,SFW,Theme,Panty-flash|Panty-shot,VNDB
tag_8b94b589cf,Panda Boy,NSFW,Character,panda boy|熊猫男,E-Hentai
tag_ef7bcd39e8,Panda Girl,NSFW,Character,panda girl|熊猫娘,E-Hentai|NHentai
tag_aba8c5f77c,Pandemic,SFW,Theme,,AniList
tag_7061d2f5b8,Panic Button,SFW,Format,Boss Key,VNDB
tag_b0d86da2d5,Panther,NSFW,Character,panther|豹🐆,E-Hentai
tag_481faf87d3,Panty Gag,NSFW,Sexual,,VNDB
tag_4606b26863,Pantyhose,NSFW,Character,pantyhose|连裤袜,E-Hentai|NHentai
tag_65bb477cfc,Pantyjob,NSFW,Sexual,Penis Wrapped in Pantyhose|Penis Wrapped in Stockings|pantyjob|内裤交,E-Hentai|NHentai|VNDB
tag_71e9525c11,Paperchild,NSFW,Sexual,paperchild|纸片人,E-Hentai
tag_f8dcbade88,Parallel Universe,SFW,Theme,parallel universe,Kitsu
tag_a9786791a6,Paranoia,SFW,Theme,Paranoid,VNDB
tag_7ae1c98722,Paraphilic Infantilism,NSFW,Sexual,Adult Baby|Diaper Lover|Teen Baby,VNDB
tag_d034010438,Parasite,NSFW,Character,parasite|寄生,E-Hentai|Kitsu|NHentai
tag_bcd7ab036f,Parental Abandonment,SFW,Theme,parental abandonment,Kitsu
tag_98a2c026db,Parenthood,SFW,Theme,,AniList
tag_fb45615cea,Park,SFW,Theme,,VNDB
tag_4e8c3e2882,Parkour,SFW,Theme,,AniList
tag_59a95f65c9,Parody,SFW,Theme,Spoof,AniList|CinemaTaxonomy|Kitsu|VNDB
tag_a6bb97e629,Part-time Job,SFW,Theme,Arubaito|Part-time Work|part time job|アルバイト,VNDB
tag_157870490f,Parting Ending,SFW,Format,Farewell Ending|Separation Ending,VNDB
tag_4c22de26cf,Passage of Time,SFW,Theme,Time goes by,VNDB
tag_04d7180822,Password System,SFW,Format,,VNDB
tag_68e2d83709,Past,SFW,Theme,,Kitsu|VNDB
tag_207a47ff7d,Past British Isles,SFW,Theme,Past British Archipelago,VNDB
tag_b64bd5afa0,Past China,SFW,Theme,,VNDB
tag_5127d2d287,Past Earth,SFW,Theme,,VNDB
tag_eeb1799d75,Past Europe,SFW,Theme,,VNDB
tag_ee4c5d3bb2,Past Greece,SFW,Theme,,VNDB
tag_769a4ae27e,Past Japan,SFW,Theme,,VNDB
tag_1b86be48f3,Past Korea,SFW,Theme,Historic Korea,VNDB
tag_d2b03f9a1a,Past Setting in a Fictional World,SFW,Theme,Past Setting in a Fantasy World,VNDB
tag_dea34df812,Past Tokyo,SFW,Theme,Edo|江戸,VNDB
tag_995ea011ec,Past United States of America,SFW,Theme,Past America|Past USA,VNDB
tag_37bddb10c6,Pasties,NSFW,Character,pasties|乳贴,E-Hentai|NHentai
tag_06e7f61b52,Patricide,SFW,Theme,,VNDB
tag_88a0a01ab1,Peace Sign Ahegao,NSFW,Fetish,AWP|Double Peace Sign Ahegao|V Sign Ahegao|W Sign Ahegao,VNDB
tag_5e541a2cc7,Pecjob,NSFW,Sexual,,VNDB
tag_e6a08e5e2b,Pedophile Protagonist,SFW,Character,,VNDB
tag_3015ca4f27,Pegasus,NSFW,Character,pegasus|天马,E-Hentai
tag_e0267dc579,Pegging,NSFW,Sexual,Female to Male Penetration|Straight stap-on sex|pegging|爆菊,E-Hentai|NHentai|VNDB
tag_48d070eeb5,Penetrative Sex,NSFW,Acts,Sexual Penetration,VNDB
tag_bb7fbac781,Penile Masturbation,NSFW,Acts,Male Masturbation|Penis Masturbation|Penis Stroking,VNDB
tag_3530b60b49,Penis Birth,NSFW,Body,penis birth|阴茎出产,E-Hentai|NHentai
tag_16b9da7301,Penis Bumps,NSFW,Body,penis bumps|阴茎凸起,E-Hentai
tag_f141e61bf6,Penis Cage,NSFW,Body,Chastity Cage|Chastity Penis Cage|Cock Cage,VNDB
tag_2225ebdefc,Penis Enhancer,NSFW,Body,Penis Enlarger|Penis Extender|Penis Sleeve Ring|Penis Sleeves,VNDB
tag_245f2dd36f,Penis Enlargement,NSFW,Body,penis enlargement|阴茎生长,E-Hentai
tag_5e19708015,Penis Growth,NSFW,Body,Dick Growth|Futanarization,VNDB
tag_e36041b3b8,Penis Reduction,NSFW,Body,penis reduction|阴茎缩小,E-Hentai
tag_bb2cca3288,Penis Removal,SFW,Theme,John and Lorena Bobbitt|Penectomy,VNDB
tag_9d73226887,Penis Size Selection,SFW,Format,Cock Size Selection|Dick Size Customization|Dick Size Selection|Dick Size Slider,VNDB
tag_c05f6c2335,Performance,SFW,Theme,,Kitsu
tag_d1f659a031,Performing Arts Director Hero,SFW,Character,Artistic Director Hero|Creative Director Hero|Film Director Hero|Television Director Hero|Theatre Director Hero,VNDB
tag_a3c478ac45,Personal Armed Combat,SFW,Theme,Fighting with weapons,VNDB
tag_e10dd732d6,Personality Excretion,NSFW,Character,personality excretion|人格排泄,E-Hentai|NHentai
tag_1e2a1419db,Perverted Friend,SFW,Theme,,VNDB
tag_70f253da71,Perverted Hero,SFW,Character,Pervert Hero,VNDB
tag_4f624971ef,Perverted Heroine,SFW,Character,,VNDB
tag_5e23da3a6a,Perverted Protagonist,SFW,Character,,VNDB
tag_978eba62b8,Pet Support Character,SFW,Theme,,VNDB
tag_f2d859377b,Petplay,NSFW,Sexual,erotic animal roleplay|petplay|人宠,E-Hentai|NHentai|VNDB
tag_391adced5d,Petrification,NSFW,Character,Turned to Stone|petrification|石化,E-Hentai|NHentai|VNDB
tag_359e6b18e2,Pettanko Protagonist,SFW,Character,Flat Chested Protagonist|Hinyuu Protagonist|No Breasts Protagonist|Petanko Protagonist,VNDB
tag_3dd8f13e01,Phantom Thieves,SFW,Theme,Gentleman Thieves|Kaitou|怪盗,VNDB
tag_c894df42aa,Philippines,SFW,Theme,,VNDB
tag_b0dfb8041b,Philosophical,SFW,Genre,,MangaDex
tag_225ab6cdf7,Philosophy,SFW,Theme,Philosophical,AniList|VNDB
tag_b586ea21fe,Phimosis,NSFW,Character,phimosis|包茎,E-Hentai|NHentai
tag_81740f02ab,Phone Sex,NSFW,Acts,phone sex|电话性爱,E-Hentai|NHentai
tag_6b3d16e178,Photographer Hero,SFW,Character,,VNDB
tag_1d9d023228,Photographer Heroine,SFW,Character,Cameragirl Heroine|Paparazzi Heroine,VNDB
tag_873838b3f7,Photographer Protagonist,SFW,Character,Cameragirl Protagonist|Cameraman Protagonist|Paparazzi Protagonist,VNDB
tag_6b09db1470,Photographic Assets,SFW,Format,Photographic Graphics,VNDB
tag_a4ff3aa5c9,Photographic Backgrounds,SFW,Format,,VNDB
tag_0001567f2d,Photographic CGs,SFW,Format,,VNDB
tag_0b582a0837,Photographic Sprites,SFW,Format,Real Actor as a Sprite,VNDB
tag_945ee6b50f,Photographs Only,SFW,Format,All Photographs|Only Photographs,VNDB
tag_1b2072547a,Photography,SFW,Theme,,AniList
tag_3c97816cad,Photography Gameplay,SFW,Format,,VNDB
tag_25f483f089,Physical Problems,SFW,Theme,,VNDB
tag_be638346e4,Piercing,NSFW,Character,piercing|穿孔,E-Hentai|NHentai
tag_f74c6af46a,Pig,NSFW,Character,pig|猪🐖,E-Hentai|NHentai
tag_b2d21578ce,Pig Cosplay,SFW,Theme,Pig Costume Roleplay,VNDB
tag_c2e6c04c9d,Pig Girl,NSFW,Character,pig girl|猪女,E-Hentai|NHentai
tag_5d97303ea3,Pig Man,NSFW,Character,pig man|猪男,E-Hentai|NHentai
tag_3300b1e314,Pigs,SFW,Theme,Hog|Swine,VNDB
tag_f58edcfd3f,Piledriver,NSFW,Sexual,,VNDB
tag_9542640221,Pillory,NSFW,Character,pillory|枷具,E-Hentai|NHentai
tag_9fdb30ad17,Pillory Sex,NSFW,Acts,Sex restrained in a pillory,VNDB
tag_8c0c486bbf,Pillow Talk,SFW,Theme,,VNDB
tag_6da2f02403,Pilot Hero,SFW,Character,Astronaut Hero|Aviator Hero|Crewman Hero,VNDB
tag_e4ea4f7d02,Pilot Heroine,SFW,Character,astronaut heroine|aviator heroine|crewman heroine,VNDB
tag_2f9e3d7fa7,Pilot Protagonist,SFW,Character,astronaut protagonist|aviator protagonist|crewman protagonist,VNDB
tag_bea37652b5,Piloted Robot,SFW,Theme,piloted robot,Kitsu
tag_529955929f,Pimp Hero,SFW,Character,Trafficker Hero,VNDB
tag_929aadf1b3,Pimp/Madam Protagonist,SFW,Character,Trafficker Protagonist,VNDB
tag_ffb2b802f5,Pioneer Hero,SFW,Character,Pioneer Boy,VNDB
tag_6bbbcda054,Pioneer Heroine,SFW,Character,Pioneer Girl,VNDB
tag_23e03f5efb,Pioneer Protagonist,SFW,Character,,VNDB
tag_ad015ef45d,Pirate,NSFW,Character,pirate|海盗服,E-Hentai|Kitsu|NHentai
tag_2e7fb40b52,Pirate Hero,SFW,Character,,VNDB
tag_38cb56acdf,Pirate Heroine,SFW,Character,,VNDB
tag_c6e2f2cae8,Pirate Protagonist,SFW,Character,,VNDB
tag_cbb038d74d,Pirates,SFW,Theme,,AniList|VNDB
tag_16038a068d,Piss Drinking,NSFW,Sexual,Pee Drinking|Urine Drinking|piss drinking|饮尿,E-Hentai|NHentai|VNDB
tag_695a0d76b0,Pissing,NSFW,Sexual,Peeing|Urination,VNDB
tag_33645c3829,Pissing on Others,NSFW,Sexual,Peeing on Others|Urination on Others,VNDB
tag_54044bc9d5,Pissing on Own Face,NSFW,Sexual,Auto Piss on Face|Peeing on Own Face|Self Piss on Face|Urination on Own Face,VNDB
tag_5c65ed0c6a,Pistol Combat,SFW,Theme,Combat with Pistols,VNDB
tag_b4894e5e4c,Pixel Art,NSFW,Format,Pixel Graphics|pixel art|像素画,E-Hentai|VNDB
tag_1fcf7c19a9,Pixie Cut,NSFW,Character,pixie cut|精灵头,E-Hentai|NHentai
tag_611f8b70c3,Plant Boy,NSFW,Character,plant boy|植物男孩,E-Hentai|NHentai
tag_a0c4540b0b,Plant Girl,NSFW,Character,plant girl|植物女孩,E-Hentai|NHentai
tag_24ff100cad,Plant Hero,SFW,Character,,VNDB
tag_acdb8d5b64,Plant Heroine,SFW,Character,,VNDB
tag_56aa8dd5ed,Plant Sex,NSFW,Acts,Plant Monster Sex|Plant Tentacle Sex,VNDB
tag_a29b892933,Plants & Flowers,SFW,Theme,,VNDB
tag_de3bc7546a,Platform Game,SFW,Format,platformer,VNDB
tag_553025386a,Play Piercing,NSFW,Sexual,Needle Play,VNDB
tag_0d8fb58e4a,Playboy Hero,SFW,Character,Ladies' Man Hero|Womaniser Hero,VNDB
tag_b714f0875a,Playboy Protagonist,SFW,Character,Ladies' Man Protagonist|Womaniser Protagonist,VNDB
tag_912af0dff9,Player,SFW,Character,Chosen One|Game Player,ManhwaTaxonomy
tag_5c043de8fb,Player as a Character,SFW,Theme,,VNDB
tag_0de752c228,Player Voice Interactivity,SFW,Format,Speech recognition|Voice recognition,VNDB
tag_ab76249179,Playtime Counter,SFW,Format,Gameplay Time Tracking|Hour Count|Timer,VNDB
tag_32fa6e1b78,Plot,SFW,Format,,VNDB
tag_8dea937ba8,Plot Continuity,SFW,Theme,plot continuity,Kitsu
tag_4efc87327c,Plot Devices,SFW,Theme,,VNDB
tag_0a9db264df,Poetry,SFW,Format,Poem,VNDB
tag_ab3c673fc1,Point-and-Click Adventure Game,SFW,Format,Graphical Adventure Game|Western-style Adventure Game|point and click adventure game,VNDB
tag_de46d487ba,Poker,SFW,Format,,AniList|VNDB
tag_3dac27bdae,Pokémon,SFW,Theme,Pokemon,VNDB
tag_3fa7092c66,Pole Dancing,NSFW,Character,pole dancing|钢管舞,E-Hentai|NHentai|VNDB
tag_814989b983,Police,SFW,Theme,,AniList|MangaDex|VNDB
tag_c4525ee403,Police Brutality,SFW,Theme,Extrajudicial Violence,VNDB
tag_ba19a1bf9e,Police Officer Hero,SFW,Character,Cop Hero|Police Detective Hero|Policeman Hero,VNDB
tag_773db0c9c1,Police Officer Heroine,SFW,Character,Cop Heroine|Police Detective Heroine|Policewoman Heroine,VNDB
tag_9117cb5ac6,Police Officer Protagonist,SFW,Character,Cop Protagonist|Police Detective Protagonist|Policeman Protagonist,VNDB
tag_441216d082,Policeman,NSFW,Character,policeman|警服,E-Hentai|NHentai
tag_6bee6b3f4d,Policewoman,NSFW,Character,policewoman|警服,E-Hentai|NHentai
tag_d412f7b8a1,Polite Formal Hero,SFW,Character,Desumasu Hero|Formal Speaking Hero|Polite Hero,VNDB
tag_301fc9e8f4,Political Corruption,SFW,Theme,Bribery|Organised Corruption,VNDB
tag_33b323a841,Politician Hero,SFW,Character,Political Figure Hero|Political Leader Hero,VNDB
tag_f0227d025a,Politician Heroine,SFW,Character,,VNDB
tag_a6d9b16950,Politician Protagonist,SFW,Character,Political Figure Protagonist|Political Leader Protagonist,VNDB
tag_a0f15d09df,Politics,SFW,Theme,,AniList|Kitsu|VNDB
tag_031fc3aefa,Polyamorous,SFW,Theme,,AniList
tag_16c6b4fb27,Polyamory,SFW,Theme,Polylove,VNDB
tag_5da8752b4b,Polygamy,SFW,Theme,Group marriage|Polyandry|Polygyny,VNDB
tag_2e363f7293,Ponygirl,NSFW,Character,ponygirl|小马女,E-Hentai|NHentai
tag_68a3f5848d,Ponytail,NSFW,Body,ponytail|马尾辫,E-Hentai|NHentai
tag_2a0a792066,Ponytail Hero,SFW,Character,Hero with Ponytail,VNDB
tag_b110b60f6e,Ponytail Heroine,SFW,Character,Heroine with Ponytail,VNDB
tag_4b1eedaaf9,Ponytail Protagonist,SFW,Character,,VNDB
tag_fb12ef27da,Poor Hero,SFW,Character,Destitute Hero|Hero in Poverty,VNDB
tag_41651edc71,Poor Heroine,SFW,Character,,VNDB
tag_6e1bd840ae,Poor Protagonist,SFW,Character,,VNDB
tag_a375285e4f,Popular Protagonist,SFW,Character,Well-liked Protagonist,VNDB
tag_1a1027739a,Pornography,NSFW,Sexual,,VNDB
tag_d555349643,Portrait Orientation,SFW,Format,Vertical Orientation,VNDB
tag_8ed55fda33,Possession,NSFW,Character,possession|附身,E-Hentai|NHentai|VNDB
tag_adf17f4392,Post Apocalypse,SFW,Theme,post apocalypse,Kitsu
tag_145314b170,Post-Apocalyptic,SFW,Setting,post apocalyptic,AniList|CinemaTaxonomy|MangaDex
tag_a80169c095,Post Apocalyptic Earth,SFW,Theme,,VNDB
tag_f7ce185461,Post-War,SFW,Theme,Postwar|post war,VNDB
tag_26f005fa86,Pov,SFW,Theme,POV,AniList
tag_febe58da83,Power Suit,SFW,Theme,power suit,Kitsu
tag_521de55b1c,Pragmatic Hero,SFW,Character,Hard-boiled Hero|Practical Hero|Rational Hero,VNDB
tag_a1f2268978,Pragmatic Heroine,SFW,Character,Hard-boiled Heroine|Practical Heroine|Rational Heroine,VNDB
tag_0bf23574c7,Pragmatic Protagonist,SFW,Character,Hard-boiled Protagonist|Practical Protagonist|Rational Protagonist,VNDB
tag_e4d036d63b,Pre-rendered 3D Backgrounds,SFW,Format,pre rendered 3d backgrounds,VNDB
tag_be8fb0c8e7,Pre-rendered 3D Graphics,SFW,Format,3DCG|pre rendered 3d graphics,VNDB
tag_5fa7cc346c,Pregnancy,SFW,Theme,Pregnant,AniList|VNDB
tag_1f610bcd75,Pregnancy Bad Ending,SFW,Format,,VNDB
tag_410d7cf3d1,Pregnancy Ending,SFW,Format,,VNDB
tag_518c4812c8,Pregnancy Good Ending,SFW,Format,,VNDB
tag_c7f5229a1b,Pregnant,NSFW,Character,pregnant|怀孕,E-Hentai|NHentai
tag_deb49df380,Pregnant Heroine,SFW,Character,Heroine with Pre-story Pregnancy,VNDB
tag_edd9b34190,Pregnant Sex,NSFW,Acts,Preggo Sex,VNDB
tag_d69e7d0413,Prehensile Hair,NSFW,Character,prehensile hair|抓握发,E-Hentai|NHentai
tag_47ed49958e,Present,SFW,Theme,,Kitsu
tag_2486923a98,Presentation,SFW,Format,,VNDB
tag_1f2faecedb,Pretending Hero,SFW,Character,,VNDB
tag_1e0b0822cf,Pretending Heroine,SFW,Character,Neko wo Kaburu Heroine,VNDB
tag_51afc05c1c,Pretending Protagonist,SFW,Character,,VNDB
tag_7f82a3da7b,Priest,NSFW,Character,priest|牧师服,E-Hentai|NHentai
tag_3f58dd039a,Priest Hero,SFW,Character,,VNDB
tag_e697a40c4b,Priest Support Character,SFW,Theme,,VNDB
tag_b716e6b981,Priest(ess) Protagonist,SFW,Character,,VNDB
tag_163fcce4fc,Priestess Heroine,SFW,Character,,VNDB
tag_8686f57eb0,Primarily Adult Cast,SFW,Theme,,AniList
tag_8de3aaa2bf,Primarily Animal Cast,SFW,Theme,,AniList
tag_e8f0678a15,Primarily Child Cast,SFW,Theme,,AniList
tag_3fa141ae1f,Primarily Female Cast,SFW,Theme,,AniList
tag_6600cb3e96,Primarily Male Cast,SFW,Theme,,AniList
tag_1d7023a511,Primarily Teen Cast,SFW,Theme,,AniList
tag_9536f12c27,Primates,SFW,Theme,,VNDB
tag_cd029f70c9,Prince Hero,SFW,Character,European-style Prince Hero,VNDB
tag_47b82dc680,Prince Protagonist,SFW,Character,,VNDB
tag_6c05f2ec55,Princess Heroine,SFW,Character,European-style Princess Heroine,VNDB
tag_80e2e9b6bf,Princess Protagonist,SFW,Character,,VNDB
tag_ea7895b64c,Principal Hero,SFW,Character,Head teacher hero|Headmaster hero|Headteacher hero|School principal hero,VNDB
tag_19a593d390,Principal Heroine,SFW,Character,Head teacher heroine|Headmistress heroine|Headteacher heroine|School principal heroine,VNDB
tag_abc3d9de03,Principal Protagonist,SFW,Character,,VNDB
tag_3d36e867fa,Prison,SFW,Theme,Correctional Facility|Gaol|Jail|Penitentiary,AniList|VNDB
tag_77b0f6ddf0,Private Detective Hero,SFW,Character,Gumshoe Hero|Private Dick Hero|Private Eye Hero|Private Investigator Hero,VNDB
tag_2d515ad963,Private Detective Heroine,SFW,Character,Gumshoe Heroine|Private Dick Heroine|Private Eye Heroine|Private Investigator Heroine,VNDB
tag_6f5ca63863,Private Detective Protagonist,SFW,Character,Gumshoe Protagonist|Private Dick Protagonist|Private Eye Protagonist|Private Investigator Protagonist,VNDB
tag_0625434b60,Proactive Protagonist,SFW,Character,Conscientious Protagonist|Decisive Protagonist|Protagonist with Initiative|Reliable Protagonist,VNDB
tag_3c0f511869,Product Placement,SFW,Theme,Brand Advertisement|Embedded Marketing,VNDB
tag_08a9a7b3d2,Production of Pornography,NSFW,Sexual,,VNDB
tag_af14c52045,Production of Pornography (Amateur),NSFW,Sexual,Amateur Sex Tape|Home Sex Video|Underground Pornography,VNDB
tag_10e5a7f8d2,Production of Pornography (Drawn),NSFW,Sexual,Drawing Hentai|Production of Hentai,VNDB
tag_9c86163e0a,Production of Pornography (Professional),NSFW,Sexual,,VNDB
tag_9277883f5c,Programmer Hero,SFW,Character,I.T. Hero,VNDB
tag_fab0c54ca2,Programmer Heroine,SFW,Character,Coder Heroine|Computer Programmer Heroine|Developer Heroine,VNDB
tag_1b56aa9bc2,Programmer Protagonist,SFW,Character,Coder Protagonist|Developer Protagonist|I.T. Protagonist,VNDB
tag_3308b25f1c,Prolapse,NSFW,Sexual,prolapse|脱垂,E-Hentai|NHentai|VNDB
tag_c218caf0ed,Promiscuity,NSFW,Sexual,Free Love|Free Sex|Unavoidable Sexual Encounters with Multiple Partners,VNDB
tag_f04fa09177,Promiscuous Hero,SFW,Character,Slutty Hero,VNDB
tag_77b008bf4a,Promiscuous Heroine,SFW,Character,Slutty Heroine,VNDB
tag_ebc65a6185,Promiscuous Protagonist,SFW,Character,Slutty Protagonist,VNDB
tag_40b3aa37c4,Property Tag,NSFW,Character,property tag|财产标签,E-Hentai
tag_247527f680,Prostate Massage,NSFW,Character,prostate massage|前列腺按摩,E-Hentai|NHentai
tag_c662fa0a88,Prostitute Hero,SFW,Character,Enjo Kousai Hero|Enkou Hero,VNDB
tag_4baeeeae48,Prostitute Heroine,SFW,Character,Call Girl Heroine|Enjo Kousai Heroine|Enkou Heroine|Hooker Heroine|Whore Heroine,VNDB
tag_f864a3aae8,Prostitute Protagonist,SFW,Character,Enjo Kousai Protagonist|Enkou Protagonist|Hooker Protagonist|Whore Protagonist,VNDB
tag_5291181dcb,Prostitute Training Simulator,NSFW,Sexual,,VNDB
tag_ed842a85d5,Prostitution,NSFW,Character,Enjo Kousai|Enkou|prostitution|卖淫,E-Hentai|NHentai|VNDB
tag_4407b588fe,Protagonist,SFW,Character,,VNDB
tag_b09798c79b,Protagonist as the Only Female,SFW,Character,Protagonist is the Only Female,VNDB
tag_8825f6f5f2,Protagonist as the Only Male,SFW,Character,Protagonist is the Only Male,VNDB
tag_34e6e22106,Protagonist Based on a Fictional Person,SFW,Character,,VNDB
tag_6576c95285,Protagonist Based on a Mythological Character,SFW,Character,,VNDB
tag_87d9689584,Protagonist Based on Real Person,SFW,Character,,VNDB
tag_a978f5fb8f,Protagonist Face Toggle,SFW,Format,,VNDB
tag_c997485526,Protagonist from a Different World,SFW,Character,Isekai Protagonist|Protagonist from Another World|Protagonist from a Different Dimension|異世界,VNDB
tag_2a305d9fdb,Protagonist Gender Choice,SFW,Format,Male or Female Protagonist,VNDB
tag_45bdb9b18b,Protagonist in Relationship,SFW,Character,Married Protagonist|Protagonist with a boyfriend|Protagonist with a girlfriend|Protagonist with an existing Relationship,VNDB
tag_775b17ee60,Protagonist Selection,SFW,Format,Choose Your Character|Protagonist Choice,VNDB
tag_d1c359222a,Protagonist that's Feigning Idiocy,SFW,Character,Playing Dumb Protagonist,VNDB
tag_06f9c64f23,Protagonist with a Face,SFW,Format,,VNDB
tag_515df5dd57,Protagonist with a Sprite,SFW,Format,,VNDB
tag_4e128ff85b,Protagonist with Ahoge,SFW,Character,,VNDB
tag_142bac41b3,Protagonist with Big Breasts,SFW,Character,Kyonyuu Protagonist|Large Breasts Protagonist,VNDB
tag_2ece20bf80,Protagonist with Children,SFW,Character,Father Protagonist|Mother Protagonist,VNDB
tag_9dd5a1b48e,Protagonist with Demon Blood,SFW,Character,Demon-blooded Protagonist,VNDB
tag_11fe681626,Protagonist with Eyepatch,SFW,Character,,VNDB
tag_e9d5fc9dda,Protagonist with Facial Hair,SFW,Character,Protagonist with Beard|Protagonist with Goatee|Protagonist with Moustache|Protagonist with Mustache|Protagonist with Sideburns|Protagonist with Stubble,VNDB
tag_e5d404b53e,Protagonist with Gigantic Breasts,SFW,Character,Chounyuu Protagonist|Super Large Breast Protagonist|Ultra Large Breast Protagonist,VNDB
tag_0013146283,Protagonist with Glasses,SFW,Character,Glasses wearing protagonist.|Meganekko Protagonist,VNDB
tag_05ca6bffd5,Protagonist with Gothic Look,SFW,Character,,VNDB
tag_9363b14e3d,Protagonist with Gradient Colored Hair,SFW,Character,,VNDB
tag_e5e79ca7e6,Protagonist with Grandchildren,SFW,Character,Grandfather Protagonist|Grandmother Protagonist|Grandparent Protagonist,VNDB
tag_d5eb7fed16,Protagonist with Health Issues,SFW,Character,,VNDB
tag_71fee3c2d2,Protagonist with Heterochromia,SFW,Character,Protagonist with different eye colors,VNDB
tag_dd629cf81c,Protagonist with Huge Breasts,SFW,Character,Bakunyuu Protagonist|Exploding Breast Protagonist,VNDB
tag_05a8b1042c,Protagonist with Imaginary Friends,SFW,Character,,VNDB
tag_8d3785760f,Protagonist with Kansai Accent,SFW,Character,Kansai-ben Protagonist|Osaka-ben Protagonist|Protagonist with Kansai Dialect|Protagonist with Osaka Accent,VNDB
tag_0534f001ab,Protagonist with Kimono,SFW,Character,,VNDB
tag_0942b9ce44,Protagonist with Monocle,SFW,Character,,VNDB
tag_7e6a11843c,Protagonist with Multiple Personalities,SFW,Character,Protagonist with Split Personality,VNDB
tag_b36f95eff9,Protagonist with Partial Voice Acting,SFW,Format,partially voiced protagonist,VNDB
tag_0d431ef05a,Protagonist with Phimosis,NSFW,Sexual,Houkei|ほうけい|包茎,VNDB
tag_2669034e95,Protagonist with Psychological Problems,SFW,Character,Protagonist with a Mental Disorder,VNDB
tag_f7ee583acf,Protagonist with Sexual Experience,SFW,Character,Non Virgin Protagonist,VNDB
tag_1fe5ef46c3,Protagonist with Superpowered Side,SFW,Character,,VNDB
tag_6fcd0f1bb6,Protagonist with Tattoo,SFW,Character,Protagonist with Ink,VNDB
tag_2e87f53fb7,Protagonist with Tentacles,SFW,Character,Shokushu Protagonist,VNDB
tag_a1503b573e,Protagonist with Voice Acting,SFW,Format,voiced protagonist,VNDB
tag_cca172cedb,Protagonist with Voiced Changeable Names,SFW,Format,Lovely Call|Protagonist with Changeable Voiced Names,VNDB
tag_4e5161ec32,Protagonist's Appearance,SFW,Character,,VNDB
tag_e6aed71d53,Protagonist's Aunt as a Heroine,SFW,Character,,VNDB
tag_7410a0a1c0,Protagonist's Blood-related Brother as a Hero,SFW,Character,protagonist's blood related brother as a hero,VNDB
tag_f204a74895,Protagonist's Blood-related Daughter as a Heroine,SFW,Character,protagonist's blood related daughter as a heroine,VNDB
tag_fad904e820,Protagonist's Blood-related Father as a Hero,SFW,Character,protagonist's blood related father as a hero,VNDB
tag_2ab66a2e20,Protagonist's Blood-related Mother as a Heroine,SFW,Character,protagonist's blood related mother as a heroine,VNDB
tag_afc658eb9d,Protagonist's Blood-related Sister as a Heroine,SFW,Character,protagonist's blood related sister as a heroine,VNDB
tag_7f5db96be9,Protagonist's Body,SFW,Character,,VNDB
tag_7102d9bb82,Protagonist's Boss as a Heroine,SFW,Character,,VNDB
tag_38812fa83c,Protagonist's Boss as Hero,SFW,Character,,VNDB
tag_5005594c88,Protagonist's Boyfriend as a Hero,SFW,Character,BF Hero|Boyfriend Hero,VNDB
tag_da105524eb,Protagonist's Brother as a Hero,SFW,Character,,VNDB
tag_8df4c7e70c,Protagonist's Brother as a Support Character,SFW,Character,,VNDB
tag_e894a55250,Protagonist's Childhood Friend as a Hero,SFW,Character,Protagonist's Osananajimi as a Hero,VNDB
tag_ab2df0922a,Protagonist's Childhood Friend as a Heroine,SFW,Character,Protagonist's Osananajimi as a Heroine,VNDB
tag_999405ced2,Protagonist's Childhood Friend as a Support Character,SFW,Character,Protagonist's Osananajimi as a Support Character,VNDB
tag_4098844048,Protagonist's Clothing and Accessories,SFW,Character,,VNDB
tag_c06c873d4b,Protagonist's Cousin as a Hero,SFW,Character,Protagonist's Itoko as a Hero,VNDB
tag_c9f863fdc3,Protagonist's Cousin as a Heroine,SFW,Character,Protagonist's Itoko as a Heroine,VNDB
tag_3b791f704e,Protagonist's Cousin as a Support Character,SFW,Character,Protagonist's Itoko as a Support Character,VNDB
tag_9e1eff5d4a,Protagonist's Daughter as a Heroine,SFW,Character,,VNDB
tag_f5b6ba5b6a,Protagonist's Daughter as a Support Character,SFW,Character,,VNDB
tag_65bc3b9935,Protagonist's Employee as a Heroine,SFW,Character,,VNDB
tag_ec405a9e9f,Protagonist's Employee as Hero,SFW,Character,,VNDB
tag_721ccaccd1,Protagonist's Ex as a Hero,SFW,Character,Protagonist's Ex-Boyfriend as a Heroine|Protagonist's Ex-Husband as a Heroine|Protagonist's Former Boyfriend as a Heroine,VNDB
tag_25f8dd1d14,Protagonist's Ex as a Heroine,SFW,Character,Protagonist's Ex-Girlfriend as a Heroine|Protagonist's Ex-Wife as a Heroine|Protagonist's Former Girlfriend as a Heroine,VNDB
tag_deaccec04a,Protagonist's Father as a Hero,SFW,Character,Father Hero,VNDB
tag_2c5df65a93,Protagonist's Fiance as a Hero,SFW,Character,Fiancé Hero,VNDB
tag_78e23fcc05,Protagonist's Fiancee as a Heroine,SFW,Character,,VNDB
tag_1f0ed94608,Protagonist's Full Brother as a Hero,SFW,Character,,VNDB
tag_c51fd9e3ff,Protagonist's Full Sister as a Heroine,SFW,Character,,VNDB
tag_6e168fd1c9,Protagonist's Gender,SFW,Character,,VNDB
tag_213e33b232,Protagonist's Girlfriend as a Heroine,SFW,Character,GF Heroine|Girlfriend Heroine,VNDB
tag_b89e75d8fc,Protagonist's Granddaughter as Heroine,SFW,Character,,VNDB
tag_40034293f9,Protagonist's Grandfather as a Hero,SFW,Character,Grandfather Hero|Grandpa Hero,VNDB
tag_cceb80f41c,Protagonist's Grandmother as a Heroine,SFW,Character,,VNDB
tag_37d8c5c617,Protagonist's Hair,SFW,Character,,VNDB
tag_1c3f3b9f9f,Protagonist's Half-brother as a Hero,SFW,Character,protagonist's half brother as a hero,VNDB
tag_11b5cf282a,Protagonist's Half-sister as a Heroine,SFW,Character,protagonist's half sister as a heroine,VNDB
tag_4c75b272b1,Protagonist's Husband as a Hero,SFW,Character,,VNDB
tag_476e1c7e94,Protagonist's Kouhai as a Hero,SFW,Character,Protagonist's Underclassman as a Hero,VNDB
tag_59f8686a2c,Protagonist's Kouhai as a Heroine,SFW,Character,Protagonist's Underclassman as a Heroine,VNDB
tag_82b00bb16a,Protagonist's Mother as a Heroine,SFW,Character,,VNDB
tag_ed954257ba,Protagonist's Nephew as a Hero,SFW,Character,,VNDB
tag_e177c3ae8d,Protagonist's Niece as a Heroine,SFW,Character,,VNDB
tag_a99bef6eb5,Protagonist's Non-blood-related Brother as a Hero,SFW,Character,Adopted Brother Hero|Foster Brother Hero|Step Brother Hero|Stepbrother Hero|protagonist's non blood related brother as a hero,VNDB
tag_5ee85de304,Protagonist's Non-blood-related Daughter as a Heroine,SFW,Character,protagonist's non blood related daughter as a heroine,VNDB
tag_dcd263f879,Protagonist's Non-blood-related Father as a Hero,SFW,Character,Adoptive Father Hero|Foster Father Hero|Step Father Hero|Stepfather Hero|protagonist's non blood related father as a hero,VNDB
tag_8978f99ee9,Protagonist's Non-blood-related Mother as a Heroine,SFW,Character,Adoptive Mother Heroine|Foster Mother Heroine|Step Mother Heroine|Stepmother Heroine|protagonist's non blood related mother as a heroine,VNDB
tag_227180992f,Protagonist's Non-blood-related Sister as a Heroine,SFW,Character,Adopted Sister Heroine|Foster Sister Heroine|Step Sister Heroine|Stepsister Heroine|protagonist's non blood related sister as a heroine,VNDB
tag_b9a573c40d,Protagonist's Older Brother as a Hero,SFW,Character,Ani Hero,VNDB
tag_876f6a5f5f,Protagonist's Older Sister as a Heroine,SFW,Character,Ane Heroine(s)|Protagonist's Big Sister as a Heroine|Protagonist's Elder Sister as a Heroine,VNDB
tag_14e117a2f1,Protagonist's Opponent as a Heroine,SFW,Character,Protagonist's Adversary as a Heroine|Protagonist's Challenger as a Heroine,VNDB
tag_8ca256852d,Protagonist's Personality,SFW,Character,,VNDB
tag_e358331d04,Protagonist's Pronoun Choice,SFW,Format,,VNDB
tag_b59284664a,Protagonist's Rival as a Hero,SFW,Character,,VNDB
tag_15c196bdb1,Protagonist's Rival as a Heroine,SFW,Character,,VNDB
tag_d4b85341a9,Protagonist's Rival as a Support Character,SFW,Character,,VNDB
tag_ec1b5fefc8,Protagonist's Role/Vocation,SFW,Character,,VNDB
tag_78cc861512,Protagonist's Senpai as a Hero,SFW,Character,Protagonist's Sempai as a Hero|Protagonist's Upperclassman as a Hero,VNDB
tag_0d65263a44,Protagonist's Senpai as a Heroine,SFW,Character,Protagonist's Sempai as a Heroine|Protagonist's Upperclassman as a Heroine,VNDB
tag_cc183b039c,Protagonist's Side Image Toggle,SFW,Format,,VNDB
tag_ebeea5de57,Protagonist's Sister as a Heroine,SFW,Character,,VNDB
tag_ea01355fb4,Protagonist's Sister as a Support Character,SFW,Character,Non-romancable Protagonist's Sister as a Side Character|Non-romancable Sister of the Protagonist as a Side Character|Sister of the Protagonist as a Side Character,VNDB
tag_6c27be857b,Protagonist's Sister-in-Law as a Heroine,SFW,Character,Aniyome Heroine|Gimai Heroine|Gishi Heroine|Protagonist's Brother's Wife as a Heroine|Protagonist's Wife's Sister as a Heroine|protagonist's sister in law as a heroine,VNDB
tag_bf43be2d34,Protagonist's Son as a Hero,SFW,Character,,VNDB
tag_4cf0f3c4dd,Protagonist's Traits,SFW,Character,,VNDB
tag_7955c9941c,Protagonist's Twin as a Hero,SFW,Character,Twin Brother,VNDB
tag_b99756f12a,Protagonist's Twin as a Heroine,SFW,Character,Futago Heroine,VNDB
tag_cceacf6dbd,Protagonist's Uncle as a Hero,SFW,Character,Uncle Hero,VNDB
tag_cb174b7181,Protagonist's Wife as a Heroine,SFW,Character,,VNDB
tag_471c7c692c,Protagonist's Younger Brother as a Hero,SFW,Character,Otouto Hero|Protagonist's Little Brother as a Hero,VNDB
tag_cd25290638,Protagonist's Younger Sister as a Heroine,SFW,Character,Imouto Heroine(s)|Protagonist's Little Sister as a Heroine,VNDB
tag_60f60e1e36,Protagonists by Nationality and Ethnicity,SFW,Character,,VNDB
tag_b242f2d153,Proxy Battle,SFW,Theme,,AniList
tag_9a95533b5e,Proxy Battles,SFW,Theme,proxy battles,Kitsu
tag_a5d558e1ef,Psionic School,SFW,Setting,Psionic Academy|Psychic School,VNDB
tag_88e842bd11,Psychiatric Hospital,SFW,Theme,Lunatic Asylum|Madhouse|Mental Hospital|Psychiatric Ward,VNDB
tag_3e83b7e2ca,Psychological,SFW,Genre,,Kitsu|MangaDex|MangaUpdates
tag_dc2e7c5eb3,Psychological Horror,SFW,Genre,,VNDB
tag_9eae278901,Psychological Problems,SFW,Theme,,VNDB
tag_21041be534,Psychological Thriller,SFW,Genre,,CinemaTaxonomy
tag_86f84eeabb,Psychological Trauma,SFW,Theme,,VNDB
tag_826ba61ead,Psychosexual,SFW,Theme,,AniList
tag_7e1b0b031c,Pubic Hair Option,NSFW,Body,,VNDB
tag_7dba029e86,Pubic Hair Shaving,NSFW,Body,Ball Shaving|Bikini Waxing|Crotch Shaving|Intimate Shaving|Pussy Shaving,VNDB
tag_49abae382d,Pubic Stubble,NSFW,Body,pubic stubble|阴毛茬,E-Hentai|NHentai
tag_f7c3e0452c,Public Masturbation,NSFW,Acts,,VNDB
tag_156654aa80,Public Use,NSFW,Situation,Public Cum Dumpster|Public Meat Toilet|Public Niku Benki|public use|肉便器,E-Hentai|NHentai|VNDB
tag_ef5f25f890,Public Use (Choukyou or Non-Consensual),NSFW,Situation,Public Cum Dumpster (Choukyou or Non-Consensual)|Public Meat Toilet (Choukyou or Non-Consensual)|Public Niku Benki (Choukyou or Non-Consensual)|public use (choukyou or non consensual)|肉便器 (Choukyou or Non-Consensual),VNDB
tag_17112d471e,Public Use (Consensual),NSFW,Situation,Public Cum Dumpster (Consensual)|Public Meat Toilet (Consensual)|Public Niku Benki (Consensual)|肉便器 (Consensual),VNDB
tag_f4b741608f,Puella Magi Madoka Magica,SFW,Theme,Magical Girl Madoka Magica|Mahou Shoujo Madoka Magica|魔法少女まどか☆マギカ,VNDB
tag_cf82720db1,Pump,NSFW,Sexual,Anal Pump|Clitoral Pump|Vaginal Pump,VNDB
tag_9595b87eeb,Puppeteer Heroine,SFW,Character,,VNDB
tag_5bee7053ac,Pussyboys Only,NSFW,Body,pussyboys only|纯扶他,E-Hentai
tag_4ec1134e34,Puzzle Game,SFW,Format,,VNDB
tag_ed5a8409c6,Qi,SFW,Theme,Chakra|Internal Energy|Ki,ManhwaTaxonomy
tag_dd7d8c60d5,Quadruple+ Blowjob,NSFW,Sexual,Group (4+) Blowjob|Group (4+) Fellatio|Quadruple Blowjob|Quadruple Fellatio,VNDB
tag_17d2c4b13c,Queen Heroine,SFW,Character,,VNDB
tag_be64af4612,Queen Protagonist,SFW,Character,,VNDB
tag_9ec886659c,Quick Time Events,SFW,Format,QTE,VNDB
tag_6181140a09,Quickie,NSFW,Sexual,,VNDB
tag_be34bc8dd9,Quickie Fix Position,NSFW,Sexual,The Bends,VNDB
tag_bdf2d86543,Quiz Game,SFW,Format,Question and Answer|Trivia,VNDB
tag_a51e47f646,Rabbit,NSFW,Character,rabbit|兔🐇,E-Hentai|NHentai
tag_3ed32f7eef,Rabbitgirl Heroine,SFW,Character,Bunny Girl Heroine|Bunny-girl Heroine|Bunnygirl Heroine|Rabbit Girl Heroine,VNDB
tag_26c6e0e8eb,Rabbits,SFW,Theme,Bunnies,VNDB
tag_fc00c2e2cf,Raccoon Boy,NSFW,Character,raccoon boy|浣熊男孩,E-Hentai
tag_50fd1d8922,Raccoon Girl,NSFW,Character,raccoon girl|浣熊女孩,E-Hentai|NHentai
tag_986e02dc67,Race Driver Heroine,SFW,Character,Racer Heroine,VNDB
tag_a66beade62,Race Driver Protagonist,SFW,Character,Racer Protagonist,VNDB
tag_1276cbd303,Race Queen,NSFW,Character,race queen|赛车女郎,E-Hentai|NHentai
tag_6760188e88,Raceplay (roleplaying),NSFW,Sexual,Raceplay-roleplay|Racial roleplay|Racist roleplaying,VNDB
tag_6210325f74,Racing,SFW,Theme,game with a race,VNDB
tag_6c92ed43ef,Racing Game,SFW,Format,race gameplay,VNDB
tag_2be2fd8ede,Rags to Riches,SFW,Theme,,VNDB
tag_23678db5ef,Rain,SFW,Theme,,VNDB
tag_35be2dece0,Raising Simulation,SFW,Format,Breeding Simulation|Teaching Simulation|Training Simulation,VNDB
tag_831054bfe8,Rakugo,SFW,Theme,,AniList
tag_f162f1a5e2,Random Choices,SFW,Format,,VNDB
tag_4bc4c17c0d,Randomized Events,SFW,Format,,VNDB
tag_7ff258fc99,Randoseru,NSFW,Character,randoseru|书包,E-Hentai|NHentai
tag_c29b0f2822,Rape,NSFW,Situation,Non-consensual sex|Sexual Assault|rape|强奸,AniList|E-Hentai|NHentai|VNDB
tag_330cd037ff,Rape by Deception,NSFW,Situation,Rape by Fraud,VNDB
tag_acf8b17c05,Rape by Others,NSFW,Situation,Rape by Non-Protagonist,VNDB
tag_45ce060a53,Rape by Possession,NSFW,Situation,Possession rape,VNDB
tag_3900c8aa43,Rape by Proxy,NSFW,Situation,,VNDB
tag_88159cecd4,Rape by Shota,NSFW,Situation,,VNDB
tag_3fc467d2a9,Rape by Undead,NSFW,Situation,Rape by Ghost|Rape by Mummy|Rape by Skeleton|Rape by Vampire|Rape by Zombie,VNDB
tag_5e3e84b8ae,Rape Involving Drugs,NSFW,Situation,Drug Facilitated Sexual Assault|Drug-induced Rape|Rape Drugs|Rape Involving Aphrodisiac|Rape by Drugging,VNDB
tag_55cc445dd7,Rape on Defeat,NSFW,Situation,Rape on Loss|Rape on Victory,VNDB
tag_3149106895,Rape Roleplay,NSFW,Situation,Rape Fantasy|Rape Play|Simulated Rape,VNDB
tag_55ae4a96cc,Rape under Influence,NSFW,Situation,,VNDB
tag_f48bfd9478,Rape Victim Hero,SFW,Character,Sexually Abused Hero,VNDB
tag_402381dc4d,Rape Victim Heroine,SFW,Character,Sexually Abused Heroine,VNDB
tag_e727fa4834,Rape Victim Protagonist,SFW,Character,,VNDB
tag_5daf7342a8,Rape with Blackmail,NSFW,Situation,,VNDB
tag_d53f059944,Rapist Hero,NSFW,Sexual,,VNDB
tag_144a29d8a7,Rapist Heroine,NSFW,Sexual,,VNDB
tag_0a16de03af,Rapist Protagonist,NSFW,Sexual,,VNDB
tag_4bf6797236,Read Text Marking,SFW,Format,Marked read text|Read text coloring,VNDB
tag_772d869f9e,Real Doll,NSFW,Character,real doll|充气娃娃,E-Hentai|NHentai
tag_d4ac502344,Real Robot,SFW,Theme,,AniList
tag_f02cc5bc5b,Real Time Strategy Game,SFW,Format,RTS|Realtime Strategy,VNDB
tag_1243b9c15f,Real Time with Pause,SFW,Format,Pausable Realtime|Real Time Strategy Game with Pause|Real Time Strategy with Pause,VNDB
tag_76e0f2e8ae,Realistic-looking 3D,SFW,Format,Daz 3D Graphics|Honey Select Graphics|Realistic-style 3D|realistic looking 3d,VNDB
tag_1a857e9b86,Realporn,NSFW,Sexual,realporn|真人色情,E-Hentai|NHentai
tag_5a555f1596,Realtime 3D,SFW,Format,,VNDB
tag_efd5edb7a7,Rebellion,SFW,Theme,Coup|Insurrection|Mutiny|Revolt|Revolution|Uprising,VNDB
tag_cf4b534a65,Red-light District,SFW,Theme,Red Light District|red light district,VNDB
tag_73998fb1b1,Redemption,SFW,Theme,Atonement,VNDB
tag_daa55f45b8,Redraw,NSFW,Sexual,redraw|重绘,E-Hentai|NHentai
tag_c735ca28f9,Regression,SFW,Story,Going Back in Time|Regressor|Returner,ManhwaTaxonomy
tag_833187bbc7,Rehabilitation,SFW,Theme,,AniList
tag_3bccb54f37,Reincarnation,SFW,Story,Past Life Experience|Past Life Memory|Transmigration,AniList|MangaDex|ManhwaTaxonomy|VNDB
tag_f08c50cbee,Reiwa Era,SFW,Theme,Reiwa Jidai|Reiwa Period|令和時代,VNDB
tag_b9e4284661,Rejuvenation,SFW,Theme,Age reversion|youth restoration,VNDB
tag_10b866abd1,Relationship Chart,SFW,Format,Relationship Gauge,VNDB
tag_1fe91db682,Relationship Problems,SFW,Theme,,VNDB
tag_f16cc584ce,Religion,SFW,Theme,,AniList|Kitsu
tag_7ba99d8da6,Religion/Faith,SFW,Theme,Faith Discussions|Religion Discussions|Religious Themes,VNDB
tag_003150e2fe,Religious Hero,SFW,Character,Believer Hero|Hero with Faith,VNDB
tag_34f80180dd,Religious Heroine,SFW,Character,Believer Heroine|Heroine with Faith,VNDB
tag_42664d1ed8,Religious Location,SFW,Theme,,VNDB
tag_4d01ca58dc,Religious Organization,SFW,Theme,Religion-supporting organization,VNDB
tag_ac4285ea54,Religious School,SFW,Setting,,VNDB
tag_9a334526c4,Remote-controlled Vibrator,NSFW,Fetish,remote controlled vibrator,VNDB
tag_91bb248359,Replaced,NSFW,Sexual,replaced|已替换,E-Hentai|NHentai
tag_74790f436b,Reptile,NSFW,Character,Crocodiles|Lizards|Snakes|Turtles|reptile|爬虫,E-Hentai|NHentai|VNDB
tag_92bea1d58f,Rescue,SFW,Theme,,AniList
tag_9fa64e9ec2,Resort,SFW,Theme,,VNDB
tag_c2d6e25755,Restart from Chapter Index,SFW,Format,,VNDB
tag_6d4b62960a,Restaurant,SFW,Theme,,AniList
tag_a274892a7e,Resurrection,SFW,Theme,Reviving the death,VNDB
tag_f15a812aef,Retractable Penis,NSFW,Body,retractable penis|可伸缩阴茎,E-Hentai|NHentai
tag_5218111ee9,Reunion,SFW,Theme,Coming back together,VNDB
tag_aafb6955dd,Revenge,SFW,Story,Payback|Retribution|Vengeance,AniList|Kitsu|ManhwaTaxonomy|VNDB
tag_e5eb59a3ba,Reverse Cowgirl,NSFW,Sexual,Reverse Riding Position,VNDB
tag_f7871c304d,Reverse Harem,SFW,Relationship,reverse harem,Kitsu|MangaDex
tag_b76eb178a4,Reverse Isekai,SFW,Setting,,AniList
tag_072f1e1dc5,Reverse Missionary,NSFW,Sexual,,VNDB
tag_33ea243b6f,Reverse Netorare,NSFW,Fetish,Reverse NTR,VNDB
tag_1a4b05a3ab,Reverse Netorase,NSFW,Sexual,Protagonist Lending|Reverse Hothusbanding|Reverse Hotwifing|Reverse Husband Lending|Reverse Husband Sharing|Reverse Partner Lending|Reverse Partner Sharing|Reverse Voluntary NTR|Reverse Voluntary Netorare|Reverse Wife Lending|Reverse Wife Sharing|Significant other-organised Netorare,VNDB
tag_6282cb241a,Reverse Piledriver,NSFW,Sexual,,VNDB
tag_87bc7386ca,Reverse Rape,NSFW,Situation,Female on Male Rape|Rape of Male by Female,VNDB
tag_989dee288a,Reverse Trap Heroine,SFW,Character,Cross-dressing Heroine|Girl Cross-dressing as a Boy,VNDB
tag_cf9ddf6fd3,Reverse Trap Protagonist,SFW,Character,Cross-dressing Female Protagonist,VNDB
tag_7b8568f21c,Reverse Trap Support Character,SFW,Theme,Cross-dressing Female Side Character|Cross-dressing Female Support Character|Girl Cross-dressing as a Boy Side Character|Girl Cross-dressing as a Boy Support Character|Reverse Trap Side Character,VNDB
tag_11aad3dd0c,Reversible Yaoi Pairing,NSFW,Sexual,Reversible Yaoi Couple,VNDB
tag_a564ffdbf7,Rhinoceros,NSFW,Character,rhinoceros|犀牛🦏,E-Hentai
tag_40840b0ee7,Rhinoceros Boy,NSFW,Character,rhinoceros boy|犀牛男孩,E-Hentai
tag_c2760d1a27,Rhinoceros Girl,NSFW,Character,rhinoceros girl|犀牛女孩,E-Hentai
tag_198f4dcc01,Rhythm Game,SFW,Format,Music game,VNDB
tag_1e44a497ec,Riches to Rags,SFW,Theme,From Noble to Pleb|From Rich to Commoner|From Royalty to Majority|From Superstar to Obscurity|From Wealth to Poverty|Loosing the Fame|Loosing the Wealth|Reducing to Beggary,VNDB
tag_905ed5fc7c,Rifle Combat,SFW,Theme,Combat with Rifles,VNDB
tag_2c107fd444,Rimjob,NSFW,Character,rimjob|舔肛,E-Hentai|NHentai
tag_95eacc549b,Rimming Handjob,NSFW,Acts,Anilingus Handjob,VNDB
tag_074c4b240b,Road Movie,SFW,Theme,,CinemaTaxonomy
tag_f3172025f6,Road Trip,SFW,Theme,Vacation Trip,VNDB
tag_87b7cb7948,Robot,NSFW,Character,robot|机器人🤖,E-Hentai|Kitsu|NHentai
tag_57b4cdf6ea,Robot Helper,SFW,Theme,robot helper,Kitsu
tag_13036ba6b2,Robot Hero,SFW,Character,Android Hero,VNDB
tag_0960047022,Robot Heroine,SFW,Character,Android Heroine,VNDB
tag_74d5e8436a,Robot Protagonist,SFW,Character,Android Protagonist,VNDB
tag_27f5e15b6a,Robots,SFW,Theme,Robot,AniList|VNDB
tag_275bb66de8,Rock Music,SFW,Theme,,AniList
tag_4ba19a92e8,Roguelike,SFW,Format,,VNDB
tag_b9e37b7b23,Romance,SFW,Genre,,CinemaTaxonomy|Kitsu|MangaDex|MangaUpdates|VNDB
tag_2b7b63a3c1,Romance Between Protagonists,SFW,Format,Other Protagonist As Romance Option|Other Protagonist as a Hero|Other Protagonist as a Heroine|Protagonist Candidate as a Hero|Protagonist Candidate as a Heroine,VNDB
tag_6c1bce0ffc,Romancing a Family,SFW,Theme,,VNDB
tag_05dd317d2a,Romantically Indecisive Protagonist,SFW,Character,,VNDB
tag_2c2f766622,Rope Bondage,NSFW,Fetish,Shibari,VNDB
tag_b97d814f1a,Roses,SFW,Theme,,VNDB
tag_02387f5791,Rotoscoping,SFW,Theme,,AniList
tag_27fd7b0d99,Rotten World,SFW,Setting,rotten world,Kitsu
tag_b3c1aa82d8,Rough Grammar,NSFW,Sexual,rough grammar|语法差,E-Hentai|NHentai
tag_93a4556cb4,Rough Sex (Consensual),NSFW,Acts,Aggressive Sex (Consensual),VNDB
tag_3ca73996a4,Rough Translation,NSFW,Sexual,rough translation|渣翻,E-Hentai|NHentai
tag_ef152668ad,Rounin Protagonist,SFW,Character,Ronin Protagonist|Rōnin Protagonist,VNDB
tag_1755347e5f,Routes,SFW,Format,,VNDB
tag_3b373c2adb,Royal Affairs,SFW,Theme,,AniList
tag_d226d5890a,Royal Hero,SFW,Character,King Hero,VNDB
tag_16f3bdb589,Royal Heroine,SFW,Character,,VNDB
tag_70862320aa,Royal Protagonist,SFW,Character,,VNDB
tag_1f29b97f8b,Rpg,SFW,Format,RPG|Roleplaying Game,VNDB
tag_24908ce13b,Rugby,SFW,Theme,,AniList|VNDB
tag_b60f1f5b4a,Ruined Orgasm,NSFW,Character,ruined orgasm|高潮泡汤,E-Hentai
tag_013aeb4b0b,Runaway Hero,SFW,Character,Streetchild Hero|Throwaway Hero,VNDB
tag_1324de5c8c,Runaway Heroine,SFW,Character,Streetchild Heroine|Throwaway Heroine,VNDB
tag_1b189caf64,Runaway Protagonist,SFW,Character,Streetchild Protagonist|Throwaway Protagonist,VNDB
tag_04f6222401,Running (Sport),SFW,Theme,Cross Country|Marathon|Sprinting|Track and Field,VNDB
tag_68070a9565,Rural,SFW,Theme,,AniList
tag_e767585945,Rus vs. Lizards,SFW,Theme,,VNDB
tag_5ee27287e5,Rushed Game Ending,SFW,Format,Abrupt Game Ending,VNDB
tag_1c625cc86f,Russia,SFW,Theme,,Kitsu|VNDB
tag_d73b0ab4ee,Ruthless Protagonist,SFW,Character,Cold-Blooded MC|Merciless MC,ManhwaTaxonomy
tag_343f19b3bf,Ryokan,SFW,Theme,旅館,VNDB
tag_4939c7910f,Ryona,NSFW,Paraphilic/Fetish,ryona|凌虐,E-Hentai|NHentai
tag_2224a88952,Sacred Treasure,SFW,Theme,Holy Artifact|Holy Treasure|Sacred Artifact,VNDB
tag_f40a32a42c,Sacrifice,SFW,Theme,,VNDB
tag_0137d47590,Sadism,SFW,Theme,,AniList
tag_bad4ec780a,Sadist Hero,SFW,Character,,VNDB
tag_5b224a43ed,Sadist Heroine,SFW,Character,,VNDB
tag_cfcb9529d4,Sadist Protagonist,SFW,Character,,VNDB
tag_eeb3e2c65f,Sadist Support Character,SFW,Theme,,VNDB
tag_7480bff58e,Saintess,SFW,Character,High Priestess|Holy Maiden,ManhwaTaxonomy
tag_cefce5b15c,Salaryman Hero,SFW,Character,Office Worker Hero|White-collar Businessman Hero,VNDB
tag_9c422a4289,Salaryman Protagonist,SFW,Character,Office Worker Protagonist|Salarywoman Protagonist|White-collar Businessman Protagonist|White-collar Businesswoman Protagonist,VNDB
tag_dae09a71ac,Salesman Protagonist,SFW,Character,Bagman Protagonist|Commercial Traveler Protagonist|Roadman Protagonist,VNDB
tag_1e893922a5,Saliva,NSFW,Character,saliva|唾液,E-Hentai|NHentai
tag_5e8ff9bf55,Sample,NSFW,Sexual,sample|样本,E-Hentai
tag_99b1983cf3,Samurai,SFW,Theme,,AniList|Kitsu|MangaDex
tag_ea562492a7,Samurai Hero,SFW,Character,,VNDB
tag_1d7d955a9c,Samurai Heroine,SFW,Character,,VNDB
tag_8d169a2b74,Samurai Protagonist,SFW,Character,,VNDB
tag_a24bb6a3be,Sanatorium,SFW,Theme,Sanitarium|Sanitorium,VNDB
tag_93bc63e0b4,Sandbox,SFW,Format,Sandbox-type Gameplay,VNDB
tag_22eaa40f13,Sarashi,NSFW,Character,sarashi|缠胸布,E-Hentai|NHentai
tag_32d9b534fc,Satire,SFW,Theme,,AniList|CinemaTaxonomy|Kitsu|VNDB
tag_2386f04d79,Save Memo Function,SFW,Format,Save Note Function,VNDB
tag_31a428ac13,Scanmark,NSFW,Sexual,scanmark|扫描水印,E-Hentai|NHentai
tag_828de69a29,Scar,NSFW,Character,scar|瘢痕,E-Hentai|NHentai
tag_83646e3f2b,Scary Protagonist,SFW,Character,Intimidating Protagonist|Scary Protag,VNDB
tag_2dbe6b97b7,Scat,NSFW,Paraphilic/Fetish,Coprophilia|Scatophilia|scat|粪便💩,E-Hentai|NHentai|VNDB
tag_57938216d3,Scat Filter,SFW,Format,,VNDB
tag_be909c1c99,Scat Insertion,NSFW,Paraphilic/Fetish,scat insertion|粪便插入,E-Hentai
tag_14d3c11abe,Scat on Others,NSFW,Paraphilic/Fetish,Defecating on Others|Shitting on Others,VNDB
tag_9a0f997022,Scenario Selection,SFW,Format,,VNDB
tag_1e7f604b86,Scene,SFW,Theme,Location,VNDB
tag_42761826a5,Scene Recollection,SFW,Format,Replay Mode,VNDB
tag_7516c3b355,School,SFW,Setting,,AniList|VNDB
tag_140b5c21a1,School Art Club,SFW,Setting,,VNDB
tag_a5196fe4b8,School Club,SFW,Setting,,AniList
tag_fbc2af2d47,School Clubs,SFW,Setting,school clubs,Kitsu
tag_7ddeb76fee,School Dormitory,SFW,Setting,Danshiryou|Joshiryou|Residence Hall|女子寮|男子寮,VNDB
tag_63b74814ae,School Festival,SFW,Setting,Bunkasai|Japanese Cultural Festival,VNDB
tag_98001b2637,School Gym Uniform,NSFW,Appearance,school gym uniform|学校体操服,E-Hentai|NHentai
tag_cfc6d1f7dd,School Life,SFW,Setting,school life,Kitsu|MangaDex|MangaUpdates
tag_becfe60a48,School Life Comedy,SFW,Setting,Student Life Comedy,VNDB
tag_713f20788f,School Nurse Hero,SFW,Character,,VNDB
tag_94f26fb396,School Nurse Heroine,SFW,Character,,VNDB
tag_3784982eb0,School Nurse Support Character,SFW,Setting,,VNDB
tag_8591d647d8,School Play,SFW,Setting,,VNDB
tag_65b1261430,School Sports Club,SFW,Setting,School Athletics Club|School Sport Club,VNDB
tag_5722174761,School Sports Club Member Hero,SFW,Character,,VNDB
tag_e41a366e08,School Sports Club Member Heroine,SFW,Character,,VNDB
tag_e2feabc53e,School Sports Club Member Protagonist,SFW,Character,,VNDB
tag_c7e7548716,School Sports Club President Hero,SFW,Character,,VNDB
tag_1f725d7fa2,School Sports Club President Heroine,SFW,Character,,VNDB
tag_123f7c7c5d,School Swimsuit,NSFW,Appearance,school swimsuit|死库水,E-Hentai|NHentai
tag_5497239181,Schoolboy Uniform,NSFW,Appearance,schoolboy uniform|男生制服,E-Hentai|NHentai
tag_04dd88bd52,Schoolgirl Uniform,NSFW,Appearance,schoolgirl uniform|女生制服,E-Hentai|NHentai
tag_d4adb14b2b,Sci-Fi,SFW,Genre,Sci-fi|sci fi,CinemaTaxonomy|MangaDex|MangaUpdates
tag_8dfb685868,Science Fantasy,SFW,Genre,Science Meets Fantasy,VNDB
tag_089ae396df,Science Fiction,SFW,Genre,Sci-fi|science fiction,CinemaTaxonomy|Kitsu|VNDB
tag_f568638a12,Scientist Hero,SFW,Character,,VNDB
tag_83725ba1aa,Scientist Heroine,SFW,Character,,VNDB
tag_4133da5640,Scientist Protagonist,SFW,Character,,VNDB
tag_b786b90f6d,SCP Foundation,SFW,Theme,,VNDB
tag_d2078dc980,Screenshot Backgrounds,SFW,Format,anime rip|frame capture|motion capture|screen capture|still frames,VNDB
tag_4b3cdc4cb8,Screenshots,NSFW,Sexual,screenshots|截图,E-Hentai
tag_907f20a3e0,Scrolling Shooter,SFW,Format,,VNDB
tag_10c0f4903d,Scrotal Lingerie,NSFW,Appearance,scrotal lingerie|阴囊袋,E-Hentai|NHentai
tag_c8cca02ff9,Scuba Diving,SFW,Theme,,AniList
tag_a894fecd22,Scythe Combat,SFW,Theme,Combat with Scythes,VNDB
tag_85ed15c4d4,Seasons,SFW,Theme,,VNDB
tag_e98f700a92,Second Chance,SFW,Story,Do-Over|Restart,ManhwaTaxonomy
tag_70929e6004,Second-person Narrative,SFW,Format,"2nd person|Narrative using ""You""|second person narrative",VNDB
tag_36e1d5937b,Secret Identity,SFW,Theme,,VNDB
tag_3c05fca0b0,Secret Romance,SFW,Relationship,,VNDB
tag_db641c7513,Secret Society,SFW,Theme,Illuminati|Secret Order,VNDB
tag_bba3a54386,Secretary Protagonist,SFW,Character,,VNDB
tag_b2710f37fd,Seinen,SFW,Demographic,,AniList|Kitsu|MangaUpdates
tag_d6cdf06594,Seiyuu Hero,SFW,Character,Seiyu Hero|Seiyû Hero|Seiyū Hero|Voice Actor Hero,VNDB
tag_b772b6a6a6,Seiyuu Heroine,SFW,Character,Seiyu Heroine|Seiyû Heroine|Seiyū Heroine|Voice Actress Heroine,VNDB
tag_a7c7f8ae8a,Seke Protagonist,NSFW,Sexual,Switch Protagonist|Versatile Protagonist,VNDB
tag_e0cf1690ab,Selective Coloring,SFW,Format,,VNDB
tag_8401d0ed1c,Self-Published,SFW,Format,self published,MangaDex
tag_af370bf2be,Self-romance,SFW,Character,Self-love|self romance,VNDB
tag_75f7f6c446,Selfcest,NSFW,Sexual,selfcest|自交,E-Hentai|NHentai|VNDB
tag_2563584622,Seme Protagonist,NSFW,Sexual,,VNDB
tag_dfd643faeb,Sengoku Period,SFW,Theme,Set in the Sengoku Jidai|Warring States Period of Japan|sengoku period,Kitsu|VNDB
tag_e7b996447d,Sensory Deprivation,NSFW,Sexual,,VNDB
tag_e6a4f157f1,Sensual Biting,NSFW,Sexual,Bites During Sex|Odaxelagnia,VNDB
tag_1c6d2249d8,Sentai,SFW,Theme,Power Rangers,VNDB
tag_8cf50dad24,Sentient Weapon Heroine,SFW,Character,My sword is my beloved,VNDB
tag_c2d151988d,Separate Text Boxes,SFW,Format,Characters talking at the same time|Multiple Text Boxes,VNDB
tag_9d7ae73b14,Separate Windows,SFW,Format,Game with Multiple Windows,VNDB
tag_c1d62c4f50,Serious Protagonist,SFW,Character,,VNDB
tag_7dc22b2c6a,Setting,SFW,Theme,,Kitsu|VNDB
tag_6bb1d4a464,Sex at School,NSFW,Acts,Sex in College|Sex in University,VNDB
tag_259d23b185,Sex at Work,NSFW,Acts,Sex in an Office,VNDB
tag_0465375f6f,Sex Between a Female and a Gender Non-conforming Individual,NSFW,Acts,Sex Between a Female and a Dickgirl|Sex Between a Female and a Futanari|Sex Between a Female and a Genderqueer Individual|Sex Between a Female and a Intersex Individual|Sex Between a Female and a Non-binary Individual|Sex Between a Female and a Transgender Individual|sex between a female and a gender non conforming individual,VNDB
tag_f63816d8de,Sex Between a Male and a Gender Non-conforming Individual,NSFW,Acts,Sex Between a Male and a Dickgirl|Sex Between a Male and a Futanari|Sex Between a Male and a Genderqueer Individual|Sex Between a Male and a Intersex Individual|Sex Between a Male and a Non-binary Individual|Sex Between a Male and a Transgender Individual|sex between a male and a gender non conforming individual,VNDB
tag_f9465436e6,Sex Between Gender Non-conforming Individuals,NSFW,Acts,Sex Between Dickgirls|Sex Between Futanari|Sex Between Genderqueer Individuals|Sex Between Intersex Individuals|Sex Between Non-binary Individuals|Sex Between Transgender Individuals|sex between gender non conforming individuals,VNDB
tag_6e6eb1d6de,Sex Change,SFW,Theme,Sex-change,VNDB
tag_8c032085ea,Sex Cult,SFW,Theme,Debauchery Club|Debauchery Cult|Sex Club,VNDB
tag_af16b32dd3,Sex in a Vehicle,NSFW,Acts,Boat Sex|Car Sex|Mile High Club|Plane Sex|Train Sex|Vehicle Sex,VNDB
tag_0aecc7c9de,Sex in Front of an Audience,NSFW,Acts,,VNDB
tag_e294a7ec37,Sex in Karaoke Box,NSFW,Acts,Sex in Karaoke Room,VNDB
tag_a28b3f04a1,Sex in Photo Booth,NSFW,Acts,Sex in Parikura|Sex in Photo Sticker Booth,VNDB
tag_a5bcb7c3e5,Sex in Public Places,NSFW,Acts,Public Sex,VNDB
tag_d4086bdee6,Sex in Water,NSFW,Acts,Water Sex,VNDB
tag_1f071ac868,Sex Industry,SFW,Theme,Sex Work,VNDB
tag_336d688ce0,Sex Involving Amputees,NSFW,Acts,Amputee Sex,VNDB
tag_d97f71a54d,Sex Involving Children,NSFW,Acts,Sex with Children|Underage Sex,VNDB
tag_08a1114491,Sex Involving Drugs,NSFW,Acts,Aphrodisiacs|Drug-induced Sex|Sex with Pills,VNDB
tag_423604966f,Sex Involving Food,NSFW,Acts,Food Sex|Sex with Food,VNDB
tag_60b63dbf4f,Sex Involving Furries,NSFW,Acts,Furry Sex,VNDB
tag_c527d920ea,Sex Involving Gender Non-conforming Individuals,NSFW,Acts,Sex Involving Dickgirls|Sex Involving Futanari|Sex Involving Genderqueer Individuals|Sex Involving Intersex Individuals|Sex Involving Non-binary Individuals|Sex Involving Transgender Individuals|sex involving gender non conforming individuals,VNDB
tag_4a46e0dec7,Sex Involving Menstruation,NSFW,Acts,Sex in Period,VNDB
tag_5603c7ee31,Sex Involving Prostitution,NSFW,Acts,Enjo-kousai Sex|Hooker Sex|Hooking|JK Business Sex,VNDB
tag_018893626a,Sex Involving Smegma,NSFW,Acts,,VNDB
tag_8c00c1d52c,Sex License,NSFW,Acts,Sex Pass|Sex Ticket,VNDB
tag_c058924e30,Sex Machine,NSFW,Acts,,VNDB
tag_653c94febe,Sex on a Beach,NSFW,Acts,Sex on a Seashore,VNDB
tag_7c21f86112,Sex on a Roof,NSFW,Acts,,VNDB
tag_642dcf72b6,Sex on Toilet,NSFW,Acts,Sex in a toilet stall|Sex in the toilet stall|Sex in toilet stall|Sex on a Toilet|Sex on the Toilet|Toilet Sex,VNDB
tag_a68cc1454f,Sex Scene Recollection,NSFW,Acts,H Replay Mode|H Scene Recollection|Hentai Replay Mode|Hentai Scene Recollection|Sex Replay Mode,VNDB
tag_4f0331975b,Sex Swing,NSFW,Acts,Sling,VNDB
tag_d195d80c17,Sex Toy Support,SFW,Format,,VNDB
tag_dbf6dc4dfd,Sex Toys,NSFW,Acts,sex toys|性玩具,E-Hentai|NHentai
tag_2f60435287,Sex Under the Necessity,NSFW,Acts,,VNDB
tag_0ca6c7f053,Sex Wearing Panties On Face,NSFW,Acts,Kaopan|Panties On Head|かおぱん,VNDB
tag_16598107a5,Sex with Animals Only,NSFW,Acts,Bestiality Only|Zoophilia Only,VNDB
tag_7c4eec3dbf,Sex with Insects,NSFW,Acts,Formicophilia,VNDB
tag_6278aa782a,Sex with Invertebrates,NSFW,Acts,,VNDB
tag_9c69688c84,Sex with Monster Girls,NSFW,Fetish,,VNDB
tag_f7a7373e54,Sex With Monsters,NSFW,Fetish,Sex with Creatures,VNDB
tag_e30c8fec41,Sex With Monsters Only,NSFW,Fetish,Monster Sex Only|Sex With Creatures Only,VNDB
tag_bf29f87453,Sex with Others,NSFW,Acts,Sex with Non-Protagonists,VNDB
tag_5828d96f8b,Sex with Protagonist Only,NSFW,Acts,,VNDB
tag_b0abbaeb52,Sex with Sleepers,NSFW,Acts,Sex with Sleeping Partners,VNDB
tag_ac1bcee82f,Sex with Tentacles,NSFW,Fetish,,VNDB
tag_885c81351c,Sexual Acts by Participants' Gender,NSFW,Acts,,VNDB
tag_42eb3e7aff,Sexual Blindfold,NSFW,Acts,Blindfold Sex|Sex Involving Blindfold,VNDB
tag_e26bd38622,Sexual Child Abuse,NSFW,Acts,Paedophilia|Pedophilia,VNDB
tag_94028f3548,Sexual Content,NSFW,Acts,Eroge|Erotic Content|Sexual Intercourse,VNDB
tag_46a6f5f9f9,Sexual Content by Activity,NSFW,Acts,,VNDB
tag_00755f4c84,Sexual Content by Location,NSFW,Acts,,VNDB
tag_4a8e9430aa,Sexual Content by Participants,NSFW,Acts,,VNDB
tag_588cd517cf,Sexual Corruption,NSFW,Acts,Erotic Moral Corruption|Sexual Corruption of Characters|Sexual Moral Corruption,VNDB
tag_cefde7e7c6,Sexual Cosplay,NSFW,Acts,Sexual Costume Play,VNDB
tag_104b059f62,Sexual Devices,NSFW,Acts,Sex Toys|Sexual Instruments,VNDB
tag_58c80a51b2,Sexual Fantasizing,NSFW,Acts,Erotic Daydream|Erotic Fantasy|Sexual Fantasy,VNDB
tag_68afd43154,Sexual Hair Eating,NSFW,Body,Eating Hairs|Eating Pubic Hairs|Trichophagia,VNDB
tag_87b7029346,Sexual Harassment,NSFW,Acts,Sexual Insulting,VNDB
tag_28c4751ed1,Sexual Innuendo,SFW,Theme,Implied Sexual Content|Subtle Sexual Content,VNDB
tag_4608e99f38,Sexual Orientation Discovery,SFW,Theme,Gayification (consensual)|Lesbification (consensual),VNDB
tag_9b92c66766,Sexual Re-orientation,SFW,Theme,Gayification (non-consensual)|Lesbification (non-consensual)|sexual re orientation,VNDB
tag_7c986a196c,Sexual Re-orientation/Discovery,SFW,Theme,sexual re orientation/discovery,VNDB
tag_f2de66f562,Sexual Roleplay,NSFW,Acts,Erotic Roleplay,VNDB
tag_512811deec,Sexual Scenes with Gameplay,NSFW,Acts,,VNDB
tag_2f6835c2d8,Sexual Slavery,NSFW,Acts,Sex Slave Training,VNDB
tag_3d6911bf4c,Sexual Slavery (Choukyou Variation),NSFW,Acts,調教,VNDB
tag_f0ba3e6cd0,Sexual Slavery (Consensual),NSFW,Acts,,VNDB
tag_dd56d97f3b,Sexual Slavery (Non-consensual),NSFW,Acts,sexual slavery (non consensual),VNDB
tag_c6a7f01fe2,Sexual Violence,NSFW,Content,,MangaDex
tag_6caafaa805,Sexually Oblivious Heroine,SFW,Character,Clueless About Sex Heroine|Ignorant About Sex Heroine|Sexually Naive Heroine|Sexually Unaware Heroine,VNDB
tag_9cad06f382,Shaolin,SFW,Setting,Shaolin Temple,ManhwaTaxonomy
tag_ca94471556,Shapening,NSFW,Character,shapening|平面化,E-Hentai
tag_99683d7e1a,Shapeshifting,SFW,Theme,Animorph|Transformation,AniList|VNDB
tag_c38046ddbf,Share House,SFW,Theme,Communal Apartment|シェアハウス,VNDB
tag_cd2b5121bd,Shared Senses,NSFW,Character,shared senses|感官共享,E-Hentai|NHentai
tag_da6776e7ec,Shark,NSFW,Character,shark|鲨🦈,E-Hentai
tag_28cd949eeb,Shark Boy,NSFW,Character,shark boy|鲨男孩,E-Hentai|NHentai
tag_5ce4eb0483,Shark Girl,NSFW,Character,shark girl|鲨女孩,E-Hentai|NHentai
tag_5d04ce69ec,Sharks,SFW,Theme,,VNDB
tag_b0493f9a73,Shaved Head,NSFW,Character,shaved head|光头,E-Hentai|NHentai
tag_23ec24c5ca,Sheep,NSFW,Character,sheep|绵羊🐏|绵羊🐑,E-Hentai
tag_95156e851f,Sheep Boy,NSFW,Character,sheep boy|羊男孩,E-Hentai
tag_b0a5ff4246,Sheep Girl,NSFW,Character,sheep girl|羊女孩,E-Hentai|NHentai
tag_5c157ce616,Shemale,NSFW,Character,shemale|人妖♂,E-Hentai|NHentai
tag_e717ef1397,Sherlock Holmes,SFW,Theme,Holmes Adaptation,VNDB
tag_b4b192f015,Shibari,NSFW,Character,shibari|捆绑,E-Hentai|NHentai
tag_e0c12249a7,Shimaidon,NSFW,Sexual,Shimai Donburi|Simultaneous Intercourse with Two Sisters|Simultaneous Sex with Two Sisters|shimaidon|兄弟丼|姐妹丼|手足丼,E-Hentai|NHentai|VNDB
tag_aa7d3b0f61,Shimaidon Ending,SFW,Format,Ending with Two Sisters as Heroines|Shimai Donburi Ending,VNDB
tag_3c4e1ce0e6,Shimaidon with Twins,NSFW,Sexual,Simultaneous Intercourse with Twin Sisters|Simultaneous Sex with Twin Sisters,VNDB
tag_4b32e3c0fb,Shimaidon with Twins Ending,SFW,Format,Ending with Twin Sisters as Heroines,VNDB
tag_f6517470a4,Shimapan,NSFW,Character,shimapan|条纹胖次,E-Hentai|NHentai
tag_b11a82d13b,Shingeki no Kyojin,SFW,Theme,Attack on Titan|進撃の巨人,VNDB
tag_e7507735cf,Shinigami Hero,SFW,Character,Death God Hero|God of Death Hero,VNDB
tag_1d3ecb0a75,Shinigami Heroine,SFW,Character,Death God Heroine|God of Death Heroine,VNDB
tag_a68876318d,Shinigami Protagonist,SFW,Character,Death God Protagonist|死神,VNDB
tag_37fc2767ab,Shinobi,SFW,Theme,Ninja,VNDB
tag_b732710ec6,Shinobi Hero,SFW,Character,Ninja Hero,VNDB
tag_2bb0d3ebcf,Shinsengumi,SFW,Theme,Newly Selected Corps|Shin-sen-gumi,Kitsu|VNDB
tag_219657f2a1,Shinto Shrine,SFW,Theme,,VNDB
tag_2a3f1166b0,Ship,SFW,Theme,Boat|Cruiser|Seaship,VNDB
tag_5c1448cd4b,Shipboard,SFW,Theme,,Kitsu
tag_d2d529e934,Ships,SFW,Theme,,AniList
tag_55f3e89fb2,Shoe Licking,NSFW,Sexual,Boot Licking|Heel Licking,VNDB
tag_5d79f092b5,Shoejob,NSFW,Sexual,Bootjob|Heeljob,VNDB
tag_da96cdf1b9,Shogi,SFW,Theme,,AniList
tag_6aff25ff76,Shooter Game,SFW,Format,STG|Shooting Game,VNDB
tag_062db0bc2e,Shopkeeper Hero,SFW,Character,Shop Owner Hero,VNDB
tag_c5c79c44dc,Shopkeeper Heroine,SFW,Character,Shop owner,VNDB
tag_0a55007307,Shopkeeper Protagonist,SFW,Character,Shop Owner Protagonist,VNDB
tag_7fe9a71f57,Shopping Mall,SFW,Theme,Department Store|Shopping Center,VNDB
tag_2f04dddaaa,Short Common Route,SFW,Format,,VNDB
tag_416d3abc22,Short Film,SFW,Format,,CinemaTaxonomy
tag_d773b35f68,Short Hero,SFW,Character,Vertically Challenged Hero,VNDB
tag_faf26507a8,Short Heroine,SFW,Character,Vertically Challenged Heroine,VNDB
tag_b67f162f24,Short Sexual Scenes,NSFW,Acts,,VNDB
tag_5e138724c6,Shota,SFW,Theme,,MangaDex
tag_c2872d0733,Shota Hero,SFW,Character,Hero with Childlike Appearance,VNDB
tag_cd70fc91d0,Shota Protagonist,SFW,Character,Male protagonist with childlike appearance,VNDB
tag_3461487b7c,Shota Support Character,SFW,Theme,Shota (non-Hero),VNDB
tag_81fd91458e,Shotacon,NSFW,Relationship,shotacon|正太,E-Hentai|MangaUpdates|NHentai|VNDB
tag_1f28e3e94c,Shotacon Hero,SFW,Character,Hero with a Shotarou Complex,VNDB
tag_daf808a067,Shotacon Heroine,SFW,Character,Heroine with Shoutarou complex,VNDB
tag_1b2bb23ba8,Shotacon Protagonist,SFW,Character,,VNDB
tag_1821bfa6ac,Shoujo,SFW,Demographic,,AniList|Kitsu|MangaUpdates
tag_c54bc22927,Shoujo Ai,SFW,Relationship,shoujo ai,Kitsu|MangaUpdates
tag_4907a0c44a,Shounen,SFW,Demographic,,AniList|Kitsu|MangaUpdates
tag_8b75360013,Shounen Ai,SFW,Relationship,shounen ai,Kitsu|MangaUpdates
tag_d8701b8bfd,Shouwa Era,SFW,Theme,Shouwa Jidai|Shouwa Period|Shōwa Era|Shōwa Jidai|Shōwa Period|昭和時代,VNDB
tag_c56fd180c8,Shrine Maiden,SFW,Character,,AniList
tag_47568b4c06,Shrinking,NSFW,Character,shrinking|缩小,E-Hentai|NHentai
tag_afc8a53bac,Shy Hero,SFW,Character,Shy Guy,VNDB
tag_e29e459534,Shy Heroine,SFW,Character,Dandere Heroine,VNDB
tag_6e48b38b7d,Sibling Rivalry,SFW,Relationship,,VNDB
tag_a20ffa5678,Sickly Hero,SFW,Character,,VNDB
tag_6a47de2179,Sickly Heroine,SFW,Character,,VNDB
tag_d2af634a9a,Sickly Protagonist,SFW,Character,,VNDB
tag_3b63f937ff,Side Character Having Sex with Others,NSFW,Acts,Side Character Having Sex with Non-Protagonists,VNDB
tag_79d73442bd,Side Character Rape by Others,NSFW,Situation,Side Character Rape by Non-Protagonists,VNDB
tag_d0c5ce7a10,Side Portraits,SFW,Format,Side Images,VNDB
tag_96b1f98900,Side Textbox,SFW,Format,,VNDB
tag_de1b760515,Silent Film,SFW,Format,,CinemaTaxonomy
tag_e3d4f0ee2c,Silhouettes,SFW,Format,,VNDB
tag_1f56a279c8,Simulation Game,SFW,Format,Artificial Life Game|Life Simulation Game|SLG,VNDB
tag_182e1ac95b,Singer Hero,SFW,Character,Vocalist Hero,VNDB
tag_246dc47396,Singer Heroine,SFW,Character,Vocalist Heroine,VNDB
tag_71878fa1e3,Singer Protagonist,SFW,Character,Vocalist Protagonist,VNDB
tag_4338a4b7af,Single Blowjob,NSFW,Sexual,Single Fellatio,VNDB
tag_857ed09b11,Single Bodyjob,NSFW,Body,,VNDB
tag_70af5383e6,Single Boobjob,NSFW,Sexual,Single Paizuri|Single Titfuck,VNDB
tag_82503e9ad6,Single Buttjob,NSFW,Sexual,Single Assjob,VNDB
tag_3f4c43d155,Single Character Multiple Defloration,NSFW,Sexual,Reconstructed Hymen Characters|Regenerative Hymen Characters,VNDB
tag_d12200fead,Single Ending,SFW,Format,,VNDB
tag_6ce3d4ec0f,Single Footjob,NSFW,Sexual,,VNDB
tag_c7d9310615,Single Handjob,NSFW,Acts,,VNDB
tag_07d5b3ab00,Single Hole Double Penetration (obsolete),NSFW,Acts,Single Hole DP,VNDB
tag_2f7976326d,Single Hole Multiple Fisting (obsolete),NSFW,Sexual,,VNDB
tag_4561c65878,Single Hole Multiple Objects Insertion (obsolete),NSFW,Sexual,Multiple Objects in One Hole  (obsolete),VNDB
tag_ff99ad19a7,Single Hole Multiple Penetration (obsolete),NSFW,Acts,,VNDB
tag_621dbddc9b,Single Hole Multiple Tentacle Penetration (obsolete),NSFW,Fetish,,VNDB
tag_6113a80d4b,Single Leg Legjob,NSFW,Sexual,,VNDB
tag_1d66372faa,Single Legjob,NSFW,Sexual,,VNDB
tag_7c25b5622e,Single Save Slot,SFW,Format,,VNDB
tag_a7565cf9f4,Single-sex School,SFW,Setting,single sex school,VNDB
tag_cae7392860,Siscon Hero,SFW,Character,Sister Complex Hero,VNDB
tag_a3ebe34f8b,Siscon Protagonist,SFW,Character,,VNDB
tag_49e3be130c,Siscon Support Character,SFW,Theme,Support Character with Sister Complex,VNDB
tag_daffd55e1b,Sister,NSFW,Relationship,sister|姐妹,E-Hentai|NHentai
tag_a421eed9c4,Sister/Sister Incest,NSFW,Relationship,,VNDB
tag_f077d867ee,Sister/Sister Romance,SFW,Relationship,,VNDB
tag_5564929dbc,Sitting Sex,NSFW,Acts,Sex Sitting,VNDB
tag_e781a3cf25,Sixty-nine,NSFW,Sexual,69|Congress of the Crow|Mutual Oral Sex|Reciprocal Oral Sex|sixty nine,VNDB
tag_0b957451a3,Size Difference Fetish,NSFW,Fetish,,VNDB
tag_9d2fb5476f,Skateboarding,SFW,Theme,,AniList
tag_84df077bcb,Skeleton,NSFW,Character,skeleton|骷髅,AniList|E-Hentai
tag_113ff44456,Skeleton Hero,SFW,Character,,VNDB
tag_9a1c753785,Sketch Lines,NSFW,Sexual,sketch lines|线稿,E-Hentai|NHentai
tag_76441c3ecf,Skiing,SFW,Theme,,VNDB
tag_7101621221,Skin Color Selection,SFW,Format,Skin Color Toggle Option|Skin Option,VNDB
tag_54ea9adc06,Skinsuit,NSFW,Appearance,skinsuit|人皮衣,E-Hentai|NHentai
tag_716a17f42c,Skip Scenes,SFW,Format,Immediate skip|Instant skip,VNDB
tag_e7f27d0f2c,Skip to Choices,SFW,Format,,VNDB
tag_55ad812d19,Skippable Gameplay,SFW,Format,,VNDB
tag_52afc82f70,Skull-fucking,NSFW,Sexual,Brain Fucking|Brain-fucking|Skull Fucking|Skullfucking|skull fucking,VNDB
tag_c834afc6e9,Skunk Boy,NSFW,Character,skunk boy|臭鼬男,E-Hentai
tag_efe77e43da,Skunk Girl,NSFW,Character,skunk girl|臭鼬娘,E-Hentai|NHentai
tag_5071690da9,Slapstick,SFW,Theme,Comedic Violence,AniList|Kitsu|VNDB
tag_9c1669f194,Slasher,SFW,Genre,,CinemaTaxonomy|VNDB
tag_03158cf39c,Slave,NSFW,Character,slave|奴隶,E-Hentai|NHentai
tag_40104cb1ff,Slave Auction,SFW,Theme,,VNDB
tag_d69789c3e0,Slave Hero,SFW,Character,,VNDB
tag_ec6ba940d6,Slave Heroine,SFW,Character,,VNDB
tag_5e76fbaa73,Slave Protagonist,SFW,Character,,VNDB
tag_84c98c332b,Slavery,SFW,Theme,Debt Bondage|Human Trafficking,AniList|Kitsu|VNDB
tag_2d719d1f2a,Slavic Mythology,SFW,Theme,,VNDB
tag_d98cb5df35,Sleeping,NSFW,Situation,sleeping|睡觉,E-Hentai|NHentai
tag_b0bfc4d601,Slice of Life,SFW,Genre,slice of life,Kitsu|MangaDex|MangaUpdates|VNDB
tag_3cab44f633,Slice of Life Comedy,SFW,Genre,,VNDB
tag_4616b737dc,Slice of Life Drama,SFW,Genre,Realist Drama,VNDB
tag_8d3b86bace,Slice of Life Realism,SFW,Theme,,VNDB
tag_f79f052803,Slime,NSFW,Character,slime|史莱姆,E-Hentai|NHentai
tag_61e7de61b3,Slime Boy,NSFW,Character,slime boy|史莱姆男孩,E-Hentai|NHentai
tag_0c8eefadbd,Slime Girl,NSFW,Character,slime girl|史莱姆女孩,E-Hentai|NHentai
tag_39c11dbdf5,Slime Heroine,SFW,Character,,VNDB
tag_992f1472d6,Slime Monster Rape,NSFW,Fetish,Jelly Rape,VNDB
tag_348f250b35,Slime Protagonist,SFW,Character,,VNDB
tag_d4da55932a,Slow-burn Romance,SFW,Relationship,Adolescent Romance|Shy Romance|slow burn romance,VNDB
tag_dd9f68d875,Slow Life,SFW,Theme,Country Life|Cozy Life|Relaxing,ManhwaTaxonomy
tag_d66aaf16f7,Slow When It Comes To Love,SFW,Theme,slow when it comes to love,Kitsu
tag_2dbcba41b9,Slug,NSFW,Character,slug|蛞蝓,E-Hentai|NHentai
tag_7a1209bb38,Slums,SFW,Theme,,VNDB
tag_9a07487d73,Small Breast Sizes Heroine (Non-Loli),SFW,Character,small breast sizes heroine (non loli),VNDB
tag_19bd1274c8,Small Breasts,NSFW,Body,small breasts|贫乳,E-Hentai|NHentai
tag_7ce8283598,Small Penis,NSFW,Body,small penis|小小鸟,E-Hentai|NHentai
tag_15718b904f,Smalldom,NSFW,Character,smalldom|逆体格差,E-Hentai|NHentai
tag_01d70ea15e,Smegma,NSFW,Character,smegma|阴垢,E-Hentai|NHentai
tag_d938ad5cbe,Smell,NSFW,Character,smell|气味,E-Hentai|NHentai
tag_53819eea08,Smoker Hero,SFW,Character,Smoking Hero,VNDB
tag_2df0ade3d9,Smoker Heroine,SFW,Character,Smoking heroine,VNDB
tag_56bd4205eb,Smoker Protagonist,SFW,Character,Smoking Protagonist,VNDB
tag_5cc2241004,Smoking,NSFW,Character,smoking|吸烟🚬,E-Hentai|NHentai
tag_a1ab46e638,Smoking Fetish,NSFW,Fetish,Capnolagnia,VNDB
tag_1c4dba9750,Smut,NSFW,Genre,,MangaUpdates
tag_faabb42298,Snail Girl,NSFW,Character,snail girl|蜗牛女孩,E-Hentai|NHentai
tag_de1b2a7baf,Snake,NSFW,Character,snake|蛇🐍,E-Hentai|NHentai
tag_3e8096516e,Snake Boy,NSFW,Character,snake boy|蛇男,E-Hentai|NHentai
tag_2f8cabc0b7,Snake Girl,NSFW,Character,snake girl|蛇女,E-Hentai|NHentai
tag_0b1b1d137a,Sniper Heroine,SFW,Character,,VNDB
tag_73aa527b9b,Sniper Protagonist,SFW,Character,,VNDB
tag_2b93fbdf27,Snow,SFW,Theme,,VNDB
tag_638807d189,Snowballing,NSFW,Sexual,Cum Sharing|Cum Swapping|Snowdropping,VNDB
tag_65109486fd,Snowboarding,SFW,Theme,,VNDB
tag_65a2b8403b,Snowscape,SFW,Theme,,AniList
tag_fd0d4bb24d,Snuff,NSFW,Paraphilic/Fetish,snuff|杀害,E-Hentai|NHentai
tag_f8f3e4b2f5,Soapland,SFW,Theme,,VNDB
tag_1be067acb0,Soapy Massage,NSFW,Sexual,Bodysponge,VNDB
tag_da443a0ad9,Soccer,SFW,Theme,Football,Kitsu|VNDB
tag_89f3051934,Social Networking Service,SFW,Theme,SNS|Social Media,VNDB
tag_ee70cf9582,Societal Collapse,SFW,Theme,,VNDB
tag_d177789dc9,Sockjob,NSFW,Character,sockjob|袜交🧦,E-Hentai|NHentai
tag_547fca0815,Softcore,NSFW,Sexual,Lighter Sexual Content,VNDB
tag_1b5ccb54e2,Software Development,SFW,Theme,,AniList
tag_7e42b3ad62,Soldier Hero,SFW,Character,,VNDB
tag_542a84ade8,Soldier Heroine,SFW,Character,,VNDB
tag_6222a247af,Soldier Protagonist,SFW,Character,,VNDB
tag_1359c6810d,Sole Dickgirl,NSFW,Character,sole dickgirl|单扶她,E-Hentai|NHentai
tag_e5aefb698a,Sole Female,NSFW,Character,sole female|单女主,E-Hentai|NHentai
tag_e51e7fa1ef,Sole Male,NSFW,Character,sole male|单男主,E-Hentai|NHentai
tag_386158c9aa,Sole Pussyboy,NSFW,Body,sole pussyboy|单扶他,E-Hentai|NHentai
tag_e0722ea9d6,Solo Action,NSFW,Character,solo action|自摸,E-Hentai|NHentai
tag_0213adf6f2,Solo Player,SFW,Character,Lone Wolf|Solo Leveling,ManhwaTaxonomy
tag_e7d91b7bf5,Sonic the Hedgehog,SFW,Theme,Sonic|ソニック・ザ・ヘッジホッグ,VNDB
tag_19f3d0e449,Sounds and Music,SFW,Format,,VNDB
tag_91a2b13630,Sounds of Copulation,NSFW,Sexual,Coitus sounds|Friction sounds,VNDB
tag_1005d48966,Soushuuhen,NSFW,Sexual,soushuuhen|总集篇,E-Hentai|NHentai
tag_b1ff5f512f,South America,SFW,Theme,,VNDB
tag_ff2364a0be,Space,SFW,Setting,,AniList|Kitsu|VNDB
tag_0d4b9c63a9,Space Battles,SFW,Setting,space battles,Kitsu
tag_9f76614098,Space Opera,SFW,Setting,space opera,AniList|CinemaTaxonomy|Kitsu
tag_e23f42c11e,Space Pirate Hero,SFW,Character,,VNDB
tag_5f0636f6b7,Space Pirate Heroine,SFW,Character,Uchuu Kaizoku|宇宙 海賊,VNDB
tag_ad0f596356,Space Station,SFW,Setting,,VNDB
tag_7bb9c5d9a6,Space Travel,SFW,Setting,space travel,Kitsu
tag_07f8318f74,Spaceship,SFW,Setting,Flying Battleship|Spacecraft|Starship,VNDB
tag_e259be48a4,Spaghetti Western,SFW,Genre,,CinemaTaxonomy
tag_77aadb4378,Spanking,NSFW,Acts,spanking|打屁股,E-Hentai|NHentai
tag_1694a49339,Spear Master,SFW,Character,Spear Saint,ManhwaTaxonomy
tag_403f681222,Spearplay,SFW,Theme,,AniList
tag_5293f04eb4,Special Squads,SFW,Theme,special squads,Kitsu
tag_dde9c97fff,Specula (Sexual),NSFW,Acts,,VNDB
tag_ac652f6600,Speculum,NSFW,Character,speculum|扩张器,E-Hentai|NHentai
tag_a7da9dc76a,Spelling Errors,SFW,Format,bad grammar|bad orthography|bad spelling|grammatical error|misspelling|typos,VNDB
tag_f1a81d782d,Spider,NSFW,Character,spider|蜘蛛🕷,E-Hentai|NHentai
tag_f19255382a,Spider Boy,NSFW,Character,spider boy|蜘蛛男,E-Hentai
tag_5d8f55edf9,Spider Girl,NSFW,Character,spider girl|蜘蛛娘,E-Hentai|NHentai
tag_87adc81826,Split Tongue,NSFW,Character,split tongue|分叉舌,E-Hentai
tag_61414d4995,Spontaneous Power-ups,SFW,Theme,spontaneous power ups,VNDB
tag_422bb701d7,Spontaneous Sex Scenes,NSFW,Acts,Poor Excuses for Sex|Random Sex Scenes,VNDB
tag_ac0060c549,Spooktober VN Jam,SFW,Format,Spooktober Visual Novel Jam,VNDB
tag_747d2938fa,Spoons,NSFW,Sexual,Spooning,VNDB
tag_088495f309,Sports,SFW,Genre,,Kitsu|MangaDex|MangaUpdates|VNDB
tag_8d08c87381,Sports as Gameplay Element,SFW,Format,Sports Game|Sports Management Game|Sports Simulation Game,VNDB
tag_cec24d9379,Spreader Bar,NSFW,Sexual,,VNDB
tag_01a529ce35,Spreader Straps with Clamps,NSFW,Sexual,Anal Spreader|Pussy Spreader,VNDB
tag_2a2d595e6e,Spring,SFW,Theme,Season of Sakura,VNDB
tag_df4c7ce612,Sprite Filter,SFW,Format,,VNDB
tag_db11e8c6f5,Sprite Viewer,SFW,Format,Sprite Gallery,VNDB
tag_8677db5f1d,Sprites,SFW,Format,,VNDB
tag_38ef1f498a,Spy,SFW,Theme,,CinemaTaxonomy
tag_a4864e67bc,Spy Hero,SFW,Character,Secret Agent Hero,VNDB
tag_6a684f1965,Spy Heroine,SFW,Character,Secret Agent Heroine,VNDB
tag_03888f9ca5,Spy Protagonist,SFW,Character,Secret Agent Protagonist,VNDB
tag_c83f11f486,Squid Boy,NSFW,Character,squid boy|乌贼男,E-Hentai|NHentai
tag_813367e067,Squid Girl,NSFW,Character,squid girl|乌贼娘,E-Hentai|NHentai
tag_aa371fa3fe,Squirrel Boy,NSFW,Character,squirrel boy|松鼠男,E-Hentai
tag_b408388ae8,Squirrel Girl,NSFW,Character,squirrel girl|松鼠娘,E-Hentai|NHentai
tag_76c2d7d78f,Squirting,NSFW,Character,squirting|潮吹,E-Hentai|NHentai
tag_407fb6effb,Srpg,SFW,Format,SRPG|Strategic Roleplaying Game|TRPG|Tactical Roleplaying Game,VNDB
tag_b0855ba410,Ssbbm,NSFW,Character,ssbbm|超级胖男人,E-Hentai|NHentai
tag_db86f48ba3,Ssbbw,NSFW,Character,ssbbw|超级胖女人,E-Hentai|NHentai
tag_ef2c690d85,Staff Combat,SFW,Theme,Combat with staves,VNDB
tag_ea836599f1,Staff Commentary,SFW,Format,,VNDB
tag_0b54ef83ba,Stalking,SFW,Theme,Stalker,VNDB
tag_4811ab7bc1,Standing Sex,NSFW,Acts,Sex Standing,VNDB
tag_a8c85e6873,Star Wars,SFW,Theme,Knights of the Old Republic|The Mandalorian,VNDB
tag_adb593671a,Starship Combat,SFW,Theme,Spacecraft Combat|Spaceship Combat,VNDB
tag_ec4975e152,Steampunk,SFW,Setting,,AniList|CinemaTaxonomy|Kitsu|VNDB
tag_2a0bbac695,Stereoscopic,NSFW,Format,stereoscopic|立体图,E-Hentai|VNDB
tag_1ff39410e7,Stereotypes,SFW,Theme,,Kitsu
tag_694753dfd1,Steward,NSFW,Character,steward|男空乘服,E-Hentai
tag_b81aa60959,Stewardess,NSFW,Character,stewardess|空姐服,E-Hentai|NHentai
tag_e013c2fcd1,Stirrup Legwear,NSFW,Character,stirrup legwear|踩脚,E-Hentai|NHentai
tag_26da30fbbd,Stock Graphics,SFW,Format,Stock Backgrounds,VNDB
tag_3abab4c39c,Stock Sprites,SFW,Format,,VNDB
tag_4f73695da6,Stockings,NSFW,Appearance,stockings|长筒袜,E-Hentai|NHentai|VNDB
tag_37d3167153,Stomach Deformation,NSFW,Character,stomach deformation|腹部变形,E-Hentai|NHentai
tag_bec670e5a5,Story,SFW,Format,,VNDB
tag_fc805c7fa2,Story Arc,NSFW,Sexual,story arc|故事线,E-Hentai|NHentai
tag_83a530d010,Story Events,SFW,Theme,,VNDB
tag_36ff2dea9b,Straight Lolicon,NSFW,Relationship,,VNDB
tag_b626bf71d2,Straight Shotacon,NSFW,Relationship,,VNDB
tag_dbe6f5d330,Straitjacket,NSFW,Character,straitjacket|拘束衣,E-Hentai|NHentai
tag_ea7e28c48e,Stranded,NSFW,Sexual,Marooned|stranded,NHentai|VNDB
tag_f035bb6a49,Strangulation Sex,NSFW,Acts,Breath Control Play|Erotic Asphyxiation|Hypoxyphilia,VNDB
tag_28099d92d0,Strap on,NSFW,Character,strap-on|穿戴式阳具,E-Hentai|NHentai
tag_f9b3b56495,Strap-on Dildos,NSFW,Sexual,strap on dildos,VNDB
tag_3d7e06d446,Strategic Card Battles,SFW,Format,,VNDB
tag_4823563f7a,Strategy Game,SFW,Format,,VNDB
tag_0ebc77a2b2,Street Racing,SFW,Theme,street racing,Kitsu
tag_4a57a60606,Stretching,NSFW,Character,stretching|拉伸,E-Hentai|NHentai
tag_aefbc92dab,Strip Club,SFW,Theme,Cabaret|Gentleman's Club|Strip Bar|Strip Joint,VNDB
tag_12d4cc0d50,Strip Game,SFW,Format,Stripping Game|Striptease Game,VNDB
tag_143b52126b,Strong Female Protagonist,SFW,Character,,VNDB
tag_9cac2a6799,Stuck in Meatwall,NSFW,Sexual,Stuck in Meat-wall|Tentacle Floor|Tentacle Wall,VNDB
tag_98b0d9c81b,Stuck in Wall,NSFW,Character,stuck in wall|卡在墙上,E-Hentai|NHentai
tag_3fff5bc26f,Stuck-in-Wall Sex,NSFW,Acts,Stuck in Wall Sex|Stuck in concrete block sex|Wall fucking|stuck in wall sex,VNDB
tag_cd73502828,Student,SFW,Theme,,VNDB
tag_c248926c37,Student Club,SFW,Theme,School club|会,VNDB
tag_e08ea60a80,Student Club Member Hero,SFW,Character,School Club Member Hero,VNDB
tag_d5d98f50d3,Student Club Member Heroine,SFW,Character,School Club Member Heroine,VNDB
tag_94a5ae0b1d,Student Club Member Protagonist,SFW,Character,School Club Member Protagonist,VNDB
tag_32b95b800f,Student Club President Hero,SFW,Character,High School Club Director Hero|High School Club President Hero|Student Club Director Hero,VNDB
tag_e95fbd4ccc,Student Club President Heroine,SFW,Character,High School Club Director Heroine|High School Club President Heroine|Student Club Director Heroine,VNDB
tag_6281a7cce6,Student Club President Protagonist,SFW,Character,Leader of Student Club|Student Club Chairman Protagonist|Student Club Chancellor Protagonist|Student Club Director Protagonist,VNDB
tag_6a1442a19b,Student Council,SFW,Theme,Guild of Students|Student Government|Students' Union,VNDB
tag_731a64ac68,Student Council Member Hero,SFW,Character,Guild of Students Member Hero|Student Body Representative Hero|Student Council Officer Hero|Student Government Member Hero|Students' Union Officer Hero,VNDB
tag_3896749c75,Student Council Member Heroine,SFW,Character,Guild of Students Member Heroine|Student Body Representative Heroine|Student Council Officer Heroine|Student Government Member Heroine|Students' Union Officer Heroine,VNDB
tag_da8156b5ce,Student Council Member Protagonist,SFW,Character,Guild of Students Member Protagonist|Leader of the Student Council Protagonist|Student Body Representative Protagonist|Student Council Officer Protagonist|Student Government Member Protagonist|Students' Union Officer Protagonist,VNDB
tag_db3450a509,Student Council President Hero,SFW,Character,Leader of the Student Council Hero|President of the Student Government Hero|Student Council Chairman Hero|Student Council Director Hero|Student Government President Hero,VNDB
tag_800d4fd11f,Student Council President Heroine,SFW,Character,Leader of the Student Council Heroine|President of the Student Government Heroine|Student Council Chairman Heroine|Student Council Director Heroine|Student Government President Heroine,VNDB
tag_c3cec15eec,Student Council President Protagonist,SFW,Character,Guild of Students President Protagonist|Student Body President Protagonist|Student Council Chairman|Student Council Director|Student Government President Protagonist|Students' Union Chancellor Protagonist,VNDB
tag_e88fc3a235,Student Government,SFW,Theme,student government,Kitsu
tag_f8e45e9e9d,Student Hero,SFW,Character,,VNDB
tag_6ea11502b3,Student Heroine,SFW,Character,,VNDB
tag_ac0dda9893,Student Protagonist,SFW,Character,,VNDB
tag_618b95eab5,Student-Teacher Romance,SFW,Relationship,student teacher romance,VNDB
tag_a1b01e734b,Style,SFW,Format,System,VNDB
tag_a9bdfa76aa,Submarine,SFW,Theme,Sub,VNDB
tag_b42f2d1d76,Submissive Protagonist,NSFW,Sexual,,VNDB
tag_8d01e113ec,Succession/Inheritance Conflict,SFW,Theme,,VNDB
tag_0f76a28ba5,Succubi,SFW,Theme,Succubus,VNDB
tag_cefc78f5c9,Succubus,SFW,Theme,,AniList
tag_d4ad138df2,Succubus Heroine,SFW,Character,,VNDB
tag_31c87364e0,Succubus Protagonist,SFW,Character,,VNDB
tag_caaf89be32,Suction on Nipples,NSFW,Body,Suction on breasts|Suction on tits,VNDB
tag_86c09722f1,Suction on Penis,NSFW,Body,Pump machine,VNDB
tag_7e56682854,Sudden Girlfriend Appearance,SFW,Theme,sudden girlfriend appearance,Kitsu
tag_0aa8067065,Sudden Love Interest Appearance,SFW,Theme,Sudden Boyfriend Appearance|Sudden Girlfriend Appearance,VNDB
tag_fa415e43fd,Sugar Dating,SFW,Theme,Compensated Dating (realistic portrayal)|Enjo Kousai (realistic portrayal)|Enkou(realistic portrayal)|Sugaring,VNDB
tag_7d9e5e0365,Suicidal Hero,SFW,Character,,VNDB
tag_9a1095b438,Suicidal Heroine,SFW,Character,,VNDB
tag_3cbfd7aa6c,Suicidal Protagonist,SFW,Character,Protagonist with Suicidal Tendencies,VNDB
tag_70a5d255a4,Suicide,SFW,Theme,,AniList|VNDB
tag_99ff06141f,Suicide Pact,SFW,Theme,Internet Suicide Pact,VNDB
tag_391044154d,Sumata,NSFW,Character,sumata|股间性交,E-Hentai|NHentai
tag_6b1628b016,Summer,SFW,Theme,Summertime,Kitsu|VNDB
tag_0754f1e7f5,Summer Camp,SFW,Theme,,VNDB
tag_f4201fdccc,Summoning,SFW,Theme,,VNDB
tag_ad3b71b718,Sundress,NSFW,Appearance,sundress|夏季连衣裙,E-Hentai|NHentai
tag_17261b4f61,Sunflowers,SFW,Theme,,VNDB
tag_2cc465e3ee,Sunglasses,NSFW,Appearance,sunglasses|太阳镜🕶,E-Hentai|NHentai
tag_d9f86556aa,Super Deformed,SFW,Theme,super deformed,Kitsu
tag_9e0e7d38c2,Super Deformed CGs,SFW,Format,CGs with Chibi Characters|SD CGs,VNDB
tag_f11c600920,Super Deformed Sprites,SFW,Format,SD Sprites|SD Tachies|Super Deformed Tachies,VNDB
tag_db05ae02a0,Super Mario Bros,SFW,Theme,Mario Bros|Super Mario Brothers,VNDB
tag_fd9aa69142,Super Power,SFW,Theme,super power,AniList|Kitsu
tag_749dbf9942,Super Robot,SFW,Theme,super robot,AniList|Kitsu
tag_4bf257bb62,Superhero,SFW,Character,,AniList|CinemaTaxonomy|Kitsu|MangaDex|VNDB
tag_bd6c59a265,Superhero(ine) Protagonist,SFW,Character,,VNDB
tag_7ba7002eba,Superheroes,SFW,Character,,VNDB
tag_b8ccfc854d,Superheroine,SFW,Character,,VNDB
tag_af049a6e2c,Supernatural,SFW,Genre,,CinemaTaxonomy|Kitsu|MangaDex|MangaUpdates
tag_e1c60ae5f4,Superpowers,SFW,Theme,,VNDB
tag_755c16152e,Support Character Based on a Fictional Person,SFW,Theme,Side Character Based on a Fictional Person,VNDB
tag_0b2ff77b9b,Support Character Based on Real Person,SFW,Theme,Side Character Based on Real Person,VNDB
tag_671810e5d9,Support Character with Ahoge,SFW,Theme,,VNDB
tag_eaa83c242c,Support Character with Kansai Accent,SFW,Theme,Kansai-ben Character|Osaka-ben Character|Support Character with Kansai Dialect|Support Character with Osaka Accent,VNDB
tag_41f7ea583f,Support Character with Multiple Personalities,SFW,Theme,,VNDB
tag_d6acf0b617,Support Characters,SFW,Theme,Side Characters|Support Cast Member,VNDB
tag_b94f90bac6,Surfing,SFW,Theme,,AniList
tag_ab12dac006,Surreal,SFW,Theme,Bizarre|Dreamlike,CinemaTaxonomy|VNDB
tag_e90ec153f5,Surreal Comedy,SFW,Genre,,AniList
tag_98e5b5f203,Surrogacy,SFW,Theme,,VNDB
tag_a9946b8d0c,Survival,SFW,Theme,,AniList|MangaDex
tag_1b3f3bcfb1,Survival Focus,SFW,Story,,VNDB
tag_735fda5d72,Suspended,NSFW,Character,suspended|悬空,E-Hentai
tag_3ffb737bae,Suspense,SFW,Theme,,VNDB
tag_3b820c1ff1,Suspension Bondage,NSFW,Fetish,Suspended BDSM|Suspended Sex,VNDB
tag_fc6dffd7e5,Suzumiya Haruhi,SFW,Theme,,VNDB
tag_3ae8308c20,Sweating,NSFW,Character,sweating|出汗,E-Hentai|NHentai
tag_f853b10af7,Swimming,SFW,Theme,Synchronized Swimming,AniList|VNDB
tag_64ab091d5b,Swimming Club,SFW,Theme,,VNDB
tag_d4d99d04b3,Swimsuit,SFW,Appearance,swimsuit|泳装,E-Hentai|NHentai
tag_124cee4536,Swinging,NSFW,Sexual,Partner swapping|Wife swapping|swinging|换夫|换妻,E-Hentai|NHentai|VNDB
tag_f98534b5d1,Sword Combat,SFW,Theme,Combat with swords|Sword fighting,VNDB
tag_b3ef7213e6,Sword Master,SFW,Character,Blademaster|Sword Saint,ManhwaTaxonomy
tag_9920b646c9,Sword Wielding Heroine,SFW,Character,Heroine with Blade|Heroine with Katana|Heroine with Sword,VNDB
tag_12a8e2548b,Sword Wielding Protagonist,SFW,Character,Protagonist with Blade|Protagonist with Katana|Protagonist with Sword,VNDB
tag_ae501c83a1,Swordplay,SFW,Theme,,AniList|Kitsu
tag_262d942d5b,Sybian,NSFW,Sexual,Sybian Saddle,VNDB
tag_28778dc69e,Symbiote / Parasite,SFW,Theme,Mutualism|Parasitism|Symbiosis,VNDB
tag_070ddd5aa4,Syringe,NSFW,Character,syringe|注射器,E-Hentai|NHentai
tag_54b5307254,System,SFW,Theme,Game System|Status Screen|Status Window,ManhwaTaxonomy
tag_4dcf79a953,System Time Events,SFW,Format,Real Date Referral,VNDB
tag_8a0d339b5b,Tabi Socks,NSFW,Appearance,tabi socks|足袋,E-Hentai
tag_4518d9a785,Table Masturbation,NSFW,Acts,table masturbation|桌角自慰,E-Hentai|NHentai
tag_2db1f3816b,Table Tennis,SFW,Theme,,AniList
tag_7c70e708a5,Tactician Heroine,SFW,Character,Chessmaster Heroine|Planner Heroine|Strategist Heroine,VNDB
tag_e0502e01c1,Tactician Protagonist,SFW,Character,Chessmaster Protagonist|Planner Protagonist|Strategist Protagonist,VNDB
tag_d317f92227,Tactician Support Character,SFW,Theme,Chessmaster|Planner|Strategist,VNDB
tag_7aea2552df,Tail,NSFW,Body,tail|尾巴,E-Hentai|NHentai
tag_8f1af6483b,Tail Plug,NSFW,Body,tail plug|尾塞,E-Hentai|NHentai
tag_2fc185ad9f,Tailjob,NSFW,Body,Appendagejob|Rootjob|Tentaclejob|tailjob|尾交,E-Hentai|NHentai|VNDB
tag_9ac466b91d,Tailphagia,NSFW,Body,tailphagia|尾巴吞食,E-Hentai|NHentai
tag_241fa20289,Taishou Era,SFW,Theme,Taishou Jidai|Taishou Period|Taishō Era|Taishō Jidai|Taishō Period|大正時代,VNDB
tag_fce2455bea,Talking Animal,SFW,Theme,speaking animal,VNDB
tag_696f817824,Talking Object,SFW,Theme,Talking Artifact|Talking Item,VNDB
tag_87a8ffe750,Tall Girl,NSFW,Body,tall girl|高个女,E-Hentai|NHentai
tag_33d277c673,Tall Hero,SFW,Character,,VNDB
tag_fc60dc45b9,Tall Heroine,SFW,Character,,VNDB
tag_cfbcdf9373,Tall Man,NSFW,Body,tall man|高个男,E-Hentai|NHentai
tag_cd27c21a79,Tanabata,SFW,Theme,Star Festival|たなばた|七夕|星祭り,VNDB
tag_7bb63cc3f2,Tang Clan,SFW,Setting,Poison Clan|Sichuan Tang Clan,ManhwaTaxonomy
tag_4306b6df02,Tankoubon,NSFW,Sexual,tankoubon|单行本,E-Hentai|NHentai
tag_03d810e18c,Tanks,SFW,Theme,,AniList
tag_36677b8f4e,Tanlines,NSFW,Character,tanlines|晒痕,E-Hentai|NHentai
tag_4610c2087d,Tanned Skin,SFW,Theme,,AniList
tag_2209c92912,Target Demographics,SFW,Theme,target demographics,Kitsu
tag_ad8aced47e,Tarot Cards,SFW,Theme,,VNDB
tag_8d78838543,Teacher,SFW,Character,teacher|教师,AniList|E-Hentai|NHentai
tag_cefc670bfb,Teacher Hero,SFW,Character,,VNDB
tag_3a4162ea67,Teacher Heroine,SFW,Character,Sensei Heroine,VNDB
tag_123ab12b9e,Teacher of Magic Protagonist,SFW,Character,,VNDB
tag_81f6e40d70,Teacher Protagonist,SFW,Character,Sensei Protagonist,VNDB
tag_3eadb32e2c,Teacher Support Character,SFW,Theme,,VNDB
tag_f2ccf3fbf2,Technician Hero,SFW,Character,Mechanic Hero,VNDB
tag_d3ba39fd15,Technician Heroine,SFW,Character,Mechanic Heroine,VNDB
tag_ef7fe980c2,Technician Protagonist,SFW,Character,Mechanic Protagonist,VNDB
tag_44fdfd6b77,Temple,SFW,Theme,,VNDB
tag_1fbfb23351,Tennis,SFW,Theme,,AniList|Kitsu|VNDB
tag_bb0b7d0679,Tennis Club,SFW,Theme,,VNDB
tag_877ffe9faf,Tennis no Ouji-sama,SFW,Theme,Shin Tennis no Ouji-sama|The New Prince of Tennis|The Prince of Tennis|tennis no ouji sama|テニスの王子様|新テニスの王子様,VNDB
tag_df393fba39,Tentacle,SFW,Theme,,Kitsu
tag_fc13e492c8,Tentacle Blowjob,NSFW,Fetish,Tentacle Mouth Fuck,VNDB
tag_571035c9f9,Tentacle Rape,NSFW,Fetish,,VNDB
tag_de6ad1cd52,Tentacles,NSFW,Fetish,tentacles|触手,AniList|E-Hentai|NHentai
tag_1b01d22cef,Tentacles on Male,NSFW,Fetish,Tentacles on Man,VNDB
tag_8d5255b953,Terminal Illness,SFW,Theme,,VNDB
tag_1b0471fb57,Terrorism,SFW,Theme,Terrorists,AniList|VNDB
tag_e383dd8aec,Terrorized by Monsters,SFW,Theme,,VNDB
tag_800e4637bb,Text-only Sexual Content,NSFW,Acts,Text-only eroscenes|text only sexual content,VNDB
tag_135978bbc1,Text-only Sexual Content Only,NSFW,Acts,text only sexual content only,VNDB
tag_59dd067e09,Text Parser,SFW,Format,コマンド入力式ADV,VNDB
tag_e00ce4c95e,Text Progression With Mouse Only,SFW,Format,No Keyboard Allowed For Text Progression,VNDB
tag_29fc2df1cf,Text to Speech Voices,SFW,Format,AI-generated Voice Acting|Artificial Voices|Synthetic Voices|Voice Acting using UTAU|Voice Acting using Vocaloid,VNDB
tag_7ec7e6b76a,Texts,SFW,Format,,VNDB
tag_7bbe27c268,The Arts,SFW,Theme,the arts,Kitsu
tag_32268d8da2,The Holiday Season,SFW,Theme,Christmas Season|New Year Celebration|X-Mas,VNDB
tag_cb1ee4a809,The Idolmaster,SFW,Theme,THE iDOLM@STER|アイドルマスター,VNDB
tag_223d238fd3,The King of Fighters,SFW,Theme,KOF|ケーオーエフ|ザ・キング・オブ・ファイターズ,VNDB
tag_333e34cca9,The Seven Deadly Sins,SFW,Theme,The Seven Capital Vices|The Seven Cardinal Sins,VNDB
tag_a07f92d5c3,The Seven School Mysteries,SFW,Setting,Aka Manto|Gakkou no Kaidan|Gakkou no Nanafushigi|Gakuen Nanafushigi|Hanako of the Toilet|Haunted School|Red Cape|Red Cloak|Red Mantle|Red Paper Blue Paper|School Ghost Stories|School Kaidan|Teke Teke|The 13th Step|The 7 School Mysteries|The Seven Mysteries|The Seven School Wonders|Toire no Hanako-san|テケテケ|トイレの花子さん|学園七不思議|学校の七不思議|学校の怪談|赤い紙、青い紙|赤マント|魔の13階段,VNDB
tag_5827264e8d,Theater,SFW,Theme,Theatre,VNDB
tag_f484570d7c,Theme,SFW,Theme,Story Elements,VNDB
tag_12f8105937,Themeless,NSFW,Sexual,themeless|无主题,E-Hentai|NHentai
tag_fe021943dc,Themes,SFW,Theme,,Kitsu
tag_e414e6c20a,Thick Eyebrows,NSFW,Character,thick eyebrows|浓眉,E-Hentai|NHentai
tag_7bcf8389f2,Thief Hero,SFW,Character,Burglar Hero|Robber Hero,VNDB
tag_23c99fe511,Thief Heroine,SFW,Character,Burglar Heroine|Robber Heroine,VNDB
tag_f56acb0554,Thief Protagonist,SFW,Character,Burglar Protagonist|Robber Protagonist,VNDB
tag_012a694b3c,Thievery,SFW,Theme,,Kitsu
tag_3f4cad93d3,Thigh High Boots,NSFW,Body,thigh high boots|高筒靴,E-Hentai|NHentai
tag_9b720f2918,Third-person Narrative,SFW,Format,Third-person View|third person narrative,VNDB
tag_cc58a0708f,Three Kingdoms,SFW,Theme,Romance of the Three Kingdoms|Set in the Three Kingdoms Period|Three Kingdoms Period|three kingdoms,Kitsu|VNDB
tag_912897db01,Threesome,NSFW,Relationship,Three Way,VNDB
tag_77c1ae517f,Threesome Ending,SFW,Format,,VNDB
tag_2115cf7e03,Thriller,SFW,Genre,,CinemaTaxonomy|Kitsu|MangaDex|VNDB
tag_4600bb8b66,Tiara,NSFW,Character,tiara|宝冠,E-Hentai|NHentai
tag_a152418e79,Tickle Torture,NSFW,Paraphilic/Fetish,Tickling,VNDB
tag_8e56dcc9f1,Tickling,NSFW,Character,tickling|挠痒,E-Hentai|NHentai
tag_43b9092040,Tiger,NSFW,Character,tiger|虎🐅,E-Hentai|NHentai
tag_2f43169344,Tiger and Bunny,SFW,Theme,,VNDB
tag_08fa5994bf,Tiger Cosplay,SFW,Theme,Tiger Costume Roleplay,VNDB
tag_58a02d1c85,Tights,NSFW,Character,tights|厚连裤袜,E-Hentai|NHentai
tag_cd10d4417d,Tile Matching,SFW,Format,Match 3|Tetris Game,VNDB
tag_110aa73d98,Time Jump,SFW,Theme,Time Skip,VNDB
tag_459db7a758,Time Loop,SFW,Story,Endless Loop|Groundhog Day|Temporal Loop,AniList|ManhwaTaxonomy|VNDB
tag_00801af88f,Time Manipulation,SFW,Theme,,AniList
tag_b98a6fc93e,Time Period,SFW,Theme,,VNDB
tag_03e2fe82a8,Time Skip,SFW,Theme,,AniList
tag_480120640e,Time Stop,NSFW,Sexual,Stopping time|time stop|时间停止⏱️,E-Hentai|NHentai|VNDB
tag_e400738e03,Time Travel,SFW,Story,time travel,Kitsu|MangaDex|VNDB
tag_12f0b3ca43,Timed Choices,SFW,Format,Time Limit on Choices,VNDB
tag_2fc88a5088,Timid Hero,SFW,Character,,VNDB
tag_c5ccd6e10f,Timid Heroine,SFW,Character,,VNDB
tag_bab9196131,Timid Protagonist,SFW,Character,,VNDB
tag_52c76eb019,Title Parody,SFW,Format,Parody Title|Takeoff Title,VNDB
tag_21d93f3797,To Love Ru,SFW,Theme,To LOVEる -とらぶる-|とらぶる|出包王女,VNDB
tag_c309e5ec43,Toddlercon,NSFW,Character,toddlercon|幼儿|幼女,E-Hentai
tag_7b20c14a11,Tokugawa Period,SFW,Theme,tokugawa period,Kitsu
tag_f2772d3e3b,Tokusatsu,SFW,Theme,,AniList
tag_ef0cc10ff4,Tokyo,SFW,Theme,,Kitsu
tag_dc6dd4e931,Tomboy,SFW,Character,tomboy|假小子,AniList|E-Hentai|NHentai
tag_f394f47224,Tomboy Heroine,SFW,Character,Boyish Heroine,VNDB
tag_ddf279de2b,Tomboy Protagonist,SFW,Character,Boyish Protagonist,VNDB
tag_ba3006864c,Tomgirl,NSFW,Character,tomgirl|伪娘,E-Hentai|NHentai
tag_5bcc0f5e9e,Tone Changes,SFW,Theme,tone changes,Kitsu
tag_6e74018695,Tongue Piercing,SFW,Theme,,VNDB
tag_eb78e62374,Tooth Brushing,NSFW,Character,tooth brushing|刷牙,E-Hentai|NHentai
tag_102ec82770,Torture,NSFW,Paraphilic/Fetish,torture|拷打,AniList|E-Hentai|NHentai|VNDB
tag_11dfca1988,Torture Chamber,SFW,Theme,dungeon|oubliette|torture cell,VNDB
tag_f8b134c9e5,Touhou,SFW,Theme,,VNDB
tag_84383122d3,Touken Ranbu,SFW,Theme,,VNDB
tag_8df358eebb,Tournament,SFW,Theme,,VNDB
tag_d0fe850e4c,Tower Climbing,SFW,Setting,The Tower|Tower of Trials,ManhwaTaxonomy
tag_a3753ab734,Tower Defense,SFW,Format,,VNDB
tag_2ef4e0c181,Track Display,SFW,Format,In-Game BGM Names,VNDB
tag_10aeef167a,Tracksuit,NSFW,Appearance,tracksuit|运动服,E-Hentai|NHentai
tag_bf6960ba15,Trade Simulation,SFW,Format,Business Simulation|Economic Simulation,VNDB
tag_193fce4489,Traditional Games,SFW,Theme,,MangaDex
tag_49f3836d25,Traditionalist Family,SFW,Theme,,VNDB
tag_21c3a46e06,Tragedy,SFW,Genre,,AniList|MangaDex|MangaUpdates
tag_4e41c4d7e9,Training Camp,SFW,Theme,Athlete Training Camp|Sports Bootcamp|Sports Training Camp,VNDB
tag_5083eaa1a1,Trains,SFW,Theme,,AniList|VNDB
tag_7aa68e3565,Trampling,NSFW,Sexual,Walk Over Someone's Body|trampling|践踏,E-Hentai|NHentai|VNDB
tag_432ce933d3,Trans Woman on Female,NSFW,Sexual,MtF Transsexual on Female|Tgirl on Female|Transwoman on Woman,VNDB
tag_881b011724,Trans Woman on Male,NSFW,Sexual,MtF Transsexual on Male|Tgirl on Male,VNDB
tag_113d68a03c,Trans Woman on Trans Woman,NSFW,Sexual,MtF Transsexual on MtF Transsexual|Tgirl on Tgirl,VNDB
tag_b01bd32ac2,Transfer Student Hero,SFW,Character,,VNDB
tag_56553c5d81,Transfer Student Heroine,SFW,Character,,VNDB
tag_b7ab26fcba,Transfer Student Protagonist,SFW,Character,,VNDB
tag_3935f8feee,Transformation,NSFW,Character,transformation|变身,E-Hentai|NHentai
tag_fbe8aa8bf1,Transformation Sequence(s),SFW,Format,Henshin,VNDB
tag_ef9693a19b,Transforming Craft,SFW,Theme,transforming craft,Kitsu
tag_54019aca4b,Transgender,SFW,Theme,,AniList
tag_9c4dca8baf,Transgender Characters,SFW,Theme,Transsexual Characters,VNDB
tag_85818d502e,Transgender Hero,SFW,Character,Transsexual Hero,VNDB
tag_3f9289070d,Transgender Heroine,SFW,Character,Transsexual Heroine,VNDB
tag_03abe6d0c6,Transgender Protagonist,SFW,Character,Transsexual Protagonist,VNDB
tag_1f97f76316,Transgender Support Character,SFW,Theme,Trans Support Character|Transsexual Support Character,VNDB
tag_b6745e6969,Transhumanism,SFW,Theme,,VNDB
tag_09098a2045,Transmigration,SFW,Story,Body Possession|Soul Transmigration,ManhwaTaxonomy
tag_0c28bdac68,Transparent Clothing,NSFW,Character,transparent clothing|透明服装,E-Hentai|NHentai
tag_dfec9eb8d6,Trap Heroine,SFW,Character,Boy Cross-dressing as a Heroine|Cross-dressing Hero|Otoko no Ko Heroine|Otokonoko Heroine|男の娘 Heroine,VNDB
tag_73d99fba24,Trap on Female,NSFW,Sexual,Cross-dressing Male on Female|Femboy on Female|Josou Seme on Female|Otokonoko on Female|Sissy on Female|Straight Trapdom|Tomgirl on Female|男の娘 on Female,VNDB
tag_30975485ca,Trap on Male,NSFW,Sexual,Cross-dressing Male on Male|Femboy on Male|Otoko no Ko on Male|Otokonoko on Male|Sissy on Male|Tomgirl on Male|Trapdom|男の娘 on Male,VNDB
tag_04034e84cd,Trap Protagonist,SFW,Character,Cross-dressing Male Protagonist|Femboy Protagonist|Otoko no Ko Protagonist|Otokonoko Protagonist|Sissy Protagonist|Tomgirl Protagonist|男の娘 Protagonist,VNDB
tag_832505ee1d,Trap Support Character,SFW,Theme,Boy Cross-dressing as a Girl Side Character|Boy Cross-dressing as a Girl Support Character|Cross-Dressing Male Side Character|Cross-dressing Male Support Character|Femboy Side Character|Otoko no Ko Side Character|Otoko no Ko Support Character|Otokonoko Side Character|Otokonoko Support Character|Sissy Side Character|Tomgirl Side Character|Trap Side Character|男の娘 Side Character|男の娘 Support Character,VNDB
tag_69266c67e7,Travel,SFW,Theme,,AniList
tag_d7d9dcdb04,Traveler Protagonist,SFW,Character,Drifter|Traveller,VNDB
tag_d59260937f,Traveller Hero,SFW,Character,Traveler Hero,VNDB
tag_f888b17e51,Treasure Hunting,SFW,Theme,,VNDB
tag_c4ef2f5d76,Triad,SFW,Theme,Chinese Mafia,VNDB
tag_ff67764a87,Triads,SFW,Theme,,AniList
tag_31089fb1cf,Tribadism,NSFW,Sexual,Scissoring|Tribbing|tribadism|贝合,E-Hentai|NHentai|VNDB
tag_8e1116461e,Tribadism on Penis,NSFW,Body,,VNDB
tag_dd282e2872,Triple Anal,NSFW,Acts,triple anal|三插肛门,E-Hentai|NHentai
tag_3f9d8d357d,Triple Blowjob,NSFW,Sexual,Triple Fellatio,VNDB
tag_5d911f2538,Triple Boobjob,NSFW,Sexual,Triple Paizuri|Triple Titfuck,VNDB
tag_89676db45b,Triple Footjob,NSFW,Sexual,Triple FJ,VNDB
tag_22628a9e6d,Triple Handjob,NSFW,Acts,,VNDB
tag_8a44586650,Triple Penetration,NSFW,Character,triple penetration|三重插入,E-Hentai|NHentai
tag_42d98c0b95,Triple Vaginal,NSFW,Body,triple vaginal|三插阴道,E-Hentai|NHentai
tag_4a193565da,Triple+ Buttjob,NSFW,Sexual,Triple Assjob,VNDB
tag_2ac21c437b,Triplet+ Heroines,SFW,Character,Triplet Heroines|Triplets as Heroines,VNDB
tag_607c3117dc,Triplets as Support Characters,SFW,Theme,,VNDB
tag_e08bb50d09,True End Death of Protagonist,SFW,Character,,VNDB
tag_23a8e08847,Tsukkomi Hero,SFW,Character,,VNDB
tag_5d51906c09,Tsukkomi Heroine,SFW,Character,,VNDB
tag_0e74ca24fc,Tsukkomi Protagonist,SFW,Character,,VNDB
tag_67cdf1f23d,Tsundere,SFW,Personality,,AniList
tag_4f402dbc06,Tsundere Hero,SFW,Character,,VNDB
tag_299070e4bb,Tsundere Heroine,SFW,Character,,VNDB
tag_79f79c4e88,Tsundere Protagonist,SFW,Character,,VNDB
tag_11839ac09b,Ttf Threesome,NSFW,Relationship,ttf threesome|扶女扶3P,E-Hentai|NHentai
tag_793981f35d,Ttm Threesome,NSFW,Relationship,ttm threesome|扶扶男3P,E-Hentai|NHentai
tag_bb47e569de,Ttt Threesome,NSFW,Relationship,ttt threesome|扶3P,E-Hentai|NHentai
tag_91c366db3d,Tube,NSFW,Character,tube|插管,E-Hentai|NHentai
tag_a2a57d9501,Turn-Based Strategy,SFW,Format,TBS|turn based strategy,VNDB
tag_c017aea78a,Turn-Based Tactics,SFW,Theme,turn based tactics,VNDB
tag_d4705b9f42,Turtle,NSFW,Character,turtle|龟🐢,E-Hentai
tag_1f6f42334e,Tutor,NSFW,Character,tutor|家庭教师,E-Hentai|NHentai
tag_ba49cd23e7,Tutor Protagonist,SFW,Character,Private Teacher Protagonist,VNDB
tag_f8c77d0057,TV Movie,SFW,Format,,CinemaTaxonomy
tag_2cf220486e,Twin Bellyjob,NSFW,Sexual,,VNDB
tag_792c248bf8,Twin Blowjob,NSFW,Sexual,Double Blowjob|Double Fellatio|Dual Fellatio|Dual blowjob|Twin Fellatio,VNDB
tag_49e7622288,Twin Boobjob,NSFW,Sexual,Titfuck Sandwich|double Paizuri|double Titfuck|double boobjob|paizuri sandwich|twin Titfuck|twin paizuri,VNDB
tag_be25a826c9,Twin Brothers as Heroes,SFW,Character,Hero Twin Brothers|Twin Brother Heroes|Twin Heroes,VNDB
tag_ef71195574,Twin Buttjob,NSFW,Sexual,Double Assjob|Double Buttjob|Twin Assjob,VNDB
tag_48595fc5c5,Twin Footjob,NSFW,Sexual,Double Footjob|Twin FJ,VNDB
tag_6e9415a0c9,Twin Handjob,NSFW,Acts,,VNDB
tag_078c4f4b62,Twin Sister Support Character,SFW,Theme,,VNDB
tag_2fe96cc2fe,Twin Sisters as Heroines,SFW,Character,Heroine Twin Sisters|Twin Heroines|Twin Sister Heroines,VNDB
tag_748a319b03,Twin Tail Hero,SFW,Character,Hero with Bunches|Hero with Pigtails|Hero with Twintails,VNDB
tag_1d9dee6516,Twin Tail Heroine,SFW,Character,Heroine with Bunches|Heroine with Pigtails|Heroine with Twintails,VNDB
tag_a673e86762,Twin Tail Protagonist,SFW,Character,Protagonist with Bunches|Protagonist with Pigtails|Protagonist with Twintails,VNDB
tag_90adfccb23,Twin+ Bodyjob,NSFW,Body,Group (4+) Bodyjob|Group Bodyjob|Quadrouple Bodyjob|Quintuple Bodyjob|Twin Bodyjob,VNDB
tag_42c12de443,Twin+ Legjob,NSFW,Sexual,Double Legjob|Group Legjob|Triple Legjob|Twin Legjob,VNDB
tag_fc57adafce,Twincest,NSFW,Relationship,Incest between twins|Triplet Incest|Twin Incest|Twin sex,VNDB
tag_9275efa86a,Twins,SFW,Character,twins|双胞胎,AniList|E-Hentai|NHentai
tag_d1cf6c9d0c,Twins as Support Characters,SFW,Theme,,VNDB
tag_e36598baee,Twintails,NSFW,Body,twintails|双马尾,E-Hentai|NHentai
tag_b73c2d2276,Twitter,SFW,Format,,VNDB
tag_599dcce299,Type,SFW,Format,,VNDB
tag_d1bc24ee61,Typing Game,SFW,Theme,mecanography,VNDB
tag_af4596a7c9,Tyrant Emperor,SFW,Character,Cruel Emperor|Tyrant,ManhwaTaxonomy
tag_877cda1173,Ugly Protagonist,SFW,Character,Grotesque-looking Protagonist|Repulsive Protagonist|Unattractive Protagonist,VNDB
tag_5b0919c067,Uke Protagonist,NSFW,Sexual,,VNDB
tag_4b0f155922,Ukraine,SFW,Theme,Україна,VNDB
tag_b354714837,Unarmed Combat,SFW,Theme,Hand-to-hand Combat|Unarmed Martial Arts Combat,VNDB
tag_5f93c127d9,Unarmed Fighting Heroine,SFW,Character,,VNDB
tag_0fda007e5e,Unavoidable Harem Ending,SFW,Format,,VNDB
tag_16a855f32e,Unavoidable Hero Death,SFW,Character,Unavoidable Death of a Hero,VNDB
tag_416b9089b9,Unavoidable Hero Rape,NSFW,Situation,,VNDB
tag_61279aad8c,Unavoidable Hero Rape by the Protagonist,NSFW,Situation,,VNDB
tag_6d1b36cfab,Unavoidable Heroine Death,SFW,Character,Unavoidable Death of a Heroine,VNDB
tag_704b85b39d,Unavoidable Heroine Rape,NSFW,Situation,,VNDB
tag_1cc4f929dd,Unavoidable Heroine Rape by Others,NSFW,Situation,Unavoidable Heroine Rape by Non-Protagonist,VNDB
tag_ea1c662306,Unavoidable Heroine Rape by the Protagonist,NSFW,Situation,,VNDB
tag_93656a9229,Unavoidable Netorare,NSFW,Fetish,Unavoidable NTR,VNDB
tag_0e7f882a1d,Unavoidable Protagonist Death,SFW,Character,Unavoidable Death of the Protagonist,VNDB
tag_a2bc4abf3f,Unavoidable Protagonist Rape,NSFW,Situation,,VNDB
tag_0f62c2456d,Unavoidable Rape,NSFW,Situation,,VNDB
tag_b664b21064,Unavoidable Rape by Others,NSFW,Situation,Unavoidable Rape by Non-Protagonist,VNDB
tag_84a84fd13b,Unavoidable Rape by the Protagonist,NSFW,Situation,,VNDB
tag_713c5e903f,Unbeknown Incest,NSFW,Relationship,Deceitful Incest,VNDB
tag_ca88300692,Unbirth,NSFW,Sexual,Head Insertion|Partial Unbirth|Vaginal Vore|unbirth|入阴,E-Hentai|NHentai|VNDB
tag_d05cfc46d7,Uncensored,NSFW,Sexual,uncensored|无修正,E-Hentai|NHentai
tag_18486728d1,Uncle,NSFW,Character,uncle|叔叔,E-Hentai|NHentai
tag_e81d0b6ecd,Uncle/Nephew Incest,NSFW,Relationship,,VNDB
tag_719ba8e817,Uncle/Niece Incest,NSFW,Relationship,,VNDB
tag_b6fe662fc8,Uncredited Voice Acting,SFW,Format,Nameless Voice Actors|Unknown Voice Actors,VNDB
tag_7534222f8f,Undead,SFW,Theme,,VNDB
tag_c945138581,Undead Hero,SFW,Character,,VNDB
tag_b723ddc239,Undead Heroine,SFW,Character,,VNDB
tag_81275e4b49,Undead Protagonist,SFW,Character,,VNDB
tag_205409a502,Under the Same Roof,SFW,Theme,Doukyo|Dousei|Living Together|Sharing a Home,VNDB
tag_959c83618a,Underground,SFW,Theme,Subterranea,VNDB
tag_28390b10ea,Underwater,NSFW,Sexual,Subaquatic|underwater,NHentai|VNDB
tag_8b5d6d2e9b,Underwater Sex,NSFW,Acts,underwater sex|水下,E-Hentai
tag_debcabfd42,Underweight Heroine,SFW,Character,Skinny Heroine|Thin Heroine,VNDB
tag_26b47461aa,Underworld,SFW,Theme,Hell|Netherworld,VNDB
tag_b54d556ecf,Unenthusiastic Sex,NSFW,Acts,Emotionless Sex|Indifferent Sex,VNDB
tag_1abcb33bee,Unicorn,NSFW,Character,unicorn|独角兽🦄,E-Hentai|NHentai|VNDB
tag_27d247e9a4,Unique Routes,SFW,Format,Different Routes|Separate Routes,VNDB
tag_9cdc126f68,United Kingdom,SFW,Theme,united kingdom,Kitsu
tag_152649df34,United States,SFW,Theme,united states,Kitsu
tag_7d9a0d11cb,Universe,SFW,Theme,,VNDB
tag_10238d6114,University,SFW,Theme,,Kitsu|VNDB
tag_45fb7f6f78,University Student,SFW,Theme,,VNDB
tag_7ec43d9239,University Student Hero,SFW,Character,College Student Hero,VNDB
tag_3e13697b1d,University Student Heroine,SFW,Character,College Student Heroine,VNDB
tag_74b2d55034,University Student Protagonist,SFW,Character,College Student Protagonist,VNDB
tag_49ddd4124d,University Teacher Hero,SFW,Character,College Teacher Hero|Lecturer Hero|Professor Hero,VNDB
tag_751a673536,University Teacher Heroine,SFW,Character,College Teacher Heroine|Lecturer Heroine|Professor Heroine,VNDB
tag_9f24157797,University Teacher Protagonist,SFW,Character,College Teacher Protagonist|Lecturer Protagonist|Professor Protagonist,VNDB
tag_f15ba00f2e,Unknown Gender Protagonist,SFW,Character,,VNDB
tag_dc87fee7ec,Unlock All Scenes Option,SFW,Format,All CG Unlock Option|All Scenes Unlock Option|Unlock All CGs Option,VNDB
tag_79c292c2ef,Unlockable Bonus Content,SFW,Format,Extra Materials,VNDB
tag_ad47221b29,Unlockable Choices,SFW,Format,,VNDB
tag_0f79e68378,Unlockable Concept Art,SFW,Format,,VNDB
tag_cb8231b4a1,Unlockable Epilogue,SFW,Format,Unlockable Afterstories|Unlockable Epilog,VNDB
tag_095afca0f5,Unlockable Event,SFW,Format,Extra event|Unlockable scene,VNDB
tag_0dad877bc5,Unlockable Fighters,SFW,Format,Bonus Fighters|Hidden Fighters|New Fighters|Secret Fighters,VNDB
tag_6e2e2e49b4,Unlockable Gallery,SFW,Format,Hidden gallery|Hidden recollection|Unlockable recollection,VNDB
tag_716dd255e1,Unlockable Harem Ending,SFW,Format,,VNDB
tag_8cc57ef206,Unlockable Hero(ine),SFW,Format,Hidden Hero|Hidden Heroine|Secret Hero|Secret Heroine|Unlockable Hero|Unlockable Heroine,VNDB
tag_6295e34b1c,Unlockable Prologue,SFW,Format,Unlockable Prolog,VNDB
tag_e086642e99,Unlockable Protagonist,SFW,Format,,VNDB
tag_18ae9bccb8,Unlockable Routes,SFW,Format,New routes accessible|Route unlocked,VNDB
tag_40cd1ff560,Unlockable Sexual Content,NSFW,Acts,,VNDB
tag_ac88a616d3,Unnamed Hero,SFW,Character,Hero With No Name,VNDB
tag_9e25f8ab1a,Unnamed Heroine,SFW,Character,Heroine With No Name,VNDB
tag_9f21094c3b,Unnamed Protagonist,SFW,Character,Protagonist With No Name,VNDB
tag_2855185f52,Unoriginal Graphics,SFW,Format,Repurposed Art|Unoriginal Background|Unoriginal Sprites,VNDB
tag_0566b6a37e,Unoriginal Soundtrack,SFW,Format,Licensed Music|Music Downloaded from Internet|Placeholder Music|Public Domain Music,VNDB
tag_2d7a3164ab,Unoriginal Voice Acting,SFW,Format,,VNDB
tag_40b6cba39c,Unreliable Narrator,SFW,Format,,VNDB
tag_9e4ff8ce15,Unrequited Love,SFW,Theme,kataomoi|one-sided love|unrequited love,AniList|Kitsu|VNDB
tag_b07eae964f,Unusual Insertions,NSFW,Character,unusual insertions|异物插入,E-Hentai|NHentai
tag_56a08c8aef,Unusual Pupils,NSFW,Character,unusual pupils|异瞳,E-Hentai|NHentai
tag_e6ce737208,Unusual Teeth,NSFW,Character,unusual teeth|异齿,E-Hentai|NHentai
tag_66b67cf48e,Urban,SFW,Theme,,AniList
tag_1d02570fd8,Urban Fantasy,SFW,Genre,Modern Fantasy|Modern Supernatural,AniList|ManhwaTaxonomy|VNDB
tag_79f303f4c4,Urban Legend,SFW,Theme,,VNDB
tag_6e53bbe00c,Urethra Insertion,NSFW,Character,urethra insertion|尿道插入,E-Hentai|NHentai
tag_63aca21af3,Urethral Intercourse,NSFW,Sexual,Urethral Penetration,VNDB
tag_258b9c4c93,Urethral Sounding,NSFW,Sexual,Urethral Play,VNDB
tag_9775c38189,Urination,NSFW,Paraphilic/Fetish,urination|排尿,E-Hentai|NHentai
tag_b3aed5f2f3,Urination Fetish,NSFW,Fetish,Golden Shower|Pee Fetish|Piss Play|Undinism|Urolagnia|Urophilia|Watersports,VNDB
tag_f19f0f47b9,Usagimimi Hero,SFW,Character,,VNDB
tag_434e6b1168,Usamimi Heroine,SFW,Character,Heroine with Bunnygirl Costume|Usagimimi Heroine,VNDB
tag_a6f9ed09be,Used Condoms Exposition,NSFW,Sexual,Condoms (Clothing)|Used Condoms Collection|Used Condoms Display,VNDB
tag_41d8e72b4f,User Interface,SFW,Format,GUI|Interface|UI,VNDB
tag_f58eea2d99,Ushimimi Heroine,SFW,Character,,VNDB
tag_2efa173cf8,Ussr,SFW,Theme,Soviet union|USSR|СССР|Советский союз,VNDB
tag_20f1101112,Utopia,SFW,Theme,,VNDB
tag_399b8f56f1,Utsuge,SFW,Format,Depressing Game|Suicide Enabler|Tragedy,VNDB
tag_fd6066a5ad,Vacbed,NSFW,Character,vacbed|真空床,E-Hentai|NHentai
tag_b2e5bc3529,Vacuum Bed,NSFW,Sexual,Vac Bed|Vacbed,VNDB
tag_b950e19c3a,Vaginal + Anal Fisting,NSFW,Body,Double Fisting|Multiple Fist Penetration|Multiple Fisting Penetration,VNDB
tag_d74a5591dd,Vaginal + Anal Object Insertion,NSFW,Body,Double Object Insertion|Multiple Object Insertion,VNDB
tag_d8c1a21919,Vaginal + Anal Penetration,NSFW,Body,,VNDB
tag_93dbfccacf,Vaginal + Anal Tentacle Penetration,NSFW,Fetish,Anal + Vaginal Tentacle Insertion|Anal + Vaginal Tentacle Penetration|Double Tentacle Penetration|Multiple Tentacle Penetration|Vaginal + Anal Tentacle Insertion,VNDB
tag_d5daf886cb,Vaginal Birth,NSFW,Body,vaginal birth|阴道出产,E-Hentai
tag_4228201cd2,Vaginal Egg Laying,NSFW,Body,Vaginal Oviparity,VNDB
tag_f44099e961,Vaginal Fingering,NSFW,Body,,VNDB
tag_39f4110aeb,Vaginal Fisting,NSFW,Body,,VNDB
tag_7190c74d95,Vaginal Gaping,NSFW,Body,,VNDB
tag_f333051a8f,Vaginal Masturbation,NSFW,Body,Clitoral Masturbation|Clitoris Masturbation|Vagina Masturbation,VNDB
tag_c7c821f68a,Vaginal Multiple Fisting,NSFW,Body,Pussy Multiple Fisting,VNDB
tag_5eb7ca6c70,Vaginal Multiple Objects Insertion,NSFW,Body,,VNDB
tag_88a88494e0,Vaginal Multiple Penetration,NSFW,Body,Pussy Multiple Penetration,VNDB
tag_66d1296ca4,Vaginal Multiple Tentacle Penetration,NSFW,Fetish,Pussy Multiple Tentacle Penetration,VNDB
tag_1033814cb3,Vaginal Object Expulsion,NSFW,Body,Object Expulsion (vaginal)|Vaginal Grapeshot|Vaginal Object Explosion,VNDB
tag_8f4b48ab4d,Vaginal Object Insertion,NSFW,Body,,VNDB
tag_9318c33472,Vaginal Sticker,NSFW,Body,vaginal sticker|阴贴,E-Hentai|NHentai
tag_155124088e,Valentine's Day,SFW,Theme,Saint Valentine's Day|St. Valentines Day,VNDB
tag_67c6167629,Valkyrie Heroine,SFW,Character,valkyr|valkyrja|walkyrie,VNDB
tag_1c020611e3,Vampire,SFW,Character,vampire|吸血鬼🧛‍♀️|吸血鬼🧛‍♂️,AniList|E-Hentai|Kitsu|NHentai|VNDB
tag_e7cc63355a,Vampire Hero,SFW,Character,,VNDB
tag_bf8cf7fcad,Vampire Heroine,SFW,Character,,VNDB
tag_586079f3ba,Vampire Hunter Hero,SFW,Character,,VNDB
tag_e7985735e2,Vampire Hunter Heroine,SFW,Character,,VNDB
tag_a34067c612,Vampire Hunter Protagonist,SFW,Character,,VNDB
tag_13d77e900e,Vampire Protagonist,SFW,Character,,VNDB
tag_156828660a,Vampires,SFW,Theme,,MangaDex
tag_df30a19a6d,Variant Set,NSFW,Sexual,variant set|变体集,E-Hentai|NHentai
tag_e013f54d17,Varied Text Boxes,SFW,Format,Changing Text Boxes,VNDB
tag_e2bf8680d2,Varied Title Screens,SFW,Format,Changing Title Screens|Multiple Title Screens,VNDB
tag_f3cc6fade1,Varying Ending Songs,SFW,Format,,VNDB
tag_56bb5580c0,Vehicles,SFW,Theme,,VNDB
tag_4fe774f543,Vehicular Combat,SFW,Theme,Combat with Vehicles,VNDB
tag_a5717a649d,Venus,SFW,Theme,,VNDB
tag_159bc0b103,Vertically Oriented Text,SFW,Format,tategaki,VNDB
tag_7d16773f80,Very Long Hair,NSFW,Character,very long hair|超长发,E-Hentai|NHentai
tag_4031a0d30b,Veterinarian Heroine,SFW,Character,,VNDB
tag_0b8be91f40,Vibrators,NSFW,Sexual,,VNDB
tag_6ec0610e36,Victorian Period,SFW,Theme,victorian period,Kitsu
tag_2800cc7f2f,Video Games,SFW,Theme,,AniList|MangaDex
tag_5f8f9e33bb,Vietnam,SFW,Theme,Việt Nam,VNDB
tag_f35fbefab1,Vikings,SFW,Theme,,AniList
tag_0a1ec76eb1,Villainess,SFW,Character,Evil Noblewoman|Reincarnated Villainess,AniList|MangaDex|ManhwaTaxonomy
tag_a03587bf6a,Villainous Hero,SFW,Character,Villain Hero,VNDB
tag_cd62f260a2,Villainous Heroine,SFW,Character,Evil Heroine|Villain Heroine,VNDB
tag_e0d1554471,Villainous Protagonist,SFW,Character,Villain Protagonist,VNDB
tag_e2c22f5672,Violence,SFW,Theme,,Kitsu|VNDB
tag_11e9b03adb,Violent Retribution For Accidental Infringement,SFW,Theme,violent retribution for accidental infringement,Kitsu
tag_c34c8b2c24,Virginity,NSFW,Character,virginity|丧失童贞,E-Hentai|NHentai
tag_c6fc1666e5,Virtual Reality,SFW,Setting,Cyberspace|Full Dive|VRMMO|Virtual World|virtual reality,Kitsu|MangaDex|ManhwaTaxonomy|VNDB
tag_1725a5d113,Virtual World,SFW,Theme,,AniList
tag_05dfd75a26,Virtual Youtubers,SFW,Theme,Hololive|Nijisanji|VTubers|VUP,VNDB
tag_f497333e65,Visible Cervix Penetration,NSFW,Acts,Visible Womb Penetration,VNDB
tag_3601c89221,Vocaloid,SFW,Theme,,VNDB
tag_f9dec8b2eb,Voice Acting,SFW,Format,,VNDB
tag_3fe29a13ea,Voice Only Parts,SFW,Format,Textless voiced parts,VNDB
tag_adc1339df6,Voice Saving,SFW,Format,,VNDB
tag_4c5df17102,Voiced Default Name,SFW,Format,Calling by Name|Protagonist Default Name Calling|Voiced Name,VNDB
tag_d17256f152,Voiced Narration,SFW,Format,,VNDB
tag_40ce362a17,Voiced Thoughts,SFW,Format,Voiced Internal Monologue,VNDB
tag_91111fb1f8,Volleyball,SFW,Theme,,AniList|Kitsu|VNDB
tag_5f16b1c41e,Volleyball Club,SFW,Theme,,VNDB
tag_e5f18c6746,Vomit,NSFW,Character,vomit|呕吐🤮,E-Hentai|NHentai
tag_d9118b9976,Vomiting Fetish,NSFW,Fetish,Puke|Throwing Up|emetophila,VNDB
tag_03b45bce68,Vore,NSFW,Paraphilic/Fetish,Vorarephilia|vore|吞食,AniList|E-Hentai|NHentai|VNDB
tag_8563220b48,Voyeurism,NSFW,Sexual,Peeping|voyeurism|偷窥,E-Hentai|Kitsu|NHentai|VNDB
tag_bad34d7ed3,VR Headset Support,SFW,Format,Virtual Realty Headset Support,VNDB
tag_4ff55ca21b,Vtuber,NSFW,Character,VTuber|vtuber|虚拟主播,AniList|E-Hentai|NHentai
tag_f64cff1380,Waiter,NSFW,Character,waiter|男侍者装,E-Hentai|NHentai
tag_faddc9857a,Waiter Hero,SFW,Character,,VNDB
tag_c27e4ac535,Waiting Staff Protagonist,SFW,Character,Waiter Protagonist|Waitress Protagonist,VNDB
tag_9bc7a5c444,Waitress,NSFW,Character,waitress|女侍者装,E-Hentai|Kitsu|NHentai
tag_3ec566c070,Waitress Heroine,SFW,Character,,VNDB
tag_dab93d491c,Wakame Sake,NSFW,Sexual,Drink Alcohol From Naked Body|Seaweed Sake|Wakamezake|わかめ酒,VNDB
tag_05778452f6,Wake-up Sex,NSFW,Acts,wake up sex,VNDB
tag_4ca9d3dcd2,War,SFW,Genre,Military conflict|Warfare,AniList|CinemaTaxonomy|Kitsu|VNDB
tag_562360410e,War Crimes,SFW,Theme,,VNDB
tag_55c50dde84,Watermarked,NSFW,Sexual,watermarked|水印,E-Hentai|NHentai
tag_b5dbb29ab7,Wax Play,NSFW,Sexual,,VNDB
tag_50db43c690,Weak to Strong,SFW,Story,Underdog|Zero to Hero,ManhwaTaxonomy
tag_a0f51a2734,Weak-willed Heroine,SFW,Character,weak willed heroine,VNDB
tag_5672ca520b,Wealthy Hero,SFW,Character,Obocchama Hero|Rich Hero,VNDB
tag_ea1c27155d,Wealthy Protagonist,SFW,Character,Millionaire Protagonist|Rich Protagonist,VNDB
tag_1043d67699,Web Comic,SFW,Format,,MangaDex
tag_507c58acb9,Webtoon,NSFW,Sexual,webtoon|条漫,E-Hentai|NHentai
tag_9e8e734357,Wedding,SFW,Theme,Marriage,VNDB
tag_87d866e787,Weight Gain,NSFW,Character,weight gain|体重增加,E-Hentai|NHentai
tag_bbb3606b5c,Werewolf,SFW,Theme,Lycanthrope|Werewolves|Wolfman,AniList|VNDB
tag_e2fe24e62f,Werewolf Hero,SFW,Character,Garou Hero|Lycanthrope Hero|Wolfman Hero,VNDB
tag_c79e1cabda,Werewolf Heroine,SFW,Character,Lycanthrope Heroine,VNDB
tag_ab779036fe,Werewolf Protagonist,SFW,Character,Garou Protagonist|Lycanthrope Protagonist|Wolfman Protagonist,VNDB
tag_9ad8083997,Western,SFW,Genre,Western Genre|Western Style|Wild West,CinemaTaxonomy|VNDB
tag_d6d98f5b4f,Western Cg,NSFW,Sexual,western cg|西方CG,E-Hentai|NHentai
tag_e88b71fc95,Western Imageset,NSFW,Sexual,western imageset|西方图集,E-Hentai|NHentai
tag_bea1c2ddba,Western Non H,NSFW,Sexual,western non-h|西方无H,E-Hentai|NHentai
tag_cbfdee9a76,Western-style Castle,SFW,Theme,western style castle,VNDB
tag_eb10ce68cb,Western-style Manor,SFW,Theme,Western-style Mansion|western style manor,VNDB
tag_6a45e5f390,Wet and Messy,NSFW,Sexual,Slime Play|Sploshing|WAM,VNDB
tag_4e3acddd85,Wet Clothes,NSFW,Character,wet clothes|湿身,E-Hentai|NHentai
tag_1ebfd5913e,Whale,NSFW,Character,whale|鲸🐋,E-Hentai
tag_9bbd1d394b,Whip,NSFW,Character,whip|鞭打,E-Hentai|NHentai
tag_fac1d0d40f,Whipping,SFW,Theme,Flagellation|Flogging|Lashing,VNDB
tag_d633762364,White Haired Hero,SFW,Character,,VNDB
tag_6ce8bf9053,White Haired Heroine,SFW,Character,,VNDB
tag_037140a3e0,White Haired Protagonist,SFW,Character,,VNDB
tag_c9ad31e574,Widow,NSFW,Character,widow|寡妇,E-Hentai|NHentai
tag_d1fbbf89dd,Widow Heroine,SFW,Character,Miboujin,VNDB
tag_b2c2d7539c,Widow(er) Protagonist,SFW,Character,Widowed Protagonist,VNDB
tag_f6a34310dc,Widower,NSFW,Character,widower|鳏夫,E-Hentai|NHentai
tag_11c14a2aea,Widower Hero,SFW,Character,,VNDB
tag_04a20bd54d,Wilderness,SFW,Theme,,AniList
tag_5a3cc270e3,Wingjob,NSFW,Character,wingjob|翼交,E-Hentai
tag_aa9f3975e1,Wings,NSFW,Body,wings|翅膀,E-Hentai|NHentai
tag_f643227434,Winter,SFW,Theme,Wintertime,VNDB
tag_4bf5348e60,Witch,NSFW,Character,witch|女巫装,AniList|E-Hentai|NHentai
tag_f5e201393e,Witch Hero,SFW,Character,Warlock Hero,VNDB
tag_813919889e,Witch Heroine,SFW,Character,,VNDB
tag_38084a4d21,Witch Protagonist,SFW,Character,Warlock Protagonist,VNDB
tag_bf4397d8b4,Wolf,NSFW,Character,wolf|狼🐺,E-Hentai|NHentai
tag_cc8eeb3a16,Wolf Boy,NSFW,Character,wolf boy|狼男孩,E-Hentai|NHentai
tag_83ac7aed5f,Wolf Girl,NSFW,Character,wolf girl|狼女孩,E-Hentai|NHentai
tag_4cecaff2b3,Wonderland,SFW,Theme,Alice in Wonderland|Fushigi no Kuni,VNDB
tag_e3a8502da5,Wooden Horse,NSFW,Sexual,Spanish Donkey|wooden horse|木马,E-Hentai|NHentai|VNDB
tag_67e92c8765,Work,SFW,Theme,,AniList
tag_287d50d356,Working Life,SFW,Theme,working life,Kitsu
tag_b9f309210a,World of Darkness,SFW,Theme,Changeling: The Dreaming|Demon: The Fallen|Hunter: The Reckoning|Mage: The Ascension|Vampire: The Masquerade|Werewolf: The Apocalypse|Wraith: The Oblivion,VNDB
tag_a84d1d3167,World War I,SFW,Theme,WW1|WWI,VNDB
tag_9fb252e0d5,World War II,SFW,Setting,WW2|World War 2|world war ii,Kitsu|VNDB
tag_6d3f321e4e,Worm,NSFW,Character,worm|蠕虫,E-Hentai|NHentai
tag_a435fd9374,Wormhole,NSFW,Character,wormhole|虫洞,E-Hentai|NHentai
tag_5693e40f83,Wormhole Sex,NSFW,Acts,Portal Sex,VNDB
tag_f1800eb9b7,Wrestling,NSFW,Character,wrestling|摔角,AniList|E-Hentai|Kitsu|NHentai
tag_cc610d0d84,Wrestling (Sport),SFW,Theme,Amateur Wrestling|Professional Wrestling|Wrestling Federation,VNDB
tag_59017267a5,Writer Hero,SFW,Character,Author|Journalist|Novelist|Screenwriter|Scriptwriter,VNDB
tag_40e37e5eb7,Writer Heroine,SFW,Character,Author Heroine|Authoress Heroine,VNDB
tag_950170bfc3,Writer Protagonist,SFW,Character,Author Protagonist,VNDB
tag_1cea5345d2,Writing,SFW,Theme,,AniList
tag_46f363193d,Wudang,SFW,Setting,Wudang Sect,ManhwaTaxonomy
tag_92bc7d3825,Wuxia,SFW,Genre,Martial Heroes,AniList|MangaDex|ManhwaTaxonomy
tag_7774694eae,X-Cross,NSFW,Sexual,Crux Decussata|Saint Andrew's Cross|Saltire Cross|X-Frame|x cross,VNDB
tag_4632ac5f7f,X Ray,NSFW,Character,x-ray|透视,E-Hentai|NHentai
tag_74e07d3ff3,Xianxia,SFW,Genre,Immortal Heroes|Taoist Cultivation,ManhwaTaxonomy
tag_fa25ab152a,Xonix Game,SFW,Format,Qix Game,VNDB
tag_5ac2413066,Xuanhuan,SFW,Genre,Eastern Fantasy|Mysterious Fantasy,ManhwaTaxonomy
tag_906fc44c8e,Yakuza,SFW,Theme,,AniList|VNDB
tag_f4dfc178d9,Yakuza Hero,SFW,Character,,VNDB
tag_ff5c36d989,Yakuza Heroine,SFW,Character,,VNDB
tag_cd9bc2ba9a,Yamato Nadeshiko Heroine,SFW,Character,大和撫子,VNDB
tag_d54370f5c5,Yamato Nadeshiko Protagonist,SFW,Character,大和 撫子,VNDB
tag_04ea2b5ef6,Yandere,SFW,Personality,yandere|病娇,AniList|E-Hentai|NHentai
tag_39a8167acb,Yandere Hero,SFW,Character,,VNDB
tag_9c4dadc550,Yandere Heroine,SFW,Character,,VNDB
tag_cf430f80dd,Yandere Protagonist,SFW,Character,,VNDB
tag_86f49dd188,Yangire Hero,SFW,Character,,VNDB
tag_8d9abea2ab,Yangire Heroine,SFW,Character,,VNDB
tag_d2e9e45ac9,Yaoi,SFW,Relationship,yaoi|男同,E-Hentai|Kitsu|MangaUpdates|NHentai
tag_82f72a5ecc,Yaoi Game Jam,SFW,Format,,VNDB
tag_807659cd88,Yoga,SFW,Theme,,VNDB
tag_6ede967a02,Youkai,SFW,Theme,,AniList|VNDB
tag_f61938b364,Youkai Hero,SFW,Character,Ayakashi,VNDB
tag_8f7b0b7332,Youkai Heroine,SFW,Character,妖怪,VNDB
tag_fad975a316,Youkai Protagonist,SFW,Character,,VNDB
tag_0d312abc27,Yuki-onna Heroine,SFW,Character,Snow girl|Snow woman|Yuki-onna|yuki onna heroine,VNDB
tag_b9e1e5a01b,Yukkuri,NSFW,Sexual,yukkuri|油库里,E-Hentai|NHentai
tag_9491876179,Yuri,SFW,Relationship,yuri|百合,AniList|E-Hentai|MangaUpdates|NHentai
tag_420f32ea10,Yuri Game Jam,SFW,Format,Yuri Jam|Yurijam,VNDB
tag_69c459dd76,Zebra,NSFW,Character,zebra|斑马🦓,E-Hentai
tag_0eda241fc6,Zombie,SFW,Character,zombie|丧尸🧟‍♀️|丧尸🧟‍♂️,AniList|CinemaTaxonomy|E-Hentai|Kitsu|NHentai|VNDB
tag_c2f9013373,Zombie Apocalypse,SFW,Theme,,VNDB
tag_09e9dc6241,Zombie Hero,SFW,Character,,VNDB
tag_f17c37d094,Zombie Heroine,SFW,Character,,VNDB
tag_9f63025bcc,Zombies,SFW,Theme,,MangaDex
